question,response,retrieved_context,retrieve_time_sec,generate_time_sec,precision,recall,f1,correctness,faithfulness,true_abstention
What four characteristics of agility are emphasized by proponents of extreme programming (XP)?,"The four characteristics are communication, simplicity, courage, and feedback.","
[0]
[SECTION]: Modeling the Process and Life Cycle > 2.2 Software Process Models > Agile Methods
[CONTENT]:  - Adaptive software development (ASD) has six basic principles.There is a mission that acts as a guideline, setting out the destination but not prescribing how to get there. Features are viewed as the crux of customer value, so the project is organized around building components to provide the features. Iteration is important, so redoing is as critical is doing; change is embraced, so that a change is viewed not as a correction but as an adjustment to the realities of software development. Fixed delivery times force developers to scope down the requirements essential for each version produced. At the same time, risk is embraced, so that the developers tackle the hardest problems first.
Often, the phrase 'extreme programming' is used to describe the more general concept of agile methods. In fact, XP is a particular form of agile process, with guiding principles that reflect the more general tenets of the agile manifesto. Proponents of XP emphasize four characteristics of agility: communication, simplicity, courage, and feedback. Communication involves  the  continual  interchange  between  customers  and developers. Simplicity encourages developers to select the simplest design or implementation to address the needs of their customers. Courage is described by XP creators as commitment to delivering functionality early and often. Feedback loops are built into the various activities during the development process. For example, programmers work together to give each other feedback on the best way to implement a design, and customers work with developers to perform planning exercises.
These characteristics are embedded in what are known as the twelve facets of XP .


[1]
[SECTION]: Writing the Programs > 7.4 The Programming Process > Whither Programming?
[CONTENT]: As with almost anything, the answer may be 'all things in moderation.' Drobka, Noftz, and Raghu (2004) describe their use of extreme programming on four mission-critical projects. They found that extra steps were needed to adjust extreme programming to the realities of large-scale, mission-critical software. For example, with no architectural guidelines, each programmer had his or her own vision of what the overall architecture should be, and the visions differed considerably.Thus, the high-level architecture document was used as a roadmap to assist the developers in planning. Rather than use prioritized stories, the researchers found it essential to define baseline architectures, using documented scenarios to help describe key abstractions, and to define system boundaries. Finally, documentation was used to assist in communicating among team members. Strict  agile-methods advocates eschew documentation, but Drobke, Noftz, and Raghu found it to be essential. So, too, were design reviews to ensure that the software being built would be maintainable over its likely 30-year life span.
Thus, in the future, programming is likely to be a blend of the good practices that have been advocated for decades and the flexible approaches being espoused by the agile-methods proponents.We will see in Chapter 14 that software engineers are defining a software engineering body of knowledge that describes the information and practices  that  a  good  software  engineer  should  master  in  order  to  produce  high-quality systems.


[2]
[SECTION]: Capturing the Requirements > 4.2 Requirements Elicitation > SIDEBAR 4.2 AGILE REQUIREMENTS MODELING
[CONTENT]: Extreme programming (XP) takes agile requirements processes to the extreme, in that the system is built to the requirements that happen to be defined at the time, with no planning or designing for possible future requirements. Moreover, XP forgoes traditional requirements documentation, and instead encodes the requirements as test cases that the eventual implementation must pass.Berry (2002a) points out that the trade-off for agile methods' flexibility is the difficulty of making changes to the system as requirements are added, deleted, or changed. But there can be additional problems: XP uses test cases to specify requirements, so a poorly written test case can lead to the kinds of misunderstandings described in this chapter.
assumptions  with  which  we  may  not  be  familiar. Likewise, we  as  developers  know about computer solutions, but not always about how possible solutions will affect our customers' business activities.We, too, have our jargon and assumptions, and sometimes we think everyone is speaking the same language, when in fact people have different meanings for the same words. It is only by discussing the requirements with everyone who has a stake in the system, coalescing these different views into a coherent set of requirements, and reviewing these documents with the stakeholders that we all come to an agreement about what the requirements are. (See Sidebar 4.3 for an alternative viewpoint.) If we cannot agree on what the requirements are,then the project is doomed to fail.


[3]
[SECTION]: Modeling the Process and Life Cycle > 2.2 Software Process Models > Agile Methods
[CONTENT]:  - Coding standards: Many observers think of XP and other agile methods as providing an unconstrained environment where anything goes. But in fact XP advocates clear definition of coding standards, to encourage teams to be able to understand and change each other's work. These standards support other practices, such as testing and refactoring. The result should be a body of code that appears to have been written by one person, and is consistent in its approach and expression.
Extreme programming and agile methods are relatively new.The body of evidence for its effectiveness is small but growing. We will revisit many agile methods and concepts, and their empirical evaluation, in later chapters, as we discuss their related activities.
The process models presented in this chapter are only a few of those that are used or discussed. Other process models can be defined and tailored to the needs of the user, customer,and developer.As Sidebar 2.3 notes,we should really capture the development process as a collection of process models, rather than focusing on a single model or view.


[4]
[SECTION]: Preface > CONTENTS AND ORGANIZATION
[CONTENT]: This text is organized in three parts.The first part motivates the reader, explaining why knowledge of software engineering is important to practitioners and researchers alike. Part I also discusses the need for understanding process issues, for making decisions about the degree of 'agility' developers will have, and for doing careful project planning. Part II walks through the major steps of development and maintenance, regardless of the process model used to build the software: eliciting, modeling, and checking the requirements; designing a solution to the problem; writing and testing the code; and turning it over to the customer. Part III focuses on evaluation and improvement. It looks at how we can assess the quality of our processes and products, and how to take steps to improve them.
",2.262,2.978,0.9999999999,1.0,0.99999999995,0.8282510342439988,1.0,1
"According to McCall's quality model, ""Flexibility"" is a key external quality factor. If an architect wants to achieve this factor by minimizing the number of indirectly affected software units when a change occurs, which specific modifiability tactics should be applied to the system's interfaces and coupling? -Required source types: both -Brief reasoning type label: synthesis",The chatbot can't answer this question. Please try again with another question.,"
[0]
[SECTION]: Why Software Engineering? > 1.3 What Is Good Software? > The Quality of the Product
[CONTENT]: We can ask people to name the characteristics of software that contribute to its overall quality, but we are likely to get different answers from each person we ask. This difference occurs because the importance of the characteristics depends on who is analyzing the software. Users judge software to be of high quality if it does what they want in a way that is easy to learn and easy to use. However, sometimes quality and functionality are intertwined; if something is hard to learn or use but its functionality is worth the trouble, then it is still considered to have high quality.
We try  to  measure  software  quality  so  that  we  can  compare  one  product  with another. To do so, we identify those aspects of the system that contribute to its overall quality. Thus, when measuring software quality, users assess such external characteristics as the number of failures and type of failures. For example, they may define failures as minor,major,and catastrophic,and hope that any failures that occur are only minor ones.
The software must also be judged by those who are designing and writing the code and by those who must maintain the programs after they are written.These practitioners tend to look at internal characteristics of the products, sometimes even before the product is delivered to the user. In particular, practitioners often look at numbers and types of faults for evidence of a product's quality (or lack of it). For example, developers track the number of faults found in requirements, design, and code inspections and use them as indicators of the likely quality of the final product.
For this reason, we often build models to relate the user's external view to the developer's internal view of the software. Figure 1.5 is an example of an early quality model built by McCall and his colleagues to show how external quality factors (on the left-hand side) relate to product quality criteria (on the right-hand side). McCall associated each right-hand criterion with a measurement to indicate the degree to which an element of quality was addressed (McCall, Richards, and Walters 1977).We will examine several product quality models in Chapter 12.


[1]
[SECTION]: Why Software Engineering? > 1.3 What Is Good Software? > The Quality of the Product
[CONTENT]: [FIGURE 1.5 McCall's quality model.] 
[FIGURE_DESCRIPTIONS]
[0] Diagram showing a set of labeled rectangular blocks aligned vertically on the left, each connected by arrows to multiple blocks on the right. Left column labels include: Correctness, Reliability, Efficiency, Integrity, Usability, Maintainability, Testability, Flexibility, Portability, Reusability, Interoperability. Right column contains corresponding attributes such as traceability, compliance, consistency, accuracy, error tolerance, resilience, storage efficiency, data integrity, access control, availability, training, communicativeness, simplicity, extensibility, instrumentation, user-facing design, software engineering, management, domain-specific concepts, and dependency relationships. Visual links indicate cross-relations between left-side quality attributes and right-side system properties. The diagram emphasizes quality attributes mapping to system properties, with arrows illustrating dependency and influence relationships. Text appears in standard sans-serif font, left-aligned labels and right-side property terms, suggesting a conceptual model of software quality attributes and their interactions within theory-practice discourse. 



[2]
[SECTION]: Designing the Architecture > 5.5 Achieving Quality Attributes > Business Goals
[CONTENT]: The system may have quality attributes that it is expected to exhibit. In addition, we or our customers may have associated business goals that are important to achieve. The most common of these goals is minimizing the cost of development and the time to market. Such goals can have major effects on our design decisions:
 - Buy vs. build: It is becoming increasingly possible to buy major components. In addition to saving development time, we may actually save money by buying a component rather than paying our employees to build it.A purchased component may also be more reliable, especially if it has a history and has been tested out by other users. On the other hand, using a third-party or existing component places constraints  on  the  rest  of  our  design, with  respect  to  how  the  architecture  is decomposed and what its interfaces to the component look like. It can also make our system vulnerable to the availability of the component's supplier, and can be disastrous if the supplier goes out of business or evolves the component so that it is no longer compatible with our hardware, software, or needs.
 - Initial  development  vs. maintenance  costs: Many of the  architectural  styles  and tactics  that  promote  modifiability  also  increase  a  design's  complexity, and  thus increase the system's cost. Because more than half of a system's total development costs are incurred after the first version is released, we can save money by making our system more modifiable.However,increased complexity may delay the system's initial release. During this delay, we collect no payment for our product, we risk losing market share to our competitors, and we risk our reputation as a reliable
 - software supplier.Thus, for each system that we build, we must evaluate the tradeoff between early delivery and easier maintenance.


[3]
[SECTION]: Designing the Architecture > 5.5 Achieving Quality Attributes
[CONTENT]: In Chapter 4, we saw that software requirements are about more than the proposed system's functionality. Other attributes, such as performance, reliability, and usability, are carefully specified, reflecting the characteristics that users want to see in the products  we  build. As  we  design  our  system, we  want  to  select  architectural  styles  that promote  the  required  quality  attributes. However, architectural  style  offers  only  a coarse-grained solution with generally beneficial properties; there is no assurance that a specific quality attribute is optimized. To assure the support of particular attributes, we use tactics (Bass, Clements, and Kazman 2003): more fine-grained design decisions that can improve how well our design achieves specific quality goals.


[4]
[SECTION]: Designing the Architecture > 5.5 Achieving Quality Attributes > Performance
[CONTENT]: A third tactic is to reduce demand for resources.At first glance, this approach may seem unhelpful, because we may have no control over inputs to our software. However, we can sometimes reduce demand on resources by making our code more efficient. Better yet, in some systems, we may be able to service only a fraction of the inputs we receive. For example, if some of the system inputs are sensor data rather than requests for service, our software may be able to sample inputs at a lower frequency without the system's missing important changes in the sensed environment.
",1.74,4.727,0.9999999999,1.0,0.99999999995,0.022615879290104363,N/A,0
"Based on the work styles framework charting communication against decision-making, what are the two primary defining traits of a Rational Introvert?",Rational introverts avoid emotional decisions and are information gatherers who do not feel comfortable making a decision unless they are convinced that all the facts are at hand.,"
[0]
[SECTION]: Planning and Managing the Project > 3.2 Project Personnel > Work Styles
[CONTENT]: Different people have different preferred styles for interacting with others on the job and for understanding problems that arise in the course of their work. For example, you may prefer to do a detailed analysis of all possible information before making a decision, whereas your colleague may rely on 'gut feeling' for most of his important decisions. You can think of your preferred work style in terms of two components: the way in which your thoughts are communicated and ideas gathered, and the degree to which your emotions affect decision making. When communicating ideas, some people tell others their thoughts, and some people ask for suggestions from others before forming an opinion. Jung (1959) calls the former extroverts and the latter introverts . Clearly, your communication style affects the way you interact with others on a project. Similarly, intuitive people base their decisions on feelings about and emotional reactions to a problem. Others are rational , deciding primarily by examining the facts and carefully considering all options.
We can describe the variety of work styles by considering the graph of Figure 3.10, where communication style forms the horizontal axis and decision style the vertical one.The more extroverted you are, the farther to the right your work style falls on the graph. Similarly, the more emotions play a part in your decisions, the higher up you go. Thus, we can define four basic work styles, corresponding to the four quadrants of the graph. The rational extroverts tend to assert their ideas and not let 'gut feeling' affect their decision making.They tell their colleagues what they want them to know, but they rarely ask for more information before doing so.When reasoning,they rely on logic, not emotion.The rational introverts also avoid emotional decisions, but they are willing to take time to consider all possible courses of action. Rational introverts are information gatherers; they do not feel comfortable making a decision unless they are convinced that all the facts are at hand.


[1]
[SECTION]: Planning and Managing the Project > 3.2 Project Personnel > Work Styles
[CONTENT]: To see how work styles affect interactions on a project, consider several typical staff profiles. Kai, a rational extrovert, judges her colleagues by the results they produce. When making a decision, her top priority is efficiency. Thus, she wants to know only the bottom line. She examines her options and their probable effects, but she does not need to see documents or hear explanations supporting each option. If her time is wasted or her efficiency is hampered in some way, she asserts her authority to regain control of the situation.Thus, Kai is good at making sound decisions quickly.
Marcel, a rational introvert, is very different from his colleague Kai. He judges his peers by how busy they are, and he has little tolerance for those who appear not to be working hard all the time. He is a good worker, admired for the energy he devotes to his work. His reputation as a good worker is very important to him, and he prides himself on being accurate and thorough. He does not like to make decisions without complete information. When asked to make a presentation, Marcel does so only after gathering all relevant information on the subject.
Marcel shares an office with David, an intuitive extrovert. Whereas Marcel will not make a decision without complete knowledge of the situation, David prefers to follow his feelings. Often, he will trust his intuition about a problem, basing his decision on professional judgment rather than a slow, careful analysis of the information at hand. Since he is assertive, David tends to tell the others on his project about his new ideas. He is creative, and he enjoys when others recognize his ideas. David likes to work in an environment where there is a great deal of interaction among the staff members.


[2]
[SECTION]: Planning and Managing the Project > 3.2 Project Personnel > Work Styles
[CONTENT]: In  contrast, intuitive  extroverts base  many  decisions  on  emotional  reactions, tending to want to tell others about them rather than ask for input.They use their intuition to be creative, and they often suggest unusual approaches to solving a problem. The intuitive introvert is creative, too, but applies creativity only after having gathered INTUITIVE sufficient information on which to base a decision. Winston Churchill was an intuitive introvert; when he wanted to learn about an issue, he read every bit of material available that addressed it. He often made his decisions based on how he felt about what he had learned (Manchester 1983).
[FIGURE_DESCRIPTIONS]
[0] Diagram showing a 2x2 grid with axes labeled INTUITIVE vs RATIONAL and INWARD vs OUTWARD, forming four quadrants. The top-left quadrant is labeled INTUITIVE INWARD and includes sublabels: 'Intuitive', 'Introvert', 'Asks others', 'Acknowledges feelings'? The top-right quadrant labeled INTUITIVE OUTEXTROVERT? and contains 'Tells others', 'Acknowledges feelings'. The bottom-left quadrant labeled RATIONAL INTROVERT includes 'Asks others' and 'Decides logically'. The bottom-right quadrant labeled RATIONAL EXTROVERT includes 'Tells others' and 'Decides logically'. Along the top edge there are text cues 'INTUITIVE' on the left and 'WORK styles' on the right. Vertical axis reads from INWARD at bottom to OUTWARD at top, and a separate vertical label 'EXPERT' on the right side of the diagram. The central cross marks likely indicate a personality framework differentiating intuition vs rationality and inward vs outward orientation, presenting a matrix of work styles with associated behaviors. The diagram emphasizes how different combinations influence communication: intuitive vs rational and introvert vs extrovert, with actions like telling others or asking others and the tendency to acknowledge feelings vs decide logically.



[3]
[SECTION]: Planning and Managing the Project > 3.9 What This Chapter Means For You
[CONTENT]: This chapter has introduced you to some of the key concepts in project management, including project planning, cost and schedule estimation, risk management, and team organization.You can make use of this information in many ways, even if you are not a manager. Project planning involves input from all team members, including you, and understanding the planning process and estimation techniques gives you a good idea of how your input will be used to make decisions for the whole team. Also, we have seen how  the  number  of  possible  communication  paths  grows  as  the  size  of  the  team increases.You can take communication into account when you are planning your work and estimating the time it will take you to complete your next task.
We have also seen how communication styles differ and how they affect the way we interact with each other on the job. By understanding your teammates' styles, you can create reports and presentations for them that match their expectations and needs. You can prepare summary information for people with a bottom-line style and offer complete analytical information to those who are rational.
",2.382,9.197,0.9999999999,1.0,0.99999999995,0.1761262162965982,1.0,1
What does refactoring refer to in extreme programming?,"Refactoring refers to revisiting the requirements and design, reformulating them to match new and existing needs. Sometimes refactoring addresses ways to restructure design and code without perturbing the system's external behavior. The refactoring is done in small steps, supported by unit tests and pair programming, with simplicity guiding the effort.","
[0]
[SECTION]: Modeling the Process and Life Cycle > 2.2 Software Process Models > SIDEBAR 2.2 WHEN IS EXTREME TOO EXTREME?
[CONTENT]: A s with most software development approaches, agile methods are not without their critics. For example, Stephens and Rosenberg (2003) point out that many of extreme programming's practices are interdependent, a vulnerability if one of them is modified. To see why, suppose some people are uncomfortable with pair programming. More coordination and documentation may be required to address the shared vision that is missing when people work on their own. Similarly, many developers prefer to do some design before they write code. Scrum addresses this preference by organizing around monthly sprints. Elssamadissy and Schalliol (2002) note that, in extreme programming, requirements are expressed as a set of test cases that must be passed by the software.This approach may cause customer representatives to focus on the test cases instead of the requirements. Because the test cases are a detailed expression of the requirements and may be solution oriented, the emphasis on test cases can distract the representatives from the project's underlying goals and can lead to a situation where the system passes all the tests but is not what the customers thought they were paying for.As we will see in Chapter 5, refactoring may be the Achilles heel of agile methods; it is difficult to rework a software system without degrading its architecture.


[1]
[SECTION]: Modeling the Process and Life Cycle > 2.2 Software Process Models > Agile Methods
[CONTENT]:  - Coding standards: Many observers think of XP and other agile methods as providing an unconstrained environment where anything goes. But in fact XP advocates clear definition of coding standards, to encourage teams to be able to understand and change each other's work. These standards support other practices, such as testing and refactoring. The result should be a body of code that appears to have been written by one person, and is consistent in its approach and expression.
Extreme programming and agile methods are relatively new.The body of evidence for its effectiveness is small but growing. We will revisit many agile methods and concepts, and their empirical evaluation, in later chapters, as we discuss their related activities.
The process models presented in this chapter are only a few of those that are used or discussed. Other process models can be defined and tailored to the needs of the user, customer,and developer.As Sidebar 2.3 notes,we should really capture the development process as a collection of process models, rather than focusing on a single model or view.


[2]
[SECTION]: Designing the Architecture > 5.1 The Design Process > SIDEBAR 5.1 AGILE ARCHITECTURES
[CONTENT]: A bigger problem with agile methods is the need for continuous refactoring.The inherent conflict between an architecture's representing a significant design decision and the need for continuous refactoring means that systems are not refactored as often as they should be. Thomas (2005) calls the refactoring of large, complex systems high-risk 'wizard's work,' particularly when there is a great deal of legacy code containing intricate dependencies.


[3]
[SECTION]: Modeling the Process and Life Cycle > 2.11 Key References > TABLE 2.3 ( continued )
[CONTENT]:  - The  Data  and  Analysis  Centre  for  Software  Engineering  maintains  a  list  of resources about software process at https://www.thedacs.com/databases/url/key/39.
More information about Lai notation is available  in  David Weiss  and  Robert Lai's book, Software Product Line Engineering: A Family-based Software Development Process (Weiss and Lai 1999).
The  University  of  Southern  California's  Center  for  Software  Engineering  has developed a tool to assist you in selecting a process model suitable for your project's requirements and constraints. It can be ftp-ed from ftp://usc.edu/pub/soft_engineering/ demos/pmsa.zip, and more information can be found on the Center's Web site: http:// sunset.usc.edu.
Journals  such  as Software  Process-Improvement  and  Practice have  articles addressing the role of process modeling in software development and maintenance. They also report the highlights of relevant conferences, such as the International Software Process Workshop and the International Conference on Software Engineering. The July/August 2000 issue of IEEE Software focuses on process diversity and has several articles about the success of a process maturity approach to software development.
There are many resources available for learning about agile methods. The Agile Manifesto is posted at http://www.agilealliance.org. Kent Beck's (1999) is the seminal book on extreme programming, and Alistair Cockburn (2002) describes the Crystal family of methodologies. Martin Beck (1999) explains refactoring, which is one of the most difficult steps of XP . Two excellent references on agile methods are Robert C. Martin's  (2003)  book  on  agile  software  development, and  Daniel  H. Steinberg  and Daniel  W. Palmer's  (2004)  book  on  extreme  software  engineering. Two  Web  sites providing additional information about extreme programming  are http://www. xprgramming.com and http://www.extremeprogramming.org.


[4]
[SECTION]: Modeling the Process and Life Cycle > 2.2 Software Process Models > Agile Methods
[CONTENT]:  - Writing tests first: To ensure that the customer's needs are the driving force behind development, test cases are written first, as a way of forcing customers to specify requirements that can be tested and verified once the software is built.Two kinds of tests are used in XP: functional tests that are specified by the customer and executed by both developers and users, and unit tests that are written and run by developers. In XP , functional tests are automated and, ideally, run daily.The functional tests are considered to be part of the system specification. Unit tests are written both before and after coding, to verify that each modular portion of the implementation works as designed.Both functional and unit testing are described in more detail in Chapter 8.
 - Refactoring: As  the  system  is  built, it  is  likely  that  requirements  will  change. Because  a  major  characteristic  of  XP  philosophy  is  to  design  only  to  current requirements, it is often the case that new requirements force the developers to reconsider their existing design. Refactoring refers to revisiting the requirements and  design, reformulating  them  to  match  new  and  existing  needs. Sometimes refactoring addresses ways to restructure design and code without perturbing the system's external behavior. The refactoring is done in small steps, supported by unit tests and pair programming, with simplicity guiding the effort.We will discuss the difficulties of refactoring in Chapter 5.
",2.232,4.747,0.9999999999,1.0,0.99999999995,0.6014501377030796,1.0,1
"In the decision tree calculating risk exposure for regression testing, what is the exact combined risk exposure value in dollars if the development team chooses not to perform regression testing?",The exact combined risk exposure is $16.625M.,"
[0]
[SECTION]: Planning and Managing the Project > 3.4 Risk Management > Risk Management Activities
[CONTENT]: L(UO). For instance, there are three possible consequences of performing regression testing: finding a critical fault if one exists, not finding the critical fault (even though it exists), or deciding (correctly) that there is no critical fault. As the figure illustrates, we have estimated the probability of the first case to be 0.75, of the second to be 0.05, and of the third to be 0.20. The loss associated with an unwanted outcome is estimated to be $500,000 if a critical fault is found, so that the risk exposure is $375,000. Similarly, we calculate the risk exposure for the other branches of this decision tree, and we find that our risk exposure if we perform regression testing is almost $2 million. However, the same kind of analysis shows us that the risk exposure if we do not perform regression testing is almost $17 million. Thus, we say (loosely) that more is at risk if we do not perform regression testing.
Risk exposure helps us to list the risks in priority order, with the risks of most concern given the highest priority. Next, we must take steps to control the risks.The notion of control acknowledges that we may not be able to eliminate all risks. Instead, we may be able to minimize the risk or mitigate it by taking action to handle the unwanted outcome in an acceptable way. Therefore, risk control involves risk reduction, risk planning, and risk resolution.
There are three strategies for risk reduction:
 - avoiding the risk, by changing requirements for performance or functionality
 - transferring the risk, by allocating risks to other systems or by buying insurance to cover any financial loss should the risk become a reality
 - assuming the risk, by accepting it and controlling it with the project's resources To aid decision making about risk reduction, we must take into account the cost of reducing the risk. We call risk leverage the difference in risk exposure divided by the cost of reducing the risk. In other words, risk reduction leverage is If the leverage value is not high enough to justify the action, then we can look for other less costly or more effective reduction techniques.


[1]
[SECTION]: Planning and Managing the Project > 3.4 Risk Management > Risk Management Activities
[CONTENT]: The risk exposure is computed from the risk impact and the risk probability, so we must estimate each of these risk aspects. To see how the quantification is done, consider the analysis depicted in Figure 3.16. Suppose we have analyzed the system development process and we know we are working under tight deadlines for delivery.We have decided to build the system in a series of releases, where each release has more functionality than the one that preceded it. Because the system is designed so that functions are relatively independent, we consider testing only the new functions for a release, and we assume that the existing functions still work as they did before. However, we may worry that there are risks associated with not performing regression testing : the assurance that existing functionality still works correctly.
For  each  possible  outcome, we  estimate  two  quantities: the  probability  of  an unwanted  outcome, P(UO), and  the  loss  associated  with  the  unwanted  outcome,
[FIGURE 3.16 Example of risk exposure calculation.] 
[FIGURE_DESCRIPTIONS]
[0] The image presents a schematic decision tree for a reliability assessment or risk exposure analysis. It begins with a decision node asking whether a regression testing step is performed, with Yes/No branches. Each path branches into checks for finding a critical fault or not, and computes P(U0) and L(U0) values at each stage. Leftmost branch shows a regression testing decision leading to sub-branches: If Yes, then “Find critical fault” with P(U0)=0.75, L(U0)=$5M, resulting in combined risk exposure of $1.875M; If No, a different path with P(U0)=0.25, L(U0)=$0.5M, leading to subsequent checks and updated values such as $16.625M total exposure. The diagram includes numeric labels: P(U0) values (0.75, 0.25, 0.20, 0.0, etc.), L(U0) monetary amounts (e.g., $5M, $0.5M, $30M, $50M, $0M), and final combined exposure amounts at the right edge (e.g., $1.875M, $16.625M). Text boxes on the left indicate decision points and outcomes; there is a dotted or solid flow indicating Yes/No paths and subsequent checks for critical fault presence. The visual emphasizes risk exposure calculation, conditional probabilities, and cost labels, suitable for lecture notes on risk assessment or software testing economics.



[2]
[SECTION]: Planning and Managing the Project > 3.4 Risk Management > SIDEBAR 3.4 BOEHM'S TOP TEN RISK ITEMS
[CONTENT]:  - The likelihood that the event will occur. We must have some idea of the probability that the event will occur. For example, suppose a project is being developed on one machine and will be ported to another when the system is fully tested. If the second machine is a new model to be delivered by the vendor, we must estimate the likelihood that it will not be ready on time. The likelihood of the risk, measured from 0 (impossible) to 1 (certainty) is called the risk probability . When the risk probability is 1, then the risk is called a problem , since it is certain to happen.
 - The degree to which we can change the outcome. For each risk, we must determine what we can do to minimize or avoid the impact of the event. Risk control involves a set of actions taken to reduce or eliminate a risk. For example, if the requirements may change after design, we can minimize the impact of the change by creating a flexible design. If the second machine is not ready when the software is tested, we may be able to identify other models or brands that have the same functionality and performance and can run our new software until the new model is delivered.
We can quantify the effects of the risks we identify by multiplying the risk impact by the risk probability, to yield the risk exposure . For example, if the likelihood that the requirements will change after design is 0.3, and the cost to redesign to new requirements is $50,000, then the risk exposure is $15,000. Clearly, the risk probability can change over time, as can the impact, so part of a project manager's job is to track these values over time and plan for the events accordingly.


[3]
[SECTION]: Planning and Managing the Project > 3.4 Risk Management > Risk Management Activities
[CONTENT]: / 1 cost of risk reduction 2 1 Risk exposure before reduction -risk exposure after reduction 2 In some cases, we can choose a development process to help reduce the risk. For example,we saw in Chapter 2 that prototyping can improve understanding of the requirements and design,so selecting a prototyping process can reduce many project risks.
It is useful to record decisions in a risk management plan , so that both customer and development team can review how problems are to be avoided, as well as how they are to be  handled  should  they  arise. Then, we  should  monitor  the  project  as  development progresses, periodically reevaluating the risks, their probability, and their likely impact.
",2.378,5.871,0.9999999999,1.0,0.99999999995,0.9939381479823798,1.0,1
"In Lai's notation for process modeling, what is ""Control""?","Control is an external influence over process enactment; the controls may be manual or automatic, human or mechanical.","
[0]
[SECTION]: Modeling the Process and Life Cycle > 2.3 Tools And Techniques For Process Modeling > Static Modeling: Lai Notation
[CONTENT]: There are many ways to model a process statically. In the early 1990s, Lai (1991) developed a comprehensive process notation that is intended to enable someone to model any process at any level of detail. It builds on a paradigm where people perform roles while resources perform activities, leading to the production of artifacts. The process model shows the relationships among the roles, activities, and artifacts, and state tables show information about the completeness of each artifact at a given time.
In particular, the elements of a process are viewed in terms of seven types:
 - Activity: Something that will happen in a process. This element can be related to what  happens  before  and  after, what  resources  are  needed, what  triggers  the activity's start, what rules govern the activity, how to describe the algorithms and lessons learned, and how to relate the activity to the project team.
 - Sequence: The order of activities. The sequence can be described using triggers, programming constructs, transformations, ordering, or satisfaction of conditions.
 - Process model: A view of interest about the system. Thus, parts of the process may be represented as a separate model, either to predict process behavior or to examine certain characteristics.
 - Resource: A necessary item, tool, or person. Resources can include equipment, time, office space, people, techniques, and so on.The process model identifies how much of each resource is needed for each activity.
 - Control: An  external  influence  over  process  enactment. The  controls  may  be manual or automatic, human or mechanical.
 - Policy: A guiding principle. This high-level process constraint influences process enactment. It may include a prescribed development process, a tool that must be used, or a mandatory management style.
 - Organization: The hierarchical structure of process agents, with physical grouping corresponding to logical grouping and related roles. The mapping from physical to logical grouping should be flexible enough to reflect changes in physical environment.


[1]
[SECTION]: Modeling the Process and Life Cycle > 2.3 Tools And Techniques For Process Modeling > Static Modeling: Lai Notation
[CONTENT]: The process description itself has several levels of abstraction, including the software development process that directs certain resources to be used in constructing specific modules, as well as generic models that may resemble the spiral or waterfall models. Lai's  notation  includes  several  templates, such  as  an  Artifact  Definition  Template, which records information about particular artifacts.
Lai's approach can be applied to modeling software development processes; later in  this  chapter, we  use  it  to  model  the  risk  involved  in  development. However, to demonstrate its use and its ability to capture many facets of a complex activity, we apply it to a relatively simple but familiar process, driving an automobile. Table 2.1 contains a description of the key resource in this process, a car.
Other templates define relations, process states, operations, analysis, actions, and roles. Graphical diagrams represent the relationships between elements, capturing the main relationships and secondary ones. For example, Figure 2.11 illustrates the process of starting a car. The 'initiate' box represents the entrance conditions, and the 'park' box represents an exit condition.The left-hand column of a condition box lists artifacts, and the right-hand column is the artifact state.


[2]
[SECTION]: Modeling the Process and Life Cycle > 2.3 Tools And Techniques For Process Modeling > Static Modeling: Lai Notation
[CONTENT]: [FIGURE 2.11 The process of starting a car (Lai 1991).] 
Transition diagrams supplement the process model by showing how the states are related to one another. For example, Figure 2.12 illustrates the transitions for a car.
Lai's notation is a good example of how multiple structures and strategies can be used to capture a great deal of information about the software development process. But it is also useful in organizing and depicting process information about user requirements, as the car example demonstrates.
[FIGURE_DESCRIPTIONS]
[0] Complex schematic diagram showing interconnections among automotive control states and actions. Central cluster contains nodes labeled with car states such as idle, acceleration, drive, park, brake, gear, unlock, lock, and door statuses. Connections illustrated by multiple directed lines indicate transitions between states like start/stop, accelerate/decelerate, shift gears (drive, park), and foot pedal actions (gas, brake). Additional blocks depict subsystem commands including engine, transmission, and door controls with labels such as engine, gear, drive, park, unlock, lock, open_door, close_door, ready_for_tow, forward, reverse, slow_down, fast_up, and speed. Textual labels also reference conditions or triggers like turn_off, turn_on, enable, disable, and readiness signals. The diagram emphasizes hierarchical relationships and state-machine like flow with several sub-blocks connected through a network of lines, illustrating how user inputs and sensor signals propagate through system control logic.



[3]
[SECTION]: Modeling the Process and Life Cycle > 2.3 Tools And Techniques For Process Modeling > Static Modeling: Lai Notation
[CONTENT]: [FIGURE 2.12 Transition diagram for a car (Lai 1991).] 
[FIGURE_DESCRIPTIONS]
[0] Diagram showing three rounded edges labeled states: INITIATED, MOVING, and PARKED. ARROWS indicate transitions: from INITIATED to PARKED labeled 'initiates'; from PARKED to INITIATED with no label; from MOVING to INITIATED labeled 'stop'; from MOVING back to PARKED labeled 'go' or 'go->' (arrow text partially visible). There is an arrow from INITIATED to MOVING labeled 'get-out' and another from INITIATED to MOVING with a second label 'stop'? The text 'initiates' and 'get-out' are visible. The diagram uses ovals with bold outlines and small black arrows. Overall theme appears to model state machine transitions among INITIATED, MOVING, and PARKED with directed edges and labels indicating triggers or actions.

",2.282,3.165,0.9999999999,1.0,0.99999999995,0.7032229469673966,1.0,1
"When quantifying the risk exposure for failing to satisfy a subjective quality requirement like ""usability,"" how can the establishment of specific ""fit criteria"" during the requirements phase alter the parameters used in the risk reduction leverage calculation during project planning? -Required source types: text -Brief reasoning type label: causal reasoning","Establishing fit criteria for subjective quality requirements like usability turns vague judgments into measurable targets, which in turn reduces uncertainty in risk calculations. The Robertson and Robertson idea is that testability can be addressed when requirements are elicited, and fit criteria form objective standards for judging whether a proposed solution satisfies the requirements. When such criteria cannot be easily expressed, the requirement is likely to be ambiguous, incomplete, or incorrect.

For subjective quality requirements like usability, the text notes that focus groups or metrics can be used to evaluate fit criteria. This enables turning subjective notions (e.g., usability) into concrete, testable measures, which feed into risk assessment by clarifying what counts as a failure and how often it might occur.

In risk management, risk exposure is computed from risk impact and risk probability; to quantify it, one estimates the probability of an unwanted outcome (P(UO)) and the loss associated with that outcome. By defining fit criteria for usability, you can better estimate P(UO) and L(UO) for usability failures, thereby altering the risk reduction leverage calculation used in project planning.

Therefore, by turning usability into measurable fit criteria during requirements, you can obtain more precise estimates of P(UO) and L(UO) for usability failures, which directly influence the risk exposure and the effectiveness of the risk reduction leverage in project planning.","
[0]
[SECTION]: Capturing the Requirements > 4.3 Types Of Requirements > SIDEBAR 4.4 MAKING REQUIREMENTS TESTABLE
[CONTENT]: I n writing about good design, Alexander (1979a) encourages us to make our requirements testable. By this, he means that once a requirement is stated, we should be able to determine whether or not a proposed solution meets the requirement. This evaluation must be objective; that is, the conclusion as to whether the requirement is satisfied must not vary according to who is doing the evaluation.
Robertson and Robertson (1999) point out that testability (which they call 'measurability')  can  be  addressed  when  requirements  are  being  elicited. The  idea  is  to  quantify  the extent to which each requirement must be met.These fit criteria form objective standards for judging whether a proposed solution satisfies the requirements.When such criteria cannot be easily expressed, then the requirement is likely to be ambiguous, incomplete, or incorrect. For example, a customer may state a quality requirement this way:
Water quality information must be accessible immediately.
How do you test that your product meets this requirement? The customer probably has a clear idea about what 'immediately' means, and that notion must be captured in the requirement.We can restate more precisely what we mean by 'immediately':
Water quality records must be retrieved within 5 seconds of a request.
This second formulation of the requirement can be tested objectively: a series of requests is made, and we check that the system supplies the appropriate record within 5 seconds of each request.
It is relatively easy to determine fit criteria for quality requirements that are naturally quantitative (e.g., performance, size, precision, accuracy, time to delivery). What about more subjective quality requirements, like usability or maintainability? In these cases, developers use focus groups or metrics to evaluate fit criteria:
 - 75% of users shall judge the new system to be as usable as the existing system.
 - After training, 90% of users shall be able to process a new account within 5 minutes.
 - A module will encapsulate the data representation of at most one data type.


[1]
[SECTION]: Planning and Managing the Project > 3.4 Risk Management > Risk Management Activities
[CONTENT]: The risk exposure is computed from the risk impact and the risk probability, so we must estimate each of these risk aspects. To see how the quantification is done, consider the analysis depicted in Figure 3.16. Suppose we have analyzed the system development process and we know we are working under tight deadlines for delivery.We have decided to build the system in a series of releases, where each release has more functionality than the one that preceded it. Because the system is designed so that functions are relatively independent, we consider testing only the new functions for a release, and we assume that the existing functions still work as they did before. However, we may worry that there are risks associated with not performing regression testing : the assurance that existing functionality still works correctly.
For  each  possible  outcome, we  estimate  two  quantities: the  probability  of  an unwanted  outcome, P(UO), and  the  loss  associated  with  the  unwanted  outcome,
[FIGURE 3.16 Example of risk exposure calculation.] 
[FIGURE_DESCRIPTIONS]
[0] The image presents a schematic decision tree for a reliability assessment or risk exposure analysis. It begins with a decision node asking whether a regression testing step is performed, with Yes/No branches. Each path branches into checks for finding a critical fault or not, and computes P(U0) and L(U0) values at each stage. Leftmost branch shows a regression testing decision leading to sub-branches: If Yes, then “Find critical fault” with P(U0)=0.75, L(U0)=$5M, resulting in combined risk exposure of $1.875M; If No, a different path with P(U0)=0.25, L(U0)=$0.5M, leading to subsequent checks and updated values such as $16.625M total exposure. The diagram includes numeric labels: P(U0) values (0.75, 0.25, 0.20, 0.0, etc.), L(U0) monetary amounts (e.g., $5M, $0.5M, $30M, $50M, $0M), and final combined exposure amounts at the right edge (e.g., $1.875M, $16.625M). Text boxes on the left indicate decision points and outcomes; there is a dotted or solid flow indicating Yes/No paths and subsequent checks for critical fault presence. The visual emphasizes risk exposure calculation, conditional probabilities, and cost labels, suitable for lecture notes on risk assessment or software testing economics.



[2]
[SECTION]: Capturing the Requirements > 4.3 Types Of Requirements > SIDEBAR 4.4 MAKING REQUIREMENTS TESTABLE
[CONTENT]:  - Computation errors shall be fixed within 3 weeks of being reported.
Fit criteria that cannot be evaluated before the final product is delivered are harder to assess:
 - The system shall not be unavailable for more than a total maximum of 3 minutes each year.
 - The mean-time-between-failures shall be no less than 1 year.
In  these  cases, we  either  estimate  a  system's  quality  attributes  (e.g., there  are  techniques for estimating system reliability, and for estimating the number of faults per line of code) or evaluate the delivered system during its operation-and suffer some financial penalty if the system does not live up to its promise.
Interestingly, what gets measured gets done.That is, unless a fit criterion is unrealistic, it will probably be met. The key is to determine, with the customer, just how to demonstrate that a delivered system meets its requirements. The Robertsons suggest three ways to help make requirements testable:
 - Specify a quantitative description for each adverb and adjective so that the meaning of qualifiers is clear and unambiguous.
 - Replace pronouns with specific names of entities.
 - Make sure that every noun is defined in exactly one place in the requirements documents.
An alternative approach, advocated by the Quality Function Deployment (QFD) school (Akao 1990), is to realize quality requirements as special-purpose functional requirements, and to test quality requirements by testing how well their associated functional requirements have been satisfied.This approach works better for some quality requirements than it does for others. For example, real-time requirements can be expressed as additional conditions or constraints on when required functionality occurs. Other quality requirements, such as security, maintainability, and performance, may be satisfied by adopting existing designs and protocols that have been developed specifically to optimize a particular quality requirement.
reflect  on  which  of  the  requested  services  and  features  are  most  essential. A  loose prioritization scheme might separate requirements into three categories:
",1.495,11.295,0.9999999999,1.0,0.99999999995,0.6274387880532917,0.6153846153846154,1
What is the difference between an activity and a milestone?,"An activity is a part of the project that takes place over a period of time, whereas a milestone is the end of a specially designated activity.","
[0]
[SECTION]: Planning and Managing the Project > 3.1 Tracking Progress
[CONTENT]:  - documents
 - demonstrations of function
 - demonstrations of subsystems
 - demonstrations of accuracy
 - demonstrations of reliability, security, or performance In our analysis of the project, we must distinguish clearly between milestones and activities. An activity is  a  part  of  the  project  that  takes place over a period of time, whereas a milestone is the completion of an activity-a particular point in time. Thus, an activity has a beginning and an end, whereas a milestone is the end of a specially designated activity. For example, the customer may want the system to be accompanied by an online operator tutorial. The development of the tutorial and its associated programs is an activity; it culminates in the demonstration of those functions to the customer: the milestone.
By examining the project carefully in this way, we can separate development into a succession of phases. Each phase is composed of steps, and each step can be subdivided further if necessary, as shown in Figure 3.1.
To see how this analysis works, consider the phases, steps, and activities of Table 3.1, which describes the building of a house. First, we consider two phases: landscaping the lot and building the house itself. Then, we break each phase into smaller steps, such as PROJECT clearing and grubbing, seeding the turf, and planting trees and shrubs. Where necessary, we can divide the steps into activities; for example, finishing the interior involves completing the interior plumbing, interior electrical work, wallboard, interior painting, floor covering, doors, and fixtures. Each activity is a measurable event and we have objective criteria to determine when the activity is complete.Thus, any activity's end can be a milestone, and Table 3.2 lists the milestones for phase 2.


[1]
[SECTION]: Planning and Managing the Project > 3.1 Tracking Progress > Work Breakdown and Activity Graphs
[CONTENT]: Analysis of this kind is sometimes described as generating a work breakdown structure for a given project, because it depicts the project as a set of discrete pieces of work. Notice that the activities and milestones are items that both customer and developer can use to track development or maintenance.At any point in the process, the customer may want to follow our progress.We developers can point to activities, indicating what work is under way, and to milestones, indicating what work has been completed. However, a project's work breakdown structure gives no indication of the interdependence of the work units or of the parts of the project that can be developed concurrently.
We can describe each activity with four parameters: the precursor, duration, due date, and endpoint. A precursor is an event or set of events that must occur before the activity can begin; it describes the set of conditions that allows the activity to begin. The duration is the length of time needed to complete the activity. The due date is the date by which the activity must be completed, frequently determined by contractual deadlines. Signifying that the activity has ended, the endpoint is usually a milestone or deliverable.We can illustrate the relationships among activities by using these parameters. In particular, we can draw an activity graph to depict the dependencies; the nodes of the graph are the project milestones, and the lines linking the nodes represent the activities involved. Figure 3.2 is an activity graph for the work described in phase 2 of Table 3.1.


[2]
[SECTION]: Planning and Managing the Project > 3.1 Tracking Progress > Estimating Completion
[CONTENT]: To see how CPM works, consider again our house-building example. First, we notice that the activities leading to milestones 1.1 (surveying) and 1.2 (requesting permits) can occur concurrently. Since excavation (the activity culminating in milestone 1.3) cannot begin until day 16, surveying has 15 days in which to be completed, even though it is only 3 days in duration. Thus, surveying has 15 days of available time, but requires only 3 days of real time. In the same way, for each activity in our graph, we can compute a pair of times: real time and available time.The real time or actual time for an activity is the estimated amount of time required for the activity to be completed, and the available time is the amount of time available in the schedule for the activity's completion. Slack time or float for an activity is the difference between the available time and the real time for that activity:
Slack time = available time -real time 1.1 FINISH Another way of looking at slack time is to compare the earliest time an activity may begin  with  the  latest  time  the  activity  may  begin  without  delaying  the  project. For example, surveying may begin on day 1, so the earliest start time is day 1. However, because it will take 15 days to request and receive permits, surveying can begin as late as day 13 and still not hold up the project schedule.Therefore,


[3]
[SECTION]: Planning and Managing the Project > 3.1 Tracking Progress > Work Breakdown and Activity Graphs
[CONTENT]: Many important characteristics of the project are made visible by the activity graph. For example, it is clear from Figure 3.2 that neither of the two plumbing activities can start before milestone 2.2 is reached; that is, 2.2 is a precursor to both interior and exterior plumbing. Furthermore, the figure shows us that several things can be done simultaneously. For instance, some of the interior and exterior activities are independent  (such  as  installing  wallboard, connecting  exterior  electrical  plumbing, and others leading to milestones 2.6 and 3.3, respectively). The activities on the left-hand path do not depend on those on the right for their initiation, so they can be worked on concurrently. Notice that there is a dashed line from requesting permits (node 1.2) to surveying (node 1.1).This line indicates that these activities must be completed before excavation (the activity leading to milestone 1.3) can begin. However, since there is no real activity that occurs after reaching milestone 1.2 in order to get to milestone 1.1, the dashed line indicates a relationship without an accompanying activity.
It is important to realize that activity graphs depend on an understanding of the parallel nature of tasks. If work cannot be done in parallel, then the (mostly straight) graph is not useful in depicting how tasks will be coordinated. Moreover, the graphs must reflect a realistic depiction of the parallelism. In our house-building example, it is clear that some of the tasks, like plumbing, will be done by different people from those doing other  tasks, like  electrical  work. But  on  software  development  projects, where  some people have many skills, the theoretical parallelism may not reflect reality. A restricted number of people assigned to the project may result in the same person doing many things in series, even though they could be done in parallel by a larger development team.
",2.453,3.624,0.9999999999,1.0,0.99999999995,0.9934317379247138,1.0,1
"When visually mapping requirements versus specifications, what domain sits exactly at the intersection where the Environment domain overlaps with the System domain?","The intersection is comprised of environmental entities that can be monitored or controlled by the system, i.e., environmental entities accessible to the system via its interface.","
[0]
[SECTION]: Capturing the Requirements > 4.3 Types Of Requirements > Two Kinds of Requirements Documents
[CONTENT]: The requirements specification restates the requirements as a specification of how the proposed system shall behave. The specification also is written entirely in terms of the environment, except that it refers solely to environmental entities that are accessible to the system via its interface. That is, the system boundary makes explicit those environmental entities that can be monitored or controlled by the system.This distinction is depicted in Figure 4.3, with requirements defined anywhere within the environment's domain, including, possibly, the system's interface, and with the specification restricted only to the intersection between the environment and system domains. To see the distinction, consider the requirement that no one should enter the zoo without paying an entrance fee. If the turnstile has a coin slot and is able to detect when a valid coin is inserted, then it can determine when an entrance fee has been paid. In contrast, the concept of an entry event may be outside the scope of the system.Thus, the requirement must be rewritten to realize entry events using only events and states that the turnstile can detect and control, such as whether the turnstile is unlocked and whether it detects a visitor pushing the turnstile:
When a visitor applies a certain amount of force on an unlocked turnstile, the turnstile will automatically rotate a one-half turn, ending in a locked position.
In this way, the specification refines the original requirements definition.
The requirements specification is written by the requirements analyst and is used by the other software developers. The analyst must be especially careful that no information is lost or changed when refining the requirements into a specification. There must be a direct correspondence between each requirement in the definition document and those in the specification document.


[1]
[SECTION]: Capturing the Requirements > 4.5 Modeling Notations > SIDEBAR 4.5 GROUND REQUIREMENTS IN THE REAL WORLD
[CONTENT]: J ackson's advice (Jackson 1995) to ground the requirements in the real world goes beyond the message about expressing the requirements and the specification in terms of the proposed system's environment. Jackson argues that any model of the requirements will include primitive terms that have no formal meaning (e.g., Patron , Publication , and Article in our library example), and that the only way to establish the meaning of a primitive term is to relate it to some phenomenon in the real world. He calls these descriptions designations , and he distinguishes designations from definitions and assertions . Definitions are formal meanings of terms based on the meanings of other terms used in the model (e.g., the definition of a book out on loan ), whereas assertions describe constraints on terms (e.g., patrons can borrow only those items not currently out on loan). If a model is to have any meaning with respect to real-world behavior, its primitive terms must be clearly and precisely tied to the real world, and its designations 'must be maintained as an essential part of the requirements documentation' (Zave and Jackson 1997).
declared  as  powersets  ( P )  of Items ; these  declarations  mean  that  the  values  of Catalogue and OnReserve can change during execution to be any subset of Items . The  schema  also  declares  partial  mappings  ( ß )  that  record  the Borrowers and DueDates for the subset of Items that are out on loan, and record Fines for the subset of Patrons who have outstanding fines.The domain ( dom ) of a partial mapping is the subset of entities currently being mapped; hence, we assert that the subset of items out  on  loan  should  be  exactly  the  subset  of  items  that  have  due  dates. The InitLibrary scheme initializes all of the variables to be empty sets and functions.All of the remaining schemas correspond to library operations.


[2]
[SECTION]: Capturing the Requirements > 4.8 Requirements Documentation > SIDEBAR 4.7 HIDDEN ASSUMPTIONS
[CONTENT]: Z ave and Jackson (1997) have looked carefully at problems in software requirements and specification, including undocumented assumptions about how the real world behaves.
There are actually two types of environmental behavior of interest: desired behavior to be  realized  by  the  proposed  system  (i.e., the  requirements)  and  existing  behavior  that  is unchanged by the proposed system.The latter type of behavior is often called assumptions or domain knowledge . Most requirements writers consider assumptions to be simply the conditions under which the system is guaranteed to operate correctly.While necessary, these conditions are not the only assumptions. We also make assumptions about how the environment will behave in response to the system's outputs.
Consider a railroad-crossing  gate  at  the  intersection  of  a  road  and  a  set  of  railroad tracks. Our requirement is that trains and cars do not collide in the intersection. However, the trains and cars are outside the control of our system; all our system can do is lower the crossing gate upon the arrival of a train and lift the gate after the train passes. The only way our crossing gate will prevent collisions is if trains and cars follow certain rules. For one thing, we have to assume that the trains travel at some maximum speed, so that we know how early to lower the crossing gate to ensure that the gate is down well before a sensed train reaches the intersection. But we also have to make assumptions about how car drivers will react to the crossing gate being lowered: we have to assume that cars will not stay in or enter the intersection when the gate is down.
or exact orderings of inputs and outputs. We may use an entity-relationship diagram to collect related activities and operations into classes. In the end, the specification  should  be  complete, meaning  that  it  should  specify  an  output  for  any feasible sequence of inputs.Thus, we include validity checks on inputs and system responses to exceptional situations, such as violated pre-conditions.
",2.328,4.255,0.9999999999,0.6666666666666666,0.799999999968,0.14203436237011124,1.0,1
"Why would a highly hierarchical Chief Programmer team structure theoretically face fewer communication bottlenecks than a loosely structured, egoless team when developing a system specified with a tightly coupled algebraic specification notation like SDL Data? -Required source types: text -Brief reasoning type label: causal reasoning","A highly hierarchical Chief Programmer team would face fewer communication bottlenecks because, for projects with high certainty, stability, uniformity, and repetition, hierarchical structures are described as being more effective and requiring little communication among project members, which suits an organization that stresses rules, specialization, formality, and a clear definition of organizational hierarchy.","
[0]
[SECTION]: Planning and Managing the Project > 3.2 Project Personnel > Project Organization
[CONTENT]: [FIGURE 3.11 Chief programmer team organization.] 
Clearly, the chief programmer must be good at making decisions quickly, so the chief is likely to be an extrovert. However, if most of the team members are introverts, the chief programmer team may not be the best structure for the project. An alternative is based on the idea of 'egoless' programming, as described by Weinberg (1971). Instead of a single point of responsibility, an egoless approach holds everyone equally responsible. Moreover, the process is separated from the individuals; criticism is made of  the  product  or  the  result, not  the  people  involved. The  egoless  team  structure  is democratic, and all team members vote on a decision, whether it concerns design considerations or testing techniques.
Of course, there are many other ways to organize a development or maintenance project, and the two described above represent extremes.Which structure is preferable? The more people on the project, the more need there is for a formal structure. Certainly, a development team with only three or four members does not always need an elaborate organizational structure. However, a team of several dozen workers must have a welldefined organization.In fact, your company or your customer may impose a structure on the development team, based on past success, on the need to track progress in a certain way, or on the desire to minimize points of contact. For example, your customer may insist that the test team be totally independent of program design and development.


[1]
[SECTION]: Planning and Managing the Project > 3.2 Project Personnel > Project Organization
[CONTENT]: Researchers continue to investigate how project team structure affects the resulting product and how to choose the most appropriate organization in a given situation. A National Science Foundation (1983) investigation found that projects with a high degree  of  certainty, stability, uniformity, and  repetition  can  be  accomplished  more effectively  by  a  hierarchical  organizational  structure  such  as  the  chief  programmer team.These projects require little communication among project members, so they are well-suited to an organization that stresses rules, specialization, formality, and a clear definition of organizational hierarchy.
|    | 0                 | 1                                       | 2                                       |
|---:|:------------------|:----------------------------------------|:----------------------------------------|
|  0 | TABLE 3.5         | Comparison of Organizational Structures | Comparison of Organizational Structures |
|  1 | Highly Structured | Highly Structured                       | Loosely Structured                      |
|  2 | High certainty    | High certainty                          | Uncertainty                             |
|  3 | Repetition        | Repetition                              | New techniques or technology            |
|  4 | Large projects    | Large projects                          | Small projects                          |
On the other hand, when there is much uncertainty involved in a project, a more democratic approach may be better. For example, if the requirements may change as development proceeds, the project has a degree of uncertainty. Likewise, suppose your customer is building a new piece of hardware to interface with a system; if the exact specification of the hardware is not yet known, then the level of uncertainty is high. Here, participation in decision making, a loosely defined hierarchy, and the encouragement of open communication can be effective.


[2]
[SECTION]: Planning and Managing the Project > 3.10 What This Chapter Means For Your Development Team
[CONTENT]: At  the  same  time, you  have  learned  how  to  organize  a  development  team  so  that team interaction helps produce a better product. There are several choices for team structure, from  a  hierarchical  chief  programmer  team  to  a  loose, egoless  approach. Each has its benefits, and each depends to some degree on the uncertainty and size of the project.
We have also seen how the team can work to anticipate and reduce risk from the project's beginning. Redundant functionality, team reviews, and other techniques can help us catch errors early, before they become embedded in the code as faults waiting to cause failures.
Similarly, cost estimation should be done early and often, including input from team members about progress in specifying, designing, coding, and testing the system. Cost estimation and risk management can work hand in hand; as cost estimates raise concerns about finishing on time and within budget, risk management techniques can be used to mitigate or even eliminate risks.


[3]
[SECTION]: Planning and Managing the Project > 3.2 Project Personnel > SIDEBAR 3.2 STRUCTURE VS. CREATIVITY
[CONTENT]: K unde (1997) reports the results of experiments by Sally Philipp, a developer of software training materials. When Philipp teaches a management seminar, she divides her class into two groups. Each group is assigned the same task: to build a hotel with construction paper  and  glue. Some  teams  are  structured, and  the  team  members  have  clearly  defined responsibilities. Others are left alone, given no direction or structure other than to build the hotel. Philipp claims that the results are always the same.'The unstructured teams always do incredibly creative, multistoried Taj Mahals and never complete one on time. The structured teams do a Day's Inn [a bland but functional small hotel], but they're finished and putting chairs around the pool when I call time,' she says.
One way she places structure on a team is by encouraging team members to set deadlines. The overall task is broken into small subtasks, and individual team members are responsible for time estimates. The deadlines help to prevent 'scope creep,' the injection of unnecessary functionality into a product.
The experts in Kunde's article claim that good project management means finding a balance between structure and creativity. Left to their own devices, the software developers will focus only on functionality and creativity, disregarding deadlines and the scope of the specification. Many  software  project  management  experts  made  similar  claims. Unfortunately, much of this information is based on anecdote, not on solid empirical investigation.
The two types of organizational structure can be combined, where appropriate. For instance, programmers may be asked to develop a subsystem on their own, using an egoless approach within a hierarchical structure. Or the test team of a loosely structured project may impose a hierarchical structure on itself and designate one person to be responsible for all major testing decisions.
",1.66,5.538,0.9999999999,1.0,0.99999999995,0.4061744801792826,1.0,1
"In the reference architecture model for a compiler, which specific component bridges the gap between the Semantic analyzer and the Code generator?",The chatbot can't answer this question. Please try again with another question.,"
[0]
[SECTION]: Designing the Architecture > 5.1 The Design Process > Design Is a Creative Process
[CONTENT]: There  are  many  ways  to  leverage  existing  solutions. One  extreme  is cloning , whereby we borrow a whole design, and perhaps even the code, making minor adjustments to fit our particular problem. For example, a developer might clone an existing system to customize it for a new customer-though,as we will see, there are better ways of producing variations of the same product. Slightly less extreme is to base our design on  a reference  model : a  standard  generic  architecture  for  a  particular  application domain.A reference model suggests only how we decompose our system into its major components and how those components interact with each other. The design of the individual components and the details of their interactions will depend on the specific application being developed.As an example, Figure 5.3 shows the reference model for a compiler; the specifics of the parser, semantic analyzer, optimizations, and data repositories will vary greatly with the compiler's programming language. There are existing or proposed reference models for a variety of application domains, including operating systems, interpreters, database  management  systems, process-control  systems, integrated tool environments, communication networks, and Web services.


[1]
[SECTION]: Designing the Architecture > 5.1 The Design Process > Design Is a Creative Process
[CONTENT]: [FIGURE 5.3 Reference model for a compiler (adapted from Shaw and Garlan 1996).] 
[FIGURE_DESCRIPTIONS]
[0] Diagram depicting a software architecture/data flow pipeline with a symbol table at the top connected to multiple processing components. Visible components include Lexical analyzer, Parser, Semantic analyzer, Optimizer, and Code generator arranged horizontally. Dashed lines indicate control flow, solid lines indicate data store connections. A Key box labeled Component shows Data store and Data fetch/store vs Control flow distinctions. Arrows illustrate interactions: from the Symbol table down to each processor, and back paths among processors suggesting bidirectional data exchange. The diagram emphasizes orchestration of compilation phases, with a central Symbol table feeding lexical, syntactic, semantic, optimization, and code generation steps, and cross-links among stages implying intermediate representations and attributes propagation. Text elements include labels for each block and the key. 



[2]
[SECTION]: Designing the Architecture > 5.3 Decomposition And Views
[CONTENT]: No matter which design approach we use, the resulting design is likely to refer to several  types  of  software  units, such  as component, subsystem, runtime  process, module, class, package, library , or procedure . The different terms describe different aspects of a design. For example, we use the term module to refer to a structural unit of the software's code; a module could be an atomic unit, like a Java class, or it could be an aggregation of other modules. We use the term component to refer to an identifiable runtime element (e.g., the parser is a component in a compiler)-although this term sometimes has a specific meaning, as explained in Sidebar 5.2. Some of the above terms designate software units at different levels of abstraction. For example, a system may be made up of subsystems, which may be made up of packages, which are in turn made up of classes. In other cases, the terms may overlap and present different views of the same entity (e.g., a parser might be both a component and a high-level module). We use the term software unit when we want to talk about a system's composite parts without being precise about what type of part.


[3]
[SECTION]: Designing the Architecture > 5.11 Information Systems Example
[CONTENT]: So, what might be a suitable software architecture for the Piccadilly system? Certainly a key component would be the repository of information that needs to be maintained about television programs, program scheduling, commercial spots, agreements, and so on.In addition, the system should be able to process multiple heterogeneous queries on this information, in parallel, so that the information can be kept up-to-date and can be used to make important decisions about future commercial campaigns.
A typical reference architecture for an information or business-processing system is an n-tiered client-server architecture (Morgan 2002). Such an architecture for our Piccadilly system is depicted in Figure 5.19. The bottom layer is a data server that simply maintains all the information that Piccadilly must track for its own business as well as information about its competitors.The application programming interface (API) for this layer is likely to consist of basic queries and updates on these data.The middle layer consists of application services that provide richer, more application-specific queries and updates on the lower-level data.An example of an application-specific query might be to find all television programs that air at the same time as some Piccadilly program.The top layer of the architecture consists of the user interfaces through which Piccadilly's managers, accountants, television-programming specialists, and sales force use the information system.
In addition to the high-level architecture of the system, we also need to provide some details about each of the components. For example, we need to describe the data and relationships that the data server is to maintain, the application services that the application layer is to maintain, and the user interfaces that the presentation layer is to provide. The domain model that we created in Chapter 4, as part of our elaboration of the system's requirements, can form the basis of the data model for the data server.The model is reproduced in Figure 5.20. We augment this model with additional concepts and relationships that arise as we work out the details of the application services. For example, a high-level description of the query to find the television programs that are aired at the same time as Piccadilly programs might look like the following:
",2.238,5.855,0.9999999999,1.0,0.99999999995,0.027580341378928053,N/A,0
"Based on the distinction between an error, a fault, and a failure outlined in Chapter 1, what does a single-element cut-set (e.g., {A1}) derived from a fault-tree analysis strictly represent in terms of a system's observable behavior versus its internal developer view? -Required source types: both -Brief reasoning type label: synthesis","A single-element cut-set, such as {A1}, means the top failure could be caused by a single event; i.e., the observable failure can be triggered by that one event alone, not a combination of events.","
[0]
[SECTION]: Designing the Architecture > 5.7 Architecture Evaluation And Refinement > Safety Analysis
[CONTENT]: The cut-set is the set of leaf nodes in the cut-set tree. For example, consider the fault tree on the left side of Figure 5.12. G1 is the top logic gate in the fault tree, and its or condition leads us to expand its corresponding node in the cut-set tree to have two child nodes, G2 and G3. In turn, G2 in the fault tree is composed of both G4 and G5,so G2 in the cut-set tree is expanded to have a composition child node with label {G4, G5}. Continuing in this manner, we end up with the cut-set {A1,A3}, {A1,A4}, {A2,A3}, {A2, A4}, {A4,A5}.The cut-set represents the set of minimal event combinations that could lead to the failure listed at the top of the cut-set tree.Thus, if any member of the cut-set is a singleton event set, {A i }, then the top failure could be caused by a single event, A i . Similarly, the  cut-set  element  {A i , A j }  means  that  the  top  failure  can  occur  if  both events A i and A j occur, and cut-set element {A i , A j , . . ., A n }  means that failure can occur only if all of the composite events occur.Thus, we have reasoned from a failure to all possible causes of it.


[1]
[SECTION]: Why Software Engineering? > 1.2 How Successful Have We Been? > SIDEBAR 1.1 TERMINOLOGY FOR DESCRIBING BUGS
[CONTENT]: O ften, we talk about 'bugs'in software,meaning many things that depend on the context.A 'bug' can be a mistake in interpreting a requirement, a syntax error in a piece of code, or the (as-yet-unknown) cause of a system crash. The Institute of Electrical and Electronics Engineers (IEEE) has suggested a standard terminology (in IEEE Standard 729) for describing 'bugs' in our software products (IEEE 1983).
A fault occurs when a human makes a mistake, called an error , in performing some software activity. For example, a designer may misunderstand a requirement and create a design that does not match the actual intent of the requirements analyst and the user.This design fault is an encoding of the error, and it can lead to other faults, such as incorrect code and an incorrect description in a user manual.Thus, a single error can generate many faults, and a fault can reside in any development or maintenance product.
A failure is a departure from the system's required behavior. It can be discovered before or after system delivery, during testing, or during operation and maintenance. As we will see in Chapter 4, the requirements documents can contain faults. So a failure may indicate that the system is not performing as required, even though it may be performing as specified.
Thus, a  fault  is  an  inside  view  of  the  system, as  seen  by  the  eyes  of  the  developers, whereas a failure is an outside view: a problem that the user sees. Not every fault corresponds to a failure; for example, if faulty code is never executed or a particular state is never entered, then the fault will never cause the code to fail. Figure 1.4 shows the genesis of a failure.


[2]
[SECTION]: Designing the Architecture > 5.5 Achieving Quality Attributes > SIDEBAR 5.6 THE NEED FOR SAFE DESIGN
[CONTENT]: Anthes (1997) reports the suggestions of Alan Barbell, a project manager at Environmental Criminology Research, an institute that evaluates medical devices. Barbell notes that software designers must see directly how their products will be used, rather than rely on salespeople and marketers. Then the designers can build in preventative measures to make sure that their products are not misused.
How do faults occur? As we saw in Chapter 1, a fault in a software product is the result  of  some  human  error. For  example, we  might  misunderstand  a  user-interface requirement and create a design that reflects our misunderstanding. The design fault can be propagated as incorrect code, incorrect instructions in the user manual, or incorrect test scripts. In this way, a single error can generate one or more faults, in one or more development products.
We distinguish faults from failures. A failure is an observable departure of the system from its required behavior. Failures can be discovered both before and after system delivery,because they can occur in testing as well as during operation.In some sense,faults and failures refer respectively to invisible and visible flaws. In other words, faults represent flaws that only developers see, whereas failures are problems that users or customers see.
It is important to realize that not every fault corresponds to a failure, since the conditions  under  which  a  fault  manifests  itself  as  an  observable  failure  may  never be met. For example, fault-containing code may never be executed or may not exceed the boundaries of correct behavior (as with Ariane-4).
We make our software more reliable by preventing or tolerating faults. That is, rather than waiting for the software to fail and then fixing the problem, we anticipate what might happen and construct the system to react in an acceptable way.


[3]
[SECTION]: Designing the Architecture > 5.7 Architecture Evaluation And Refinement > Safety Analysis
[CONTENT]: [FIGURE 5.12 Cut-set tree generated from a fault tree.] 
Once we know the points of failure in our design, we can redesign to reduce the vulnerabilities.We have several choices when we find a fault in a design:
 - Correct the fault.
 - Add components or conditions to prevent the conditions that cause the fault.
 - Add components that detect the fault or failure and recover from the damage.
Although the first option is preferable, it is not always possible.
[FIGURE_DESCRIPTIONS]
[0] Diagram displays two tree-like structures: a fault tree on the left and a cut-set tree on the right. Top node labeled G1 branches into G2 and G3; G2 further splits into G4 and G5, while G3 splits into A5 and A4. Leaves under G4 include A1, A2, A3, and under G5 include A4. The fault tree emphasizes logical gates with circular leaves A1–A5 and intermediate events labeled G1–G5. The cut-set tree on the right mirrors the fault tree: root G1 branches into G2 and G3, each branch further into leaf sets like {A1, A3}, {A1, A4}, {A2, A5}, {A2, A4}. Visible text includes exact set notations in braces and gate labels, illustrating the decomposition from failure event G1 into minimal cut-sets across two trees. The diagram contrasts fault tree representation with cut-set extraction, showing hierarchical relationships and event compositions.

",1.579,7.061,0.9999999999,0.875,0.9333333332897777,0.9010716560588624,0.3333333333333333,1
What is a precursor?,A precursor is an event or set of events that must occur before the activity can begin; it describes the set of conditions that allows the activity to begin.,"
[0]
[SECTION]: Planning and Managing the Project > 3.1 Tracking Progress > Work Breakdown and Activity Graphs
[CONTENT]: Analysis of this kind is sometimes described as generating a work breakdown structure for a given project, because it depicts the project as a set of discrete pieces of work. Notice that the activities and milestones are items that both customer and developer can use to track development or maintenance.At any point in the process, the customer may want to follow our progress.We developers can point to activities, indicating what work is under way, and to milestones, indicating what work has been completed. However, a project's work breakdown structure gives no indication of the interdependence of the work units or of the parts of the project that can be developed concurrently.
We can describe each activity with four parameters: the precursor, duration, due date, and endpoint. A precursor is an event or set of events that must occur before the activity can begin; it describes the set of conditions that allows the activity to begin. The duration is the length of time needed to complete the activity. The due date is the date by which the activity must be completed, frequently determined by contractual deadlines. Signifying that the activity has ended, the endpoint is usually a milestone or deliverable.We can illustrate the relationships among activities by using these parameters. In particular, we can draw an activity graph to depict the dependencies; the nodes of the graph are the project milestones, and the lines linking the nodes represent the activities involved. Figure 3.2 is an activity graph for the work described in phase 2 of Table 3.1.


[1]
[SECTION]: Planning and Managing the Project > 3.1 Tracking Progress > Work Breakdown and Activity Graphs
[CONTENT]: Many important characteristics of the project are made visible by the activity graph. For example, it is clear from Figure 3.2 that neither of the two plumbing activities can start before milestone 2.2 is reached; that is, 2.2 is a precursor to both interior and exterior plumbing. Furthermore, the figure shows us that several things can be done simultaneously. For instance, some of the interior and exterior activities are independent  (such  as  installing  wallboard, connecting  exterior  electrical  plumbing, and others leading to milestones 2.6 and 3.3, respectively). The activities on the left-hand path do not depend on those on the right for their initiation, so they can be worked on concurrently. Notice that there is a dashed line from requesting permits (node 1.2) to surveying (node 1.1).This line indicates that these activities must be completed before excavation (the activity leading to milestone 1.3) can begin. However, since there is no real activity that occurs after reaching milestone 1.2 in order to get to milestone 1.1, the dashed line indicates a relationship without an accompanying activity.
It is important to realize that activity graphs depend on an understanding of the parallel nature of tasks. If work cannot be done in parallel, then the (mostly straight) graph is not useful in depicting how tasks will be coordinated. Moreover, the graphs must reflect a realistic depiction of the parallelism. In our house-building example, it is clear that some of the tasks, like plumbing, will be done by different people from those doing other  tasks, like  electrical  work. But  on  software  development  projects, where  some people have many skills, the theoretical parallelism may not reflect reality. A restricted number of people assigned to the project may result in the same person doing many things in series, even though they could be done in parallel by a larger development team.


[2]
[SECTION]: Writing the Programs > 7.4 The Programming Process > Programming as Problem Solving
[CONTENT]: Polyà (1957) wrote the classic book on how we solve problems. He points out that finding a good solution involves four distinct stages:
 - Understanding the problem
 - Devising a plan
 - Carrying out the plan
 - Looking back To understand the problem, we analyze each of its elements. What is known? What is not known? What is possible to know? What is impossible to know? These questions address both data and relationships. Just as a good systems analyst frames a problem in terms of the system boundary, identifying what is inside the boundary and what is outside, a good problem solver must understand the conditions under which the problem must be solved.Then, once we can define the conditions, we ask if the conditions can be satisfied.
Sometimes it is helpful to draw a picture to enhance understanding. Programmers often do this by drawing a flow chart or diagram to show how a dynamically allocated data structure changes shape as various operations are performed on it. Such depiction helps us to identify various parts of the condition, and perhaps even to decompose the problem into smaller, more tractable problems. In a way, this reframing to gain understanding is a micro-design activity: the program design is viewed carefully and reorganized in pieces that are easier to address than the original framing of the design.
Next, a plan is devised to determine how a solution can be derived from what is known  about  the  problem. What  are  the  connections  between  the  data  and  the unknowns? If no connection is immediately clear, then are there ways in which this problem is similar to other, better-known problems? It is here that we try to think of the current problem in terms of patterns: Is there a pattern or set of patterns that we can adapt to fit our problem?
We can try several techniques to find the right plan of attack:
 - Identifying a related problem: Are there data, algorithms, libraries, or methods that we can use to attack our problem?


[3]
[SECTION]: Why Software Engineering? > 1.5 A Systems Approach > Interrelated Systems
[CONTENT]: The concept of boundary is important, because very few systems are independent of other systems. For example, the respiratory system must interact with the digestive system, the circulatory system, the nervous system, and others.The respiratory system could not function without the nervous system; neither could the circulatory system function without the respiratory system. The interdependencies may be complex. (Indeed, many of our environmental problems arise and are intensified because we do not appreciate the complexity of our ecosystem.) However, once the boundary of a system is described, it is easier for us to see what is within and without and what crosses the boundary.
In  turn, it  is  possible  for  one  system  to  exist  inside  another  system. When  we describe a computer system, we often concentrate on a small piece of what is really a much larger system. Such a focus allows us to define and build a much less complex system than the enveloping one. If we are careful in documenting the interactions among and between systems affecting ours, we lose nothing by concentrating on this smaller piece of a larger system.
",2.515,2.583,0.9999999999,1.0,0.99999999995,1.0,1.0,1
How does the graphical representation of conditions and states in Lai's process transition diagram differ structurally from the representation of enabling conditions and state transitions in a high-level Petri net model like the one used for the library problem? -Required source types: both -Brief reasoning type label: structure interpretation,The chatbot can't answer this question. Please try again with another question.,"
[0]
[SECTION]: Capturing the Requirements > 4.5 Modeling Notations > State Machines
[CONTENT]: State-machine notations are used to represent collections of event traces in a single model.A state machine is a graphical description of all dialog between the system and its  environment. Each node, called a state , represents a stable set of conditions that exists between event occurrences. Each edge, called a transition , represents a change in behavior or condition due to the occurrence of an event; each transition is labeled with the triggering event, and possibly with an output event, preceded by the symbol '/', that is generated when the transition occurs.
State machines are useful both for specifying dynamic behavior and for describing how behavior should change in response to the history of events that have already occurred. That is, they are particularly suited for modeling how the system's responses to the same input change over the course of the system's execution. For each state, the set of transitions emanating from that state designates both the set of events that can trigger a response and the corresponding responses to those events. Thus, when our turnstile (shown in Figure 4.8) is in the unlocked state, its behavior is different from when it is in state locked ; in particular, it responds to different input events. If an unanticipated event occurs (e.g., if the user tries to push through the turnstile when the machine is in state locked ), the event will be ignored and discarded. We could have specified  this  latter  behavior  explicitly  as  a  transition  from  state locked to  state locked , triggered by event push ; however, the inclusion of such 'no-effect' transitions can clutter the model. Thus, it is best to restrict the use of self-looping transitions to those that have an observable effect, such as an output event.


[1]
[SECTION]: Capturing the Requirements > 4.5 Modeling Notations > Example: UML Statechart Diagrams
[CONTENT]: A superstate can actually comprise multiple concurrent submachines, separated by dashed lines.The UML statechart for Publication includes two submachines:one that indicates  whether  or  not  the  publication  is  out  on  loan, and  another  that  indicates whether  or  not  the  publication  is  on  reserve. The  submachines  are  said  to  operate concurrently , in that a Publication instance could at any time receive and respond to events of interest to either or both submachines. In general, concurrent submachines are used  to  model  separate, unrelated  subbehaviors, making  it  easier  to  understand  and consider each subbehavior. An equivalent statechart for Publication in Figure 4.10 that does not make use of state hierarchy or concurrency is comparatively messy and repetitive. Note  that  this  messy  statechart  has  a  state  for  each  combination  of  states from Figure 4.9 ( stacks = Publication is in library and not on reserve, onloan = Publication is on loan and not on reserve, etc.). 3 State transitions are labeled with their enabling events and conditions and with their side effects.Transition labels have syntax where  the  triggering event is  a  message  that  may  carry  parameters. The  enabling condition , delimited by square brackets, is a predicate on the object's attribute values. If the transition is taken, its actions , each prefaced with a slash (/), specify assignments made to the object's attributes; the asterisk indicates that a transition may have arbitrarily  many  actions. If  the  transition  is  taken, it  may  generate  arbitrarily  many output events , /^Object.event , each prefaced with a caret an output event may carry parameters and is either designated for a target Object or is broadcast to all objects. For example, in the messy Publication statechart (Figure 4.10), the transition to state recall is enabled if the publication is in state onloan when a request to put the item on reserve is received.When the transition is taken, it sends an event to the Loan object, which in turn will notify the borrower that the item must be returned to the library sooner than the loan's due date. Each of the transition-label elements is optional. For example, a transition need not be enabled by an input event; it could be enabled  only  by  a  condition  or  by  nothing, in  which  case  the  transition  is  always enabled. 1 ¿ 2 ; ' '*''


[2]
[SECTION]: Capturing the Requirements > 4.5 Modeling Notations > Example: UML Statechart Diagrams
[CONTENT]: A UML statechart diagram depicts the dynamic behavior of the objects in a UML class. A UML class diagram gives a static, big-picture view of a problem, in terms of the entities involved and their relationships; it says nothing about how the entities behave, or how their behaviors change in response to input events.A statechart diagram shows how a class's instances should change state and how their attributes should change value as the  objects  interact  with  each  other. Statechart  diagrams  are  a  nice  counterpart  to Message Sequence Charts (MSC).An MSC shows the events that pass between entities without saying much about each entity's behavior, whereas a statechart diagram shows how a single entity reacts to input events and generates output events.
A UML model is a collection  of  concurrently  executing  statecharts-one  per instantiated  object-that  communicate  with  each  other  via  message  passing  (OMG 2003). Every class in a UML class diagram has an associated statechart diagram that specifies the dynamic behavior of the objects of that class. Figure 4.9 shows the UML statechart diagram for the Publication class from our Library class model.
UML statechart diagrams have a rich syntax, much of it borrowed from Harel's original conception of statecharts (Harel 1987), including state hierarchy, concurrency, and intermachine communication. State hierarchy is used to unclutter diagrams by collecting into superstates those states with common transitions.We can think of a superstate as a submachine, with its own set of states and transitions. A transition whose destination state is a superstate acts as a transition to the superstate's default initial state, designated  by  an  arrow  from  the  superstate's  internal  black  circle. A  transition  whose source state is a superstate acts as a set of transitions, one from each of the superstate's internal states. For example, in the Publication state diagram, the transition triggered by event lose can be enabled from any of the superstate's internal states; this transition ends in a final state and designates the end of the object's life.
",1.559,7.788,0.9999999999,0.8333333333333334,0.9090909090495868,0.03189654181826917,N/A,0
"In the messy UML statechart diagram for the Publication class, what specific input event triggers the transition directly from the onloan state to the recall state?",The transition from onloan to recall is triggered when a request to put the item on reserve is received.,"
[0]
[SECTION]: Capturing the Requirements > 4.5 Modeling Notations > Example: UML Statechart Diagrams
[CONTENT]: (footnote: 3 The messy statechart also has a recall state that covers the case where a publication that is being put on reserve is on loan and needs to be recalled; this behavior cannot be modeled as a transition from onloan to reserveloan , because state reserveloan has a transition cancel (used to disallow a loan request if the Patron has outstanding fines) that would be inappropriate in this situation.This special case is modeled in Figure 4.9 by testing on entry (keyword entry is explained below) to state reserve whether the concurrent submachine is In state onloan and issuing a recall event if it is.)
[FIGURE 4.10 Messy UML statechart diagram for Publication class.] 
The UML statechart diagram for the Loan association class in Figure 4.11 illustrates how states can be annotated with local variables (e.g., variable num renews ), actions, and activities. Variables that are local to a state are declared and initialized in the center section of the state.The state's lower section lists actions and activities on the state's  local  variables  as  well  as  on  the  object's  attributes. The  distinction  between actions and activities is subtle: an action is a computation that takes relatively no time to complete and that is uninterruptible, such as assigning an expression to a variable or sending a message. An action can be triggered by a transition entering or exiting the state, in which case it is designated by keyword entry or exit followed by arbitrarily many actions and generated events; or it  can  be  triggered  by  the  occurrence  of  an event, in which case it is designated by the event name followed by arbitrarily many actions and generated events. In our Loan statechart, variable num renews is incremented every time state item  on  loan is  entered, that is, every time the loan is renewed; and  a recallNotify event  is  sent  to  the Patron whenever a recall event is received in that state. In contrast to actions, an activity is a more complex computation that executes over a period of time and that may be interruptible, such as executing an operation. Activities are initiated on entry to the state. When a transition, including a looping transition like the one triggered by renew , executes, the order in which actions are applied is as follows: first, the exit actions of the transition's source state are applied, followed by the transition's own actions, followed by the entry actions and activities of the new state.
[FIGURE_DESCRIPTIONS]
[0] Diagram labeled Publication depicting a software-like control flow with entities such as strike, reserve, loan, and cancel. Central node appears to be a black circle connected to labeled rectangular blocks via arrows: loan, reserve, cancel, recall, and lose. The diagram shows bidirectional arrows and multiple loops indicating create, borrow, return, and delete operations. Text labels include: publish/Publication at top, by, lose, loan, reserve, recall, cancel, delete, create, and return. Arrows indicate operations like borrow/patron, return/loan.delete, and loss/lose. There are rounded rectangular nodes representing processes or state changes (e.g., loan, reserve, recall, cancel, create) connected by arrows with labels such as return, lose, and create. The overall structure resembles a state machine or activity diagram outlining lifecycle actions for publications with operations to borrow, reserve, recall, cancel, and delete, including edge cases for lose and return. Visible typography is small but legible: Publication, by, lose, loan, reserve, recall, cancel, delete, create, return, recall, and lose several times. The diagram uses a bordered, rounded rectangle container with a schematic flow of actions around a central node.



[1]
[SECTION]: Capturing the Requirements > 4.5 Modeling Notations > Example: UML Statechart Diagrams
[CONTENT]: A superstate can actually comprise multiple concurrent submachines, separated by dashed lines.The UML statechart for Publication includes two submachines:one that indicates  whether  or  not  the  publication  is  out  on  loan, and  another  that  indicates whether  or  not  the  publication  is  on  reserve. The  submachines  are  said  to  operate concurrently , in that a Publication instance could at any time receive and respond to events of interest to either or both submachines. In general, concurrent submachines are used  to  model  separate, unrelated  subbehaviors, making  it  easier  to  understand  and consider each subbehavior. An equivalent statechart for Publication in Figure 4.10 that does not make use of state hierarchy or concurrency is comparatively messy and repetitive. Note  that  this  messy  statechart  has  a  state  for  each  combination  of  states from Figure 4.9 ( stacks = Publication is in library and not on reserve, onloan = Publication is on loan and not on reserve, etc.). 3 State transitions are labeled with their enabling events and conditions and with their side effects.Transition labels have syntax where  the  triggering event is  a  message  that  may  carry  parameters. The  enabling condition , delimited by square brackets, is a predicate on the object's attribute values. If the transition is taken, its actions , each prefaced with a slash (/), specify assignments made to the object's attributes; the asterisk indicates that a transition may have arbitrarily  many  actions. If  the  transition  is  taken, it  may  generate  arbitrarily  many output events , /^Object.event , each prefaced with a caret an output event may carry parameters and is either designated for a target Object or is broadcast to all objects. For example, in the messy Publication statechart (Figure 4.10), the transition to state recall is enabled if the publication is in state onloan when a request to put the item on reserve is received.When the transition is taken, it sends an event to the Loan object, which in turn will notify the borrower that the item must be returned to the library sooner than the loan's due date. Each of the transition-label elements is optional. For example, a transition need not be enabled by an input event; it could be enabled  only  by  a  condition  or  by  nothing, in  which  case  the  transition  is  always enabled. 1 ¿ 2 ; ' '*''
",2.239,2.907,0.9999999999,1.0,0.99999999995,0.9436105878924496,1.0,1
How is slack time computed using available time and real time?,"Slack time or float for an activity is the difference between the available time and the real time for that activity: Slack time = available time -real time. For example, surveying may begin on day 1, so the earliest start time is day 1. However, because it will take 15 days to request and receive permits, surveying can begin as late as day 13 and still not hold up the project schedule. Therefore, surveying has 15 days of available time, but requires only 3 days of real time.","
[0]
[SECTION]: Planning and Managing the Project > 3.1 Tracking Progress > Slack time = latest start time -earliest start time
[CONTENT]: Let us compute the slack for our example's activities to see what it tells us about the project schedule. We compute slack by examining all paths from the start to the finish. As we have seen, it must take 15 days to complete milestones 1.1 and 1.2.An additional 55 days are used in completing milestones 1.3, 1.4, 2.1, and 2.2. At this point, there are four possible paths to be taken:
 - Following milestones 2.3 through 2.7 on the graph requires 39 days.
 - Following milestones 2.3 through 2.8 on the graph requires 42 days.
 - Following milestones 3.1 through 3.4 on the graph requires 54 days.
 - Following milestones 3.1 through 3.6 on the graph requires 54 days.
Because milestones 2.7, 2.8, 3.4, and 3.6 must be met before the project is finished, our schedule is constrained by the longest path.As you can see from Figure 3.3 and our preceding calculations, the two paths on the right require 124 days to complete, and the two paths on the left require fewer days. To calculate the slack, we can work backward along the path to see how much slack time there is for each activity leading to a node. First, we note that there is zero slack on the longest path.Then, we examine each of the remaining nodes to calculate the slack for the activities leading to them. For example,
54 days are available to complete the activities leading to milestones 2.3, 2.4, 2.5, 2.6, and 2.8, but only 42 days are needed to complete these. Thus, this portion of the graph has 12 days of slack. Similarly, the portion of the graph for activities 2.3 through 2.7 requires only 39 days, so we have 15 days of slack along this route. By working forward through the graph in this way, we can compute the earliest start time and slack for each of the activities.Then, we compute the latest start time for each activity by moving from the finish back through each node to the start. Table 3.4 shows the results: the slack time for each activity in Figure 3.3. (At milestone 2.6, the path can branch to 2.7 or 2.8. The latest start times in Table 3.4 are calculated by using the route from 2.6 to 2.8, rather than from 2.6 to 2.7.)


[1]
[SECTION]: Planning and Managing the Project > 3.1 Tracking Progress > Estimating Completion
[CONTENT]: To see how CPM works, consider again our house-building example. First, we notice that the activities leading to milestones 1.1 (surveying) and 1.2 (requesting permits) can occur concurrently. Since excavation (the activity culminating in milestone 1.3) cannot begin until day 16, surveying has 15 days in which to be completed, even though it is only 3 days in duration. Thus, surveying has 15 days of available time, but requires only 3 days of real time. In the same way, for each activity in our graph, we can compute a pair of times: real time and available time.The real time or actual time for an activity is the estimated amount of time required for the activity to be completed, and the available time is the amount of time available in the schedule for the activity's completion. Slack time or float for an activity is the difference between the available time and the real time for that activity:
Slack time = available time -real time 1.1 FINISH Another way of looking at slack time is to compare the earliest time an activity may begin  with  the  latest  time  the  activity  may  begin  without  delaying  the  project. For example, surveying may begin on day 1, so the earliest start time is day 1. However, because it will take 15 days to request and receive permits, surveying can begin as late as day 13 and still not hold up the project schedule.Therefore,


[2]
[SECTION]: Planning and Managing the Project > 3.1 Tracking Progress > Slack time = latest start time -earliest start time
[CONTENT]: assign a probable duration according to some probability distribution, so that each activity has associated with it an expected value and a variance. In other words, instead of knowing an exact duration, we estimate a window or interval in which the actual time is likely to fall. The expected value is a point within the interval, and the variance describes the width of the interval. You may be familiar with a standard probability distribution called a normal distribution, whose graph is a bell-shaped curve.The Program Evaluation and Review Technique (PERT) is a popular critical path analysis technique that assumes a  normal distribution. (See Hillier and Lieberman [2001] for more information about PERT.) PERT determines the probability that the earliest start time for an activity is close to the scheduled time for that activity. Using information such as probability distribution, latest and earliest start times, and the activity graph, a PERT program can calculate the critical path and identify those activities most likely to be bottlenecks. Many project managers use the CPM or PERT method to examine their projects. However, these methods are valuable only for stable projects in which several activities take place concurrently. If the project's activities are mostly sequential, then almost all activities are on the critical path and are candidates for bottlenecks. Moreover, if the project requires redesign or rework,the activity graph and critical path are likely to change during development.


[3]
[SECTION]: Planning and Managing the Project > 3.1 Tracking Progress > Slack time = latest start time -earliest start time
[CONTENT]: 
[FIGURE_DESCRIPTIONS]
[0] A CPM bar chart displaying project activities with two time axes labeled Early Date and Late Date, followed by monthly markers from Jan 98 to Feb 99. The left column lists task names including Test of phase 1, Define test plan, Write test plan, Inspect test plan, Integration testing, Interface testing, Document results, System testing, Performance tests, Configuration tests, and Document results again. Each row shows a horizontal bar whose length corresponds to the duration of the task, with the bars using asterisks to indicate progress or activity span. Date headers align above the bars: Jan 98, Feb 98, Mar 98, Apr 98, May 98, Jun 98, Jul 98, Aug 98, Sep 98, Oct 98, Nov 98, Dec 98, Jan 99, Feb 99. Specific tasks end or extend into late 1998 and early 1999, with some bars truncated to FFFFFF or marked as ----FFF indicating milestones or incomplete progress. The diagram is labeled FIGURE 3.4 CPM bar chart and includes a small legend-like section on the far right. Visible text includes task names, dates, and bar annotations such as ***** or -FFFFF-.

",2.361,7.338,0.9999999999,1.0,0.99999999995,0.48311188381327563,0.875,1
"In the Petri net model of the library problem, what specific variables or tuples are shown being passed as inputs into the Process Payment transition?",Process Payment inputs are a payment and the patron's current fines.,"
[0]
[SECTION]: Capturing the Requirements > 4.5 Modeling Notations > Example: Petri Nets
[CONTENT]: Basic Petri nets are fine for modeling how control flows through events or among concurrent entities. But if we want to model control that depends on the value of data (e.g., borrowing a particular book from a collection of books), then we need to use a high-level Petri net notation.A number of extensions to basic Petri nets have been proposed to improve the notation's expressibility, including inhibitor arcs, which enable a transition only if the input place is empty of tokens; priority among transitions; timing constraints; and structured tokens, which have values.
To model our library problem, which tracks information and events for multiple patrons and publications, we need a Petri net notation that supports structured tokens and transition actions (Ghezzi et al. 1991). A transition action constrains which tokens in  the  input  places  can  enable  the  transition  and  specifies  the  values  of  the  output tokens. Figure 4.13 is a high-level Petri net specification for the library problem. Each place stores tokens of a different data type. Avail stores a token for every library item that is not currently out on loan.A token in Fines is an n -tuple (i.e., an ordered set of n elements, sometimes called a tuple for short) that maps a patron to the value of his or her total outstanding library fines.A token in OnLoan is another type of tuple that maps a patron and a library item to a due date . A few of the transition predicates and actions are shown in Figure 4.13, such as the action on Process Payment , where the inputs are a payment and the patron's current fines , and the output is a new Fines tuple. The predicates not shown assert that if the token elements in a transition's input or output tokens have the same name, they must have the same value. So in  transition Borrow , the patron making  the Loan  Request must  match  the patron with no outstanding Fines and match the patron who appears in the generated OnLoan tuple; at the same time, the item being borrowed must match an item in Avail . Otherwise, those tuples do not enable the transition. The net starts with an initial marking of item tuples in Avail and ( patron, 0 ) tuples in Fines . As library users trigger input transitions Pay , Initiate Loan , and Initiate Return , new tokens are introduced to the system, which enable the library transitions, which in turn fire and update the Fines tokens and the Avail and OnLoan tokens, and so on.


[1]
[SECTION]: Capturing the Requirements > 4.5 Modeling Notations > Example: Petri Nets
[CONTENT]: [FIGURE 4.13 Petri net of the library problem.] 
[FIGURE_DESCRIPTIONS]
[0] Flowchart diagram illustrating a financial loan process with labeled nodes and directed edges. Key entities include Pay, Payment, Fines, Overdue Fines, Item, Avail, Return, OnLoan, Withdraw/Return Requests, and Loan Request. The top section shows a payer paying an amount labeled as (patron, payment) and (patron, fines - payment). Transitions indicate Initialize/Withdraw Loan Request at left, leading to OnLoan and Available items, and cycles involving Fines, Overdue Fines, and Return Requests. The diagram includes phrases such as 'patron, fines > 0', 'patron, item, due date', 'item', 'Return Request', and 'Withdraw/Return Request'. There are circular nodes and arrows representing state changes between loan initiation, payment, fines accrual, borrowing, and returning items. Visual emphasis on the flow between 'Loan Request', 'OnLoan', 'Avail', and ‘Return’ processes with decision points implied by labels.



[2]
[SECTION]: Capturing the Requirements > 4.5 Modeling Notations > Example: Petri Nets
[CONTENT]: UML statechart diagrams nicely modularize a problem's dynamic behavior into the behaviors of individual class objects, with the effect that it may be easier to consider each class's behavior separately than it is to specify the whole problem in one diagram. This modularization makes it harder, though, to see how objects interact with each other. Looking at an individual statechart diagram, we can see when an object sends a message to another object. However, we have to examine the two objects' diagrams simultaneously to see that a message sent by one object can be received by the other. In fact, to be completely sure, we would have to search the possible executions (event traces) of the two machines, to confirm that whenever one object sends a message to the other, the target object is ready to receive and react to the message.
Petri nets (Peterson 1977) are a form of state-transition notation that is used to model concurrent activities and their interactions. Figure 4.12 shows a basic Petri net specifying the behavior of a book loan. The circles in the net are places that represent activities or conditions, and the bars represent transitions . Directed arrows, called arcs , connect a transition with its input places and its output places . The places are populated with tokens , which act as enabling conditions for the transitions.When a transition fires , it removes tokens from each of its input places and inserts tokens into each of its output places. Each arc can be assigned a weight that specifies how many tokens are removed from the arc's input place, or inserted into the arc's output place, when the transition fires. A transition is enabled if each of its input places contains enough tokens to contribute its arc's weight's worth of tokens, should the enabled transition actually fire.Thus, in  Figure  4.12, transitions Return,Withdraw  Return  Request , and Withdraw Loan Request are all enabled; firing transition Return removes a token from each of the places ReturnRequest and OnLoan , and inserts a token into Avail . The net's marking , which is the distribution of tokens among places, changes as transitions fire. In each execution step, the marking determines the set of enabled transitions; one enabled transition is nondeterministically selected to fire; the firing of this transition produces a new marking, which may enable a different set of transitions.We can model concurrent behavior by combining into a single net the activities, transitions, and tokens for several executing entities. Concurrent entities are synchronized whenever their activities, or places, act as input places to the same transition. This synchronization ensures that all of the pre-transition activities occur before the transition fires, but does not constrain the order in which these activities occur.
",2.135,3.898,0.9999999999,1.0,0.99999999995,0.9314135936441827,1.0,1
"If a system is designed using a pure publish-subscribe architectural style with implicit invocation, why would attempting to model the complete system's dynamic behavior using Message Sequence Charts (MSCs) be inherently difficult or misleading regarding the interactions between the publishing and subscribing components? -Required source types: both -Brief reasoning type label: causal reasoning","Modeling the complete system's dynamic behavior with MSCs in a pure publish-subscribe architecture using implicit invocation is inherently difficult because publishers and subscribers are decoupled: the publishing component merely announces events and waits for interested components to react, while the infrastructure invokes all of the event's registered procedures, not a direct, one-to-one communication between specific pairs of components.","
[0]
[SECTION]: Designing the Architecture > 5.4 Architectural Styles And Strategies > Publish-Subscribe
[CONTENT]: This is a common architectural style for integrating tools in a shared environment. For example, Reiss (1990) reports on an environment called Field, where tools such as editors register for events that might occur during a debugger's functioning.To see how, consider that the debugger processes code, one line at a time. When it recognizes that it has reached a set breakpoint, it announces the event 'reached breakpoint'; then, the system forwards the event to all registered tools, including the editor, and the editor reacts to the event by automatically scrolling to the source-code line that corresponds  to  the  breakpoint. Other  events  that  the  debugger  might  announce  include entry and exit points of functions, runtime errors, and comments to clear or reset the program's execution. However, the debugger is not aware of which tools, if any, have registered for the different events, and it has no control over what the other tools will do in response to one of its events. For this reason, a publish-subscribe system will often include  some  explicit  invocations  (e.g., calls  to  access  methods)  when  a  component wants to enforce or confirm a specific reaction to a critical event.
Publish-subscribe  systems  have  several  strengths  and  weaknesses  (Shaw  and Garlan 1996):
 - Such  systems  provide  strong  support  for  system  evolution  and  customization. Because  all  interactions  are  orchestrated  using  events, any  publish-subscribe
 - component can be added to the system and can register itself without affecting other components.
 - For the same reason, we can easily reuse publish-subscribe components in other event-driven systems.
 - Components can pass data at the time they announce events. But if components need to share persistent data, the system must include a shared repository to support  that  interaction. This  sharing  can  diminish  the  system's  extensibility  and reusability.


[1]
[SECTION]: Designing the Architecture > 5.4 Architectural Styles And Strategies > Publish-Subscribe
[CONTENT]: In a publish-subscribe architecture, components interact by broadcasting and reacting to events. A component expresses interest in an event by subscribing to it. Then, when another component announces ( publishes ) that the event has taken place, the subscribing components are notified.The underlying publish-subscribe infrastructure is responsible both for registering event subscriptions and for delivering published events to the appropriate components. Implicit invocation is  a  common form of publish-subscribe architecture, in which a subscribing component associates one of its procedures with each event of interest (called registering the procedure). In this case, when the event occurs, the publish-subscribe infrastructure invokes all of the event's registered procedures. In contrast to client-server and P2P components, publish-subscribe components know nothing about each other. Instead, the publishing component simply announces events and then waits for interested components to react; each subscribing component simply reacts to event announcements, regardless of how they are published. In models of this kind of architecture, the underlying infrastructure is often represented as an event bus to which all publish-subscribe components are connected.


[2]
[SECTION]: Designing the Architecture > 5.4 Architectural Styles And Strategies > Combining Architectural Styles
[CONTENT]: It is easiest to think about an architectural style and its associated properties when we consider the style in its purest form. However, actual software architectures are rarely based purely on a single style. Instead, we build our software architecture by combining different architectural styles, selecting and adapting aspects of styles to solve particular problems in our design.
Architectural styles can be combined in several ways:
 - We might use different styles at different levels of our system's decomposition. For example, we might view our system's overall structure as a client-server architecture, but subsequently decompose the server component into a series of layers. Or a simple intercomponent connection at one level of abstraction may be refined to be a collection of components and connectors at a lower level of decomposition.
For  instance, we  might  decompose  one  architecture's  publish-subscribe  interactions to elaborate the components and protocols used to manage event subscriptions and to notify subscribing components of event announcements.
 - Our architecture  may  use  a  mixture  of  architectural  styles  to  model  different components or different types of interactions among components, such as the architecture  shown  in  Figure  5.10. In  this  example, several  client  components interact  with  each  other  using  publish-subscribe  communications. These  same components  use  server  components  via  request/reply  protocols; in  turn, the server components interact with a shared data repository. In this example, the architecture integrates different styles into a single model by allowing components to play multiple roles (e.g., client, publisher, and subscriber) and to engage in multiple types of interactions.


[3]
[SECTION]: Designing the Architecture > 5.4 Architectural Styles And Strategies > Publish-Subscribe
[CONTENT]:  - Publish-subscribe systems are difficult to test, because the behavior of a publishing component will depend on which subscribing components are monitoring its events.Thus, we cannot test the component in isolation and infer its correctness in an integrated system.


[4]
[SECTION]: Designing the Architecture > 5.4 Architectural Styles And Strategies > Combining Architectural Styles
[CONTENT]: [FIGURE 5.10 Combination of publish-subscribe, client-server, and repository architecture styles.] 
[FIGURE_DESCRIPTIONS]
[0] Diagrammatic slide fragment showing a client-server architecture with labeled components and data flow. Left side contains a KEY box mapping symbols to actions: client, server, repository, publish/subscribe, query, and database transactions. Arrows indicate flows between client or server and repository or database. Right side depicts a Web Server and Web Browser stack, including a Web Server and Web Browser communicating with a Desktop Application labeled as Client Application, Server-side Presentation, and Business Logic. Beneath, two Application Databases are connected to Application Server blocks representing data storage for each application. Text labels include: Web Browser, Web Server, Desktop Client Application, Server-side Presentation, Business Logic, Enterprise Information Systems, Application Databases. The diagram conveys separation of concerns among presentation, logic, and data layers, with explicit data paths for publish/subscribe, database reads/writes, and application communication.

",1.61,6.654,0.9999999999,0.8333333333333334,0.9090909090495868,0.7537242494282848,0.8,1
What is the critical path?,The critical path is the path through the schedule that has no slack; the activities on it have zero slack and there is no margin for error.,"
[0]
[SECTION]: Planning and Managing the Project > 3.14 Exercises
[CONTENT]:  - You are about to bake a two-layer birthday cake with icing. Describe the cake-baking project as a work breakdown structure. Generate an activity graph from that structure. What is the critical path?
 - Figure 3.23 is an activity graph for a software development project. The number corresponding to each edge of the graph indicates the number of days required to complete the activity represented by that branch. For example, it will take four days to complete the E activity that ends in milestone E. For each activity, list its precursors and compute the earliest start time, the latest start time, and the slack.Then, identify the critical path.
 - Figure 3.24 is an activity graph. Find the critical path.
 - On a software development project, what kinds of activities can be performed in parallel? Explain why the activity graph sometimes hides the interdependencies of these activities.
 - Describe  how  adding  personnel  to  a  project  that  is  behind  schedule  might  make  the project completion date even later.
[FIGURE_DESCRIPTIONS]
[0] Activity graph for Exercise 2. The diagram shows a top triangular path from node D to I with edges labeled 5, 2, and 6 forming a small cycle with B, D, and I. A horizontal main path runs from START at node A through nodes E, G, I to FINISH at the far right, with edge labels: START to A (4), A to E (4), E to G (3), G to I (2), I to FINISH (8). A bottom path connects A to C to F to H to K to FINISH, with edge labels: A to C (5), C to F (3), F to H (3), H to K (3), K to FINISH (3). There are additional connections: B between START and D to I forming a subpath, and E connected to G and to B via edges labeled 3 and 6 respectively, indicating multiple routes. The diagram is a graph with labeled edges and numeric weights, illustrating search or traversal possibilities across the activity graph, with START on the far left and FINISH on the far right. Visible text includes node labels A, B, C, D, E, F, G, H, I, K and edge weights such as 4, 5, 3, 6, 2, 8, etc.



[1]
[SECTION]: Planning and Managing the Project > 3.1 Tracking Progress > Slack time = latest start time -earliest start time
[CONTENT]: Since the critical path has no slack, there is no margin for error when performing the activities along its route.
Notice what happens when an activity on the critical path begins late (i.e., later than its earliest start time). The late start pushes all subsequent critical path activities forward, forcing them to be late, too, if there is no slack. And for activities not on the critical path, the subsequent activities may also lose slack time. Thus, the activity graph helps us to understand the impact of any schedule slippage.
Consider what happens if the activity graph has several loops in it. Loops may occur when an activity must be repeated. For instance, in our house-building example, the building inspector may require the plumbing to be redone.In software development, a design inspection may require design or requirements to be respecified. The appearance of these loops may change the critical path as the loop activities are exercised more than once. In this case, the effects on the schedule are far less easy to evaluate.
Figure 3.4 is a bar chart that shows some software development project activities, including information about the early and late start dates; this chart is typical of those produced by automated project management tools. The horizontal bars represent the duration of each activity; those bars composed of asterisks indicate the critical path. Activities depicted by dashes and Fs are not on the critical path, and an F represents float or slack time.
Critical path analysis of a project schedule tells us who must wait for what as the project is being developed. It also tells us which activities must be completed on schedule to avoid delay. This kind of analysis can be enhanced in many ways. For instance, our house-building example supposes that we know exactly how long each activity will take. Often, this is not the case. Instead, we have only an estimated duration for an activity, based on our knowledge of similar projects and events. Thus, to each activity, we can ***********************


[2]
[SECTION]: Planning and Managing the Project > 3.6 Process Models And Project Management > Enrollment Management
[CONTENT]: Another cusp occurred when a critical task was announced to be several months behind schedule.The management addressed this problem by instituting regular operational  inspections  of  progress  so  there  would  be  no  more  surprises. The  inspection involved presentation of a one-page report, itemizing key points about the project:
 - schedule
 - milestones
 - critical path events in the past month
 - activities along the critical path in the next month
 - issues and dependencies resolved
 - issues and dependencies not resolved (with ownership and due dates)
An important aspect of Alpha's success was the managers' realization that engineers  are  usually  motivated  more  by  recognition  than  by  financial  gain. Instead  of rewarding participants with money, they focused on announcing progress and on making sure that the public knew how much the managers appreciated the engineers' work.
The result of Alpha's flexible and focused management was a program that met its  schedule to the month, despite setbacks along the way. Enrollment management enabled small groups to recognize their potential problems early and take steps to handle them while the problems were small and localized. Constancy of purpose was combined with continual learning to produce an exceptional product. Alpha met its performance goals, and its quality was reported to be very high.


[3]
[SECTION]: Testing the Programs > 8.8 When To Stop Testing > Other Stopping Criteria
[CONTENT]: The test strategy itself can be used to set stopping criteria for testing. For example, when we are doing statement, path, or branch testing, we can track how many statements, paths, or branches need to be executed and determine our test progress in terms of the number of statements, paths, or branches left to test.
Many automated tools calculate these coverage values for us. Consider this code from Lee and Tepfenhart (1997) to implement a computer game:
A tool may add to the listing a notation about where the branches are, as shown. Thus, branch 1 is the path taken when i is within the loop parameters in statement 6, branch 2 is the path taken when i is not in the loop parameters, branch 3 is the path taken when v.X is zero in statement 13, branch 4 is the path taken when v.X is not zero, and so on.An automated tool can calculate all of the paths to be covered by tests; in this case, there are or 8, possibilities.Then, as testing progresses, the tool may produce a report like the ones in Tables 8.8 and 8.9, so we see how many paths are left to traverse in order to have path or branch coverage. 2 3 ,
",2.025,5.265,0.9999999999,1.0,0.99999999995,0.9537330421058188,1.0,1
What are the two components used to describe a preferred work style?,"The two components are: the way in which your thoughts are communicated and ideas gathered, and the degree to which your emotions affect decision making.","
[0]
[SECTION]: Planning and Managing the Project > 3.2 Project Personnel > Work Styles
[CONTENT]: Different people have different preferred styles for interacting with others on the job and for understanding problems that arise in the course of their work. For example, you may prefer to do a detailed analysis of all possible information before making a decision, whereas your colleague may rely on 'gut feeling' for most of his important decisions. You can think of your preferred work style in terms of two components: the way in which your thoughts are communicated and ideas gathered, and the degree to which your emotions affect decision making. When communicating ideas, some people tell others their thoughts, and some people ask for suggestions from others before forming an opinion. Jung (1959) calls the former extroverts and the latter introverts . Clearly, your communication style affects the way you interact with others on a project. Similarly, intuitive people base their decisions on feelings about and emotional reactions to a problem. Others are rational , deciding primarily by examining the facts and carefully considering all options.
We can describe the variety of work styles by considering the graph of Figure 3.10, where communication style forms the horizontal axis and decision style the vertical one.The more extroverted you are, the farther to the right your work style falls on the graph. Similarly, the more emotions play a part in your decisions, the higher up you go. Thus, we can define four basic work styles, corresponding to the four quadrants of the graph. The rational extroverts tend to assert their ideas and not let 'gut feeling' affect their decision making.They tell their colleagues what they want them to know, but they rarely ask for more information before doing so.When reasoning,they rely on logic, not emotion.The rational introverts also avoid emotional decisions, but they are willing to take time to consider all possible courses of action. Rational introverts are information gatherers; they do not feel comfortable making a decision unless they are convinced that all the facts are at hand.


[1]
[SECTION]: Planning and Managing the Project > 3.2 Project Personnel > Work Styles
[CONTENT]: Work styles can also involve choice of worker for a given task.For instance,intuitive employees may prefer design and development (requiring new ideas) to maintenance programming and design (requiring attention to detail and analysis of complex results).


[2]
[SECTION]: Modeling the Process and Life Cycle > 2.3 Tools And Techniques For Process Modeling
[CONTENT]: There are many choices for modeling tools and techniques, once you decide what you want to capture in your process model; we have seen several modeling approaches in our  model  depictions  in  the  preceding  section. The  appropriate  technique  for  you depends on your goals and your preferred work style. In particular, your choice for notation depends on what you want to capture in your model.The notations range from textual ones that express processes as functions, to graphical ones that depict processes as hierarchies of boxes and arrows, to combinations of pictures and text that link the graphical depiction to tables and functions elaborating on the high-level illustration. Many of the modeling notations can also be used for representing requirements and designs; we examine some of them in later chapters.
In this chapter, the notation is secondary to the type of model, and we focus on two major categories, static and dynamic. A static model depicts the process, showing that the inputs are transformed to outputs.A dynamic model enacts the process, so the user can see how intermediate and final products are transformed over time.


[3]
[SECTION]: Designing the Architecture > 5.4 Architectural Styles And Strategies > Repositories
[CONTENT]: A repository style of architecture consists of two types of components: a central data store and associated data-accessing components. Shared data are stockpiled in the data store, and the data accessors are computational units that store, retrieve, and update the information. It is challenging to design such a system, because we must decide how the two types of components will interact. In a traditional database , the data store acts like a server component, and the data-accessing clients request information from the data store, perform calculations, and request that results be written back to the data store. In such a system, the data-accessing components are active , in that they initiate the system's computations.
However, in the blackboard type of repository (illustrated in Figure 5.8), the dataaccessing components are reactive : they execute in reaction to the current contents of the data store. Typically, the blackboard contains information about the current state of the system's  execution  that  triggers  the  execution  of  individual  data  accessors, called knowledge sources . For example, the blackboard may store computation tasks, and an idle knowledge source checks a task out of the blackboard, performs the computation locally, and checks the result back into the blackboard. More commonly, the blackboard stores the current state of the system's computation,and knowledge sources detect pieces of the unsolved problem to tackle. For example, in a rule-based system, the current state of the solution is stored in the blackboard, and knowledge sources iteratively revise and improve the solution by applying rewriting rules.The style is analogous to a computation or proof that is written on a real-world blackboard, where people (knowledge sources) iteratively improve the write-up by walking up to the blackboard, erasing some part of the writing, and replacing it with new writing (Shaw and Garlan 1996).


[4]
[SECTION]: Designing the Architecture > 5.4 Architectural Styles And Strategies
[CONTENT]: Researchers are continuously analyzing good software designs, looking for useful architectural styles that can be applied more generally. These styles are then collected in style catalogues that an architect can reference when considering the best architecture for a given set of requirements. A few of these catalogues are listed at the end of this chapter.
In  the  rest  of  this  section, we  examine  six  architectural  styles  commonly  used in software development: pipe-and-filter, client-server, peer-to-peer, publish-subscribe, repositories , and layering . For each style, we describe the software elements comprising the style, the constraints on interactions among elements, and some properties (good and bad) of the resulting system.
",1.645,3.685,0.9999999999,1.0,0.99999999995,0.797967428044275,1.0,1
"In the use-case diagram for the library system, which two specific use cases are connected to the reserve item use case via an <<extend>> relationship?",The two use cases connected via an <<extend>> relationship to Reserve item are borrow item and remember item.,"
[0]
[SECTION]: Capturing the Requirements > 4.5 Modeling Notations > Example: Use Cases
[CONTENT]: Each use case encompasses several possible scenarios, some successful and some not, but all related to some usage of the system. External to the use-case diagram, the use cases and their variants are detailed as textual event traces. Each use case identifies pre-conditions and alternative behavior if the pre-conditions are not met, such as looking for a lost book; post-conditions, which summarize the effects of the use case; and a normal, error-free scenario comprising a sequence of steps performed by actors or by the system.A completely detailed use case specifies all possible variations of each step in the normal scenario, including both valid behaviors and errors. It also describes the possible scenarios that stem from the valid variations and from recoverable failures. If there is a sequence of steps common to several use cases, the sequence can be extracted out to form a subcase that can be called by a base use case like a procedure call. In the use-case diagram, we draw a dashed arrow from a base case to each of its subcases and annotate  these  arrows  with  stereotype <<include>> . 4 A  use  case  can  also  be appended with an extension subcase that adds functionality to the end of the use case. In the use-case diagram, we draw a dashed arrow from the extension subcase to the base  use  case  and  annotate  the  arrow  with  stereotype <<extend>> . Examples  of stereotypes are included in Figure 4.15.
(footnote: 4 In UML, a stereotype is a meta-language facility for extending a modeling notation, allowing the user to augment one of the notation's constructs with a new < <keyword> >.)


[1]
[SECTION]: Capturing the Requirements > 4.5 Modeling Notations > Example: Use Cases
[CONTENT]: A UML use-case diagram (OMG 2003) is similar to a top-level data-flow diagram that depicts observable, user-initiated functionality in terms of interactions between the system and its environment.A large box represents the system boundary. Stick figures outside the box portray actors, both humans and systems, and each oval inside the box is a use  case  that  represents  some  major  required  functionality  and  its  variants. A  line between an actor and a use case indicates that the actor participates in the use case. Use cases are not meant to model all the tasks that the system should provide. Rather, they are used to specify user views of essential system behavior. As such, they model only system  functionality  that  can  be  initiated  by  some  actor  in  the  environment. For example, in Figure 4.15, key library uses include borrowing a book, returning a borrowed book, and paying a library fine.
[FIGURE 4.15 Library use cases.] 
[FIGURE_DESCRIPTIONS]
[0] Diagram shows a system with two external actors labeled ""Patron"" on the left and ""Librarian"" on the left bottom, connected to a central data flow or process area enclosed by a large rectangle. Within the inner area are ovals representing use cases: at top cluster: ""pay fines"", ""check fines"", ""find item"", ""extend"" (labeled as (extend) near some arrows), ""borrow item"", and ""return item"" with arrows indicating relationships among them. Some use cases are linked with dashed lines indicating optional or extended relationships; e.g., ""reserve item"" and ""recall item"" appear in a middle-left cluster with the librarian actor involved. Text markers like ""include"" and ""extend"" appear beside arrows to denote UML use-case relationships; the librarian interacts with use cases like ""unreserve item"" and possibly a general inventory interface labeled ""Library inventory"" on the right. The diagram emphasizes relationships between patrons and librarians with the library inventory boundary on the right, showing user actions: paying fines, finding, borrowing, returning, reserving, recalling, unreserve. The visual arrangement suggests a use-case diagram with actors on the periphery, ovals for actions, and directed lines indicating associations and include/extend relationships. Readable labels include: pay fines, check fines, find item, borrow item, return item, reserve item, recall item, unreserve item, extend, include, extend, Library inventory.



[2]
[SECTION]: Capturing the Requirements > 4.5 Modeling Notations > Example: UML Class Diagrams
[CONTENT]: [FIGURE 4.5 UML class model of the library problem.] 
UML also allows the specifier to designate attributes and operations as being associated  with  the  class  rather  than  with  instances  of  the  class. A class-scope  attribute , represented as an underlined attribute,is a data value that is shared by all instances of the class. In the library class diagram, the attributes reserve loan period and reserve fine rate are values that apply to all publications on reserve. Thus in this model, the librarian can set and modify the loan duration for classes of items (e.g., books, periodicals, items on reserve) but not for individual items. Similarly, a class-scope operation , written  as  an  underlined  operation, is  an  operation  performed  by  the  abstract  class, rather than by class instances, on a new instance or on the whole collection of instances; create() , search() , and delete() are common class-scope operations.
[FIGURE_DESCRIPTIONS]
[0] Diagrammatic overview of a bibliographic system with labeled boxes representing entities and relationships. The upper left shows Patron, with subfields for name, address, and other identifiers; connected to Borrower via a thin line, indicating a one-to-one or optional association. The central area includes a Loan box detailing due date, fines, and callbacks such as renew() and recall() in parentheses, suggesting functional methods associated with the loan record. To the right, a Publication entity lists fields like call number, title, volume, issue, and year, plus status state transitions (borrow, reserve, renew, etc.). Text labels such as copy, fines, and dates appear repeatedly, implying a data flow between Patron, Borrower, Loan, and Publication. Lower-level boxes show relationships to Book, which connects to an Author, and a Periodical comprising Editor, Volume, Number, and other bibliographic attributes; an Article under Periodical links to Author. Overall, the diagram encodes data model relations for library circulation: patrons → loans → publications (books/periodicals/articles) with attributes and basic behaviors.



[3]
[SECTION]: Capturing the Requirements > 4.5 Modeling Notations > Example: UML Class Diagrams
[CONTENT]: (footnote: 2 In later examples,we model an item's loan state and reserve state as states in a state-machine model (Figure 4.9), and this information is included in the library's detailed class model (Figure 4.18).)
The Loan class in the library model is an association class , which relates attributes and operations to an association. Association classes are used to collect information that cannot be attributed solely to one class or another. For example, the Loan attributes are not properties of the borrower or of the item borrowed, but rather of the loan transaction or contract. An association class has exactly one instantiation per link in the association, so our modeling Loan as an association class is correct only if we want to model snapshots of the library inventory (i.e., model only current loans). If we wanted instead to maintain a history of all loan transactions, then (because a patron might borrow an item multiple times), we would model Loan as a full-fledged class.
",2.422,6.386,0.9999999999,1.0,0.99999999995,0.5952926039941623,0.0,1
"Contrast the treatment of future, unanticipated requirements in the Extreme Programming (XP) agile methodology with the strategic approach used when scoping and designing a core asset base for a Software Product Line architecture. -Required source types: text -Brief reasoning type label: comparison","In XP, future, unanticipated requirements are not planned for; requirements are encoded as test cases and implemented to pass those tests, reflecting a flexible but potentially incomplete view of the future (with documentation for such changes often deemphasized).

By contrast, when scoping and designing a Software Product Line (SPL) core asset base, a strategic approach relies on establishing a baseline architecture and describing key abstractions and system boundaries through documented scenarios, using a roadmap-like high-level architecture to guide planning and maintain consistency as the asset family evolves.","
[0]
[SECTION]: Capturing the Requirements > 4.2 Requirements Elicitation > SIDEBAR 4.2 AGILE REQUIREMENTS MODELING
[CONTENT]: Extreme programming (XP) takes agile requirements processes to the extreme, in that the system is built to the requirements that happen to be defined at the time, with no planning or designing for possible future requirements. Moreover, XP forgoes traditional requirements documentation, and instead encodes the requirements as test cases that the eventual implementation must pass.Berry (2002a) points out that the trade-off for agile methods' flexibility is the difficulty of making changes to the system as requirements are added, deleted, or changed. But there can be additional problems: XP uses test cases to specify requirements, so a poorly written test case can lead to the kinds of misunderstandings described in this chapter.
assumptions  with  which  we  may  not  be  familiar. Likewise, we  as  developers  know about computer solutions, but not always about how possible solutions will affect our customers' business activities.We, too, have our jargon and assumptions, and sometimes we think everyone is speaking the same language, when in fact people have different meanings for the same words. It is only by discussing the requirements with everyone who has a stake in the system, coalescing these different views into a coherent set of requirements, and reviewing these documents with the stakeholders that we all come to an agreement about what the requirements are. (See Sidebar 4.3 for an alternative viewpoint.) If we cannot agree on what the requirements are,then the project is doomed to fail.


[1]
[SECTION]: Modeling the Process and Life Cycle > 2.2 Software Process Models > SIDEBAR 2.2 WHEN IS EXTREME TOO EXTREME?
[CONTENT]: A s with most software development approaches, agile methods are not without their critics. For example, Stephens and Rosenberg (2003) point out that many of extreme programming's practices are interdependent, a vulnerability if one of them is modified. To see why, suppose some people are uncomfortable with pair programming. More coordination and documentation may be required to address the shared vision that is missing when people work on their own. Similarly, many developers prefer to do some design before they write code. Scrum addresses this preference by organizing around monthly sprints. Elssamadissy and Schalliol (2002) note that, in extreme programming, requirements are expressed as a set of test cases that must be passed by the software.This approach may cause customer representatives to focus on the test cases instead of the requirements. Because the test cases are a detailed expression of the requirements and may be solution oriented, the emphasis on test cases can distract the representatives from the project's underlying goals and can lead to a situation where the system passes all the tests but is not what the customers thought they were paying for.As we will see in Chapter 5, refactoring may be the Achilles heel of agile methods; it is difficult to rework a software system without degrading its architecture.


[2]
[SECTION]: Writing the Programs > 7.4 The Programming Process > Whither Programming?
[CONTENT]: As with almost anything, the answer may be 'all things in moderation.' Drobka, Noftz, and Raghu (2004) describe their use of extreme programming on four mission-critical projects. They found that extra steps were needed to adjust extreme programming to the realities of large-scale, mission-critical software. For example, with no architectural guidelines, each programmer had his or her own vision of what the overall architecture should be, and the visions differed considerably.Thus, the high-level architecture document was used as a roadmap to assist the developers in planning. Rather than use prioritized stories, the researchers found it essential to define baseline architectures, using documented scenarios to help describe key abstractions, and to define system boundaries. Finally, documentation was used to assist in communicating among team members. Strict  agile-methods advocates eschew documentation, but Drobke, Noftz, and Raghu found it to be essential. So, too, were design reviews to ensure that the software being built would be maintainable over its likely 30-year life span.
Thus, in the future, programming is likely to be a blend of the good practices that have been advocated for decades and the flexible approaches being espoused by the agile-methods proponents.We will see in Chapter 14 that software engineers are defining a software engineering body of knowledge that describes the information and practices  that  a  good  software  engineer  should  master  in  order  to  produce  high-quality systems.


[3]
[SECTION]: Modeling the Process and Life Cycle > 2.11 Key References > TABLE 2.3 ( continued )
[CONTENT]:  - The  Data  and  Analysis  Centre  for  Software  Engineering  maintains  a  list  of resources about software process at https://www.thedacs.com/databases/url/key/39.
More information about Lai notation is available  in  David Weiss  and  Robert Lai's book, Software Product Line Engineering: A Family-based Software Development Process (Weiss and Lai 1999).
The  University  of  Southern  California's  Center  for  Software  Engineering  has developed a tool to assist you in selecting a process model suitable for your project's requirements and constraints. It can be ftp-ed from ftp://usc.edu/pub/soft_engineering/ demos/pmsa.zip, and more information can be found on the Center's Web site: http:// sunset.usc.edu.
Journals  such  as Software  Process-Improvement  and  Practice have  articles addressing the role of process modeling in software development and maintenance. They also report the highlights of relevant conferences, such as the International Software Process Workshop and the International Conference on Software Engineering. The July/August 2000 issue of IEEE Software focuses on process diversity and has several articles about the success of a process maturity approach to software development.
There are many resources available for learning about agile methods. The Agile Manifesto is posted at http://www.agilealliance.org. Kent Beck's (1999) is the seminal book on extreme programming, and Alistair Cockburn (2002) describes the Crystal family of methodologies. Martin Beck (1999) explains refactoring, which is one of the most difficult steps of XP . Two excellent references on agile methods are Robert C. Martin's  (2003)  book  on  agile  software  development, and  Daniel  H. Steinberg  and Daniel  W. Palmer's  (2004)  book  on  extreme  software  engineering. Two  Web  sites providing additional information about extreme programming  are http://www. xprgramming.com and http://www.extremeprogramming.org.
",1.58,7.378,0.9999999999,1.0,0.99999999995,0.5476058796596814,0.875,1
"How does the software industry's definition of Return on Investment (ROI), which focuses primarily on effort reduction and time savings, contrast with the mathematical calculation of a design's ""payback period"" when performing a formal cost-benefit analysis of architectural trade-offs? -Required source types: both -Brief reasoning type label: comparison","The software industry defines ROI in terms of effort reduction and time savings rather than pure dollars, meaning companies focus on saving time or using fewer people, i.e., an effort-based ROI rather than a cost-based one. In contrast, a formal cost-benefit analysis for architectural trade-offs uses the payback period to indicate how long it takes for accumulated benefits to recover the costs of implementation, such as the example where the payback period for restructuring the sorted-index module is $300,000/$280,000 = 1.07 of a year = approximately 13 months.","
[0]
[SECTION]: Why Software Engineering? > 1.3 What Is Good Software? > Quality in the Context of the Business Environment
[CONTENT]: However, Brodman and Johnson (1995) found that the U.S. government and U.S. industry interpret ROI in very different ways, each different from the other, and both different from the standard business school approaches.The government views ROI in terms of dollars,looking at reducing operating costs,predicting dollar savings,and calculating the cost of employing new technologies. Government investments are also expressed in dollars, such as the cost of introducing new technologies or process improvement initiatives.
On the other hand, industry viewed investment in terms of effort, rather than cost or dollars. That is, companies were interested in saving time or using fewer people, and their  definition  of  return  on  investment  reflected  this  focus  on  decreasing  effort. Among the companies surveyed, return on investment included such items as The cost issues included in the definition involve meeting cost predictions, improving cost performance, and staying within budget, rather than reducing operating costs or streamlining  the  project  or  organization. Figure  1.6 summarizes the frequency with which many organizations included an investment item in their definition of ROI. For example, about 5 percent of those interviewed included a quality group's effort in the ROI effort calculation, and approximately 35 percent included software costs when considering number of dollars invested.
 - training
 - schedule
 - risk
 - quality
 - productivity
 - process
 - customer
 - costs
 - business


[1]
[SECTION]: Why Software Engineering? > 1.3 What Is Good Software? > Quality in the Context of the Business Environment
[CONTENT]: The difference in views is disturbing, because it means that calculations of ROI cannot be compared across organizations. But there are good reasons for these differing views. Dollar savings from reduced schedule, higher quality, and increased productivity are returned to the government rather than the contractor. On the other hand, contractors are usually looking for a competitive edge and increased work capacity as well as greater profit; thus, the contractor's ROI is more effort- than cost-based. In particular, more accurate cost and schedule estimation can mean customer satisfaction and repeat business.And decreased time to market as well as improved product quality are perceived as offering business value, too.
[FIGURE 1.6 Terms included in industry definition of return on investment.] 
[FIGURE_DESCRIPTIONS]
[0] Bar chart illustrating percentage of interviewees across various categories related to software engineering theory versus practice. The horizontal axis ranges from 0% to 70% in 10% increments, labeled at bottom, with a zero-to-seventy percent scale. The vertical axis lists groups (Della/Bella? appears as 'Delta' or 'Della'?) and subcategories such as Facilities, Software costs, Hardware costs, Materials, General, Assessments, SCE costs, Internal R&D, Process, Documentation, Quality group, Software process group, General. Each bar represents the proportion of interviewees endorsing or experiencing a given item, with bars extending to varying lengths (roughly 0% to 60%+). Notable bars show high percentages for 'General' within the lower group and for 'Software process group' in the upper group, while 'Documentation' and 'Process' have mid-range representations. The chart appears to compare theory and practice perspectives, though explicit legend labels for theory vs practice are not visible. Visible text includes 'Percent of interviewees', '0%', '10%', '20%', '30%', '40%', '50%', '60%', '70%'. The layout resembles a horizontal bar chart with category labels on the left and percentage scales on the bottom, indicating a survey of interviewees about particular factors in software engineering projects.



[2]
[SECTION]: Why Software Engineering? > 1.3 What Is Good Software? > Quality in the Context of the Business Environment
[CONTENT]: Even though the different ROI calculations can be justified for each organization, it is worrying that software technology return on investment is not the same as financial ROI. At some point, program success must be reported to higher levels of management, many of which are related not to software but to the main company business, such as telecommunications or banking. Much confusion will result from the use of the same terminology to mean vastly different things.Thus, our success criteria must make sense not only for software projects and processes, but also for the more general business practices they support.We will examine this issue in more detail in Chapter 12 and look at using several common measures of business value to choose among technology options.


[3]
[SECTION]: Evaluating Products, Processes, and Resources > 12.6 Evaluating Resources > Return on Investment
[CONTENT]: Not all investment analysis reflects this reality. Taking the perspective of a financial  analyst, Favaro  and  Pfleeger  (1998)  look  critically  at  the  most  commonly  used approaches: net present value, payback, average return on book value, internal rate of return, and profitability index.They show that net present value (NPV) makes the most sense for evaluating software-related investments.
NPV expresses economic value in terms of total project life, regardless of scale or time frame. Since investment planning involves spending money in the future, we can think of the present value of an investment as the value today of a predicted future cash flow. The NPV calculation uses a discount rate or opportunity cost , corresponding to


[4]
[SECTION]: Designing the Architecture > 5.7 Architecture Evaluation And Refinement > Cost-Benefit Analysis
[CONTENT]: If there are multiple attributes to consider (e.g., the time it takes to update, reindex, and re-sort  the  catalogue), then  a  design's  total  financial  added  value  is  the  sum  of  the added values ascribed to each of the attributes-some of whose added values may be negative if a design improves one attribute at the expense of a conflicting attribute.
Computing Return on Investment (ROI). The return on investment of making one of these design changes is the ratio of the benefits gained from making the change to the cost of its implementation:
[FORMULA]
ROI = Benefits/Cost These costs are estimated using the techniques described in Chapter 3. The estimated costs of the proposed design changes in our example are shown in Table 5.4. In general,
an ROI of 1 or greater means that the design's benefits outweigh its costs. The higher the ROI value, the more effective the design.
Another useful measure is the payback period : the length of time before accumulated benefits recover the costs of implementation. In our example, the payback period for restructuring the sorted-index module (design 2) is $300,000/$280,000 = 1.07 of a year = approximately 13 months We return to calculations such as these in Chapter 12, where we investigate the best techniques for evaluating the return on investing in software reuse.
",1.593,7.459,0.9999999999,1.0,0.99999999995,0.9809255346647806,1.0,1
How do rational extroverts make decisions according to the work styles framework?,"The rational extroverts tend to assert their ideas and not let 'gut feeling' affect their decision making. They tell their colleagues what they want them to know, but they rarely ask for more information before doing so. When reasoning,they rely on logic, not emotion.","
[0]
[SECTION]: Planning and Managing the Project > 3.2 Project Personnel > Work Styles
[CONTENT]: Different people have different preferred styles for interacting with others on the job and for understanding problems that arise in the course of their work. For example, you may prefer to do a detailed analysis of all possible information before making a decision, whereas your colleague may rely on 'gut feeling' for most of his important decisions. You can think of your preferred work style in terms of two components: the way in which your thoughts are communicated and ideas gathered, and the degree to which your emotions affect decision making. When communicating ideas, some people tell others their thoughts, and some people ask for suggestions from others before forming an opinion. Jung (1959) calls the former extroverts and the latter introverts . Clearly, your communication style affects the way you interact with others on a project. Similarly, intuitive people base their decisions on feelings about and emotional reactions to a problem. Others are rational , deciding primarily by examining the facts and carefully considering all options.
We can describe the variety of work styles by considering the graph of Figure 3.10, where communication style forms the horizontal axis and decision style the vertical one.The more extroverted you are, the farther to the right your work style falls on the graph. Similarly, the more emotions play a part in your decisions, the higher up you go. Thus, we can define four basic work styles, corresponding to the four quadrants of the graph. The rational extroverts tend to assert their ideas and not let 'gut feeling' affect their decision making.They tell their colleagues what they want them to know, but they rarely ask for more information before doing so.When reasoning,they rely on logic, not emotion.The rational introverts also avoid emotional decisions, but they are willing to take time to consider all possible courses of action. Rational introverts are information gatherers; they do not feel comfortable making a decision unless they are convinced that all the facts are at hand.


[1]
[SECTION]: Planning and Managing the Project > 3.2 Project Personnel > Work Styles
[CONTENT]: To see how work styles affect interactions on a project, consider several typical staff profiles. Kai, a rational extrovert, judges her colleagues by the results they produce. When making a decision, her top priority is efficiency. Thus, she wants to know only the bottom line. She examines her options and their probable effects, but she does not need to see documents or hear explanations supporting each option. If her time is wasted or her efficiency is hampered in some way, she asserts her authority to regain control of the situation.Thus, Kai is good at making sound decisions quickly.
Marcel, a rational introvert, is very different from his colleague Kai. He judges his peers by how busy they are, and he has little tolerance for those who appear not to be working hard all the time. He is a good worker, admired for the energy he devotes to his work. His reputation as a good worker is very important to him, and he prides himself on being accurate and thorough. He does not like to make decisions without complete information. When asked to make a presentation, Marcel does so only after gathering all relevant information on the subject.
Marcel shares an office with David, an intuitive extrovert. Whereas Marcel will not make a decision without complete knowledge of the situation, David prefers to follow his feelings. Often, he will trust his intuition about a problem, basing his decision on professional judgment rather than a slow, careful analysis of the information at hand. Since he is assertive, David tends to tell the others on his project about his new ideas. He is creative, and he enjoys when others recognize his ideas. David likes to work in an environment where there is a great deal of interaction among the staff members.


[2]
[SECTION]: Planning and Managing the Project > 3.2 Project Personnel > Work Styles
[CONTENT]: In  contrast, intuitive  extroverts base  many  decisions  on  emotional  reactions, tending to want to tell others about them rather than ask for input.They use their intuition to be creative, and they often suggest unusual approaches to solving a problem. The intuitive introvert is creative, too, but applies creativity only after having gathered INTUITIVE sufficient information on which to base a decision. Winston Churchill was an intuitive introvert; when he wanted to learn about an issue, he read every bit of material available that addressed it. He often made his decisions based on how he felt about what he had learned (Manchester 1983).
[FIGURE_DESCRIPTIONS]
[0] Diagram showing a 2x2 grid with axes labeled INTUITIVE vs RATIONAL and INWARD vs OUTWARD, forming four quadrants. The top-left quadrant is labeled INTUITIVE INWARD and includes sublabels: 'Intuitive', 'Introvert', 'Asks others', 'Acknowledges feelings'? The top-right quadrant labeled INTUITIVE OUTEXTROVERT? and contains 'Tells others', 'Acknowledges feelings'. The bottom-left quadrant labeled RATIONAL INTROVERT includes 'Asks others' and 'Decides logically'. The bottom-right quadrant labeled RATIONAL EXTROVERT includes 'Tells others' and 'Decides logically'. Along the top edge there are text cues 'INTUITIVE' on the left and 'WORK styles' on the right. Vertical axis reads from INWARD at bottom to OUTWARD at top, and a separate vertical label 'EXPERT' on the right side of the diagram. The central cross marks likely indicate a personality framework differentiating intuition vs rationality and inward vs outward orientation, presenting a matrix of work styles with associated behaviors. The diagram emphasizes how different combinations influence communication: intuitive vs rational and introvert vs extrovert, with actions like telling others or asking others and the tendency to acknowledge feelings vs decide logically.



[3]
[SECTION]: Planning and Managing the Project > 3.2 Project Personnel > Work Styles
[CONTENT]: Work styles can also involve choice of worker for a given task.For instance,intuitive employees may prefer design and development (requiring new ideas) to maintenance programming and design (requiring attention to detail and analysis of complex results).


[4]
[SECTION]: The Future of Software Engineering > 14.3 Decision-Making In Software Engineering > How We Really Decide
[CONTENT]: Anchoring-and-adjustment is another common technique employed by estimators. Here the estimator selects an analogous situation and then adjusts it to suit the new circumstances. However, there is considerable evidence to suggest that estimators are unduly cautious when making the adjustment. In other words, the anchoring dominates and then insufficient adaptation is made. This approach may be influenced by recall, in  that  the  most  suitable  analogies  may  be  overlooked  because  they  are  not recent.
A reluctance to appear negative can also affect expert judgment. DeMarco (1982) reminds us that 'realism can be mistaken for disloyalty,' leading to undue optimism in making predictions, both individually and in groups.
",1.466,4.886,0.9999999999,1.0,0.99999999995,0.529075842073433,1.0,1
"In the fault tree analyzing a security breach, what are the two specific basic events that must both occur (linked by an AND-gate) for an Illegal access granted condition to be met?","a valid user's password is exposed, and the password is not changed between the time of the exposure and the time an unauthorized user attempts to use it.","
[0]
[SECTION]: Designing the Architecture > 5.7 Architecture Evaluation And Refinement > Safety Analysis
[CONTENT]: [FIGURE 5.11 Fault tree for a security breach.] 
For example, consider the fault tree presented in Figure 5.11.The tree shows that a security breach could occur either if a previous logout is not recognized (leaving the previous user logged in) or an unauthorized user gains access to the system. For the latter to happen, both of two basic events must happen: a valid user's password is exposed, and the password is not changed between the time of the exposure and the time an unauthorized user attempts to use it.
[FIGURE_DESCRIPTIONS]
[0] Diagram illustrating a security breach flow with labeled blocks and logical operators. At the top, a rectangle labeled Security breach is connected by a dashed line from a left node labeled Failure. An OR gateway splits to indicate Either event leads to failure. The main path shows an AND gateway beneath a block labeled Illegal access granted, which in turn connects to two oval shapes labeled Password exposed and Password not changed via arrows meeting at the AND. The right branch near the OR gateway includes a note: Either event leads to failure and a secondary flow labeled Previous logout not recognized, leading into a Basic events node. Surrounding text indicates relationships between events, with arrows and gate shapes emphasizing conditional dependencies in a security failure scenario. The diagram uses standard UI-like shapes to represent event flow and control logic.



[1]
[SECTION]: Designing the Architecture > 5.7 Architecture Evaluation And Refinement > Safety Analysis
[CONTENT]: We learned earlier about the importance of fault identification, correction, and tolerance in creating reliable and robust designs.There are several techniques that can be used during design to identify possible faults or their likely locations. Fault-tree analysis , a method originally  developed  for  the  U.S. Minuteman  missile  program, helps  us  to  examine  a design and look for faults that might lead to failure.We build fault trees that trace backwards through a design, along the logical path from effect to cause. The trees are then used to help us decide which faults to correct or avoid, and which faults to tolerate.
We begin our analysis by identifying possible failures.Although our identification takes place during design, we consider failures that might be affected by design, operation, or even maintenance. We can use a set of guidewords to help us understand how the system might deviate from its intended behavior. Table 5.1 illustrates some of the guidewords  that  might  be  used; you  can  select  your  own  guidewords  or  checklists, based on your system's application domain.
Next, we build an upside-down tree whose root node is some failure that we want to analyze, and whose other nodes are events or faults that realize or lead to the root node's failure. The edges of the graph indicate the relationships among nodes. Parent nodes are drawn as logic gate operators: an and -gate if both of the child nodes' events must occur for the parent node's event to occur; an orgate if one child's event is sufficient to cause the parent's event. Sometimes, an edge is labeled n_of_m if the system includes m redundant components, where n faulty components lead to the designated failure. Each node represents an independent event; otherwise, the analysis results may be invalid, especially with respect to compound faults.


[2]
[SECTION]: Designing the Architecture > 5.7 Architecture Evaluation And Refinement > Safety Analysis
[CONTENT]: The cut-set is the set of leaf nodes in the cut-set tree. For example, consider the fault tree on the left side of Figure 5.12. G1 is the top logic gate in the fault tree, and its or condition leads us to expand its corresponding node in the cut-set tree to have two child nodes, G2 and G3. In turn, G2 in the fault tree is composed of both G4 and G5,so G2 in the cut-set tree is expanded to have a composition child node with label {G4, G5}. Continuing in this manner, we end up with the cut-set {A1,A3}, {A1,A4}, {A2,A3}, {A2, A4}, {A4,A5}.The cut-set represents the set of minimal event combinations that could lead to the failure listed at the top of the cut-set tree.Thus, if any member of the cut-set is a singleton event set, {A i }, then the top failure could be caused by a single event, A i . Similarly, the  cut-set  element  {A i , A j }  means  that  the  top  failure  can  occur  if  both events A i and A j occur, and cut-set element {A i , A j , . . ., A n }  means that failure can occur only if all of the composite events occur.Thus, we have reasoned from a failure to all possible causes of it.


[3]
[SECTION]: Designing the Architecture > 5.7 Architecture Evaluation And Refinement > Safety Analysis
[CONTENT]: The concepts we have described can be applied to any system's hardware or software. The  challenge  is  to  identify  key  possible  failures, and  then  trace  backwards through the design, looking for data and computations that could contribute to the failure. Data-flow and control-flow graphs can help us trace through a design.As we saw in Chapter 4, a data-flow graph depicts the transfer of data from one process to another. The same ideas can be applied to an architectural design, to show what kinds of data flow among the design's software units. In this way, if one of the failures we are analyzing is data related, we can trace backwards through the data-flow graph to find the software  units  that  could  affect  the  data  and  thereby  cause  the  fault. Similarly, a control-flow graph depicts possible transfers of control among software units. When applied to a design, a control-flow graph can show how a control thread progresses from one unit to the next during execution. If we are analyzing a failure that is related to computation or to a quality attribute, we can trace backwards through the controlflow graph to find the software units involved in that computation.
Once  the  fault  tree  is  constructed, we  can  search  for  design  weaknesses. For example, we can derive another tree, called a cut-set tree , that reveals which event combinations can cause the failure. A cut-set tree is especially useful when the fault tree is complex and difficult to analyze by eye. The rules for forming the cut-set tree are as follows:
 - Assign the top node of the cut-set tree to match the logic gate at the top of the fault tree.
 - Working from the top down, expand the cut-set tree as follows:
 - Expand an or -gate node to have two children, one for each or -gate child.
 - Expand an and -gate node to have a child composition node listing both of the and -gate children.
 - Expand  a  composition  node  by  propagating  the  node  to  its  children, but expanding one of the gates listed in the node.
 - Continue until all leaf nodes are basic events or composition nodes of basic events.
",2.201,3.368,0.9999999999,1.0,0.99999999995,0.9002831770915057,1.0,1
How does an egoless programming team approach responsibility?,"In an egoless programming team, everyone is held equally responsible; criticism is directed at the product or the result, not at people, and the team is democratic with all members voting on decisions.","
[0]
[SECTION]: Planning and Managing the Project > 3.2 Project Personnel > Project Organization
[CONTENT]: [FIGURE 3.11 Chief programmer team organization.] 
Clearly, the chief programmer must be good at making decisions quickly, so the chief is likely to be an extrovert. However, if most of the team members are introverts, the chief programmer team may not be the best structure for the project. An alternative is based on the idea of 'egoless' programming, as described by Weinberg (1971). Instead of a single point of responsibility, an egoless approach holds everyone equally responsible. Moreover, the process is separated from the individuals; criticism is made of  the  product  or  the  result, not  the  people  involved. The  egoless  team  structure  is democratic, and all team members vote on a decision, whether it concerns design considerations or testing techniques.
Of course, there are many other ways to organize a development or maintenance project, and the two described above represent extremes.Which structure is preferable? The more people on the project, the more need there is for a formal structure. Certainly, a development team with only three or four members does not always need an elaborate organizational structure. However, a team of several dozen workers must have a welldefined organization.In fact, your company or your customer may impose a structure on the development team, based on past success, on the need to track progress in a certain way, or on the desire to minimize points of contact. For example, your customer may insist that the test team be totally independent of program design and development.


[1]
[SECTION]: Testing the Programs > 8.2 Testing Issues > Who Performs the Tests?
[CONTENT]: Even when a system is developed with an egoless approach, we sometimes have difficulty removing our personal feelings from the testing process. Thus, we often use an independent test team to test a system. In this way, we avoid conflict between personal responsibility for faults and the need to discover as many faults as possible.
In addition, several other factors justify an independent team. First, we may inadvertently introduce faults when interpreting the design, determining the program logic, writing descriptive documentation, or implementing the algorithms. Clearly, we would not have submitted our code for testing if we did not think the code performed according to specification. But we may be too close to the code to be objective and to recognize some of the more subtle faults.
Furthermore, an independent test team can participate in reviewing the components throughout development. The team can be part of the requirements and design reviews, can test the code components individually, and can test the system as it is integrated and presented to the customers for acceptance. In this way, testing can proceed concurrently with coding; the test team can test components as they are completed and begin to piece them together while the programming staff continues to code other components.


[2]
[SECTION]: Planning and Managing the Project > 3.10 What This Chapter Means For Your Development Team
[CONTENT]: At  the  same  time, you  have  learned  how  to  organize  a  development  team  so  that team interaction helps produce a better product. There are several choices for team structure, from  a  hierarchical  chief  programmer  team  to  a  loose, egoless  approach. Each has its benefits, and each depends to some degree on the uncertainty and size of the project.
We have also seen how the team can work to anticipate and reduce risk from the project's beginning. Redundant functionality, team reviews, and other techniques can help us catch errors early, before they become embedded in the code as faults waiting to cause failures.
Similarly, cost estimation should be done early and often, including input from team members about progress in specifying, designing, coding, and testing the system. Cost estimation and risk management can work hand in hand; as cost estimates raise concerns about finishing on time and within budget, risk management techniques can be used to mitigate or even eliminate risks.


[3]
[SECTION]: Planning and Managing the Project > 3.2 Project Personnel > SIDEBAR 3.2 STRUCTURE VS. CREATIVITY
[CONTENT]: K unde (1997) reports the results of experiments by Sally Philipp, a developer of software training materials. When Philipp teaches a management seminar, she divides her class into two groups. Each group is assigned the same task: to build a hotel with construction paper  and  glue. Some  teams  are  structured, and  the  team  members  have  clearly  defined responsibilities. Others are left alone, given no direction or structure other than to build the hotel. Philipp claims that the results are always the same.'The unstructured teams always do incredibly creative, multistoried Taj Mahals and never complete one on time. The structured teams do a Day's Inn [a bland but functional small hotel], but they're finished and putting chairs around the pool when I call time,' she says.
One way she places structure on a team is by encouraging team members to set deadlines. The overall task is broken into small subtasks, and individual team members are responsible for time estimates. The deadlines help to prevent 'scope creep,' the injection of unnecessary functionality into a product.
The experts in Kunde's article claim that good project management means finding a balance between structure and creativity. Left to their own devices, the software developers will focus only on functionality and creativity, disregarding deadlines and the scope of the specification. Many  software  project  management  experts  made  similar  claims. Unfortunately, much of this information is based on anecdote, not on solid empirical investigation.
The two types of organizational structure can be combined, where appropriate. For instance, programmers may be asked to develop a subsystem on their own, using an egoless approach within a hierarchical structure. Or the test team of a loosely structured project may impose a hierarchical structure on itself and designate one person to be responsible for all major testing decisions.


[4]
[SECTION]: Writing the Programs > 7.8 What This Chapter Means For Your Development Team
[CONTENT]: Although much of coding is an individual endeavor, all of coding must be done with your team in mind.Your use of information hiding allows you to reveal only the essential information about your components so that your colleagues can invoke them or reuse them. Your use of standards enhances communication among team members. And your use of common design techniques and strategies makes your code easier to test, maintain, and reuse.
",1.646,5.279,0.9999999999,1.0,0.99999999995,0.47157690478471004,1.0,1
"In the diagram illustrating the relationship between computer science and software engineering, what specific component directly connects SOFTWARE ENGINEERING to the Problem?",Tools and Techniques to Solve Problem,"
[0]
[SECTION]: Why Software Engineering? > 1.1 What Is Software Engineering?
[CONTENT]: As software engineers, we use our knowledge of computers and computing to help solve problems. Often the problem with which we are dealing is related to a computer or an existing computer system, but sometimes the difficulties underlying the problem have nothing to do with computers.Therefore, it is essential that we first understand the nature of the problem. In particular, we must be very careful not to impose computing machinery or techniques on every problem that comes our way. We must solve the problem first. Then, if need be, we can use technology as a tool to implement our solution. For the remainder of this book, we assume that our analysis has shown that some kind of computer system is necessary or desirable to solve a particular problem at hand.


[1]
[SECTION]: Why Software Engineering? > 1.1 What Is Software Engineering? > Where Does the Software Engineer Fit In?
[CONTENT]: [FIGURE 1.3 The relationship between computer science and software engineering.] 
[FIGURE_DESCRIPTIONS]
[0] Diagrammatic flow illustrating relationships between theoretical computer science, customer problems, and software engineering processes. Top row contains three labeled blocks: left labeled “COMPUTER SCIENCE,” middle labeled “CUSTOMER,” and their arrows feed downward to hexagonal nodes. The left hexagon is labeled “Theories,” the middle hexagon is labeled “Computer Functions,” and the right side hexagon is labeled “Problem.” Arrows converge toward a central rectangular box labeled “SOFTWARE ENGINEERING.” From this central box, a downward arrow points to a final hexagonal node labeled “Tools and Techniques to Solve Problem.” Each element is connected by directional arrows indicating a decomposition workflow from abstract theory and customer problem to software engineering practice and practical tools. Visible text includes the exact labels on each shape and the sequence of flow from theories and computer functions toward software engineering and applied techniques.



[2]
[SECTION]: Preface > xvi Preface
[CONTENT]: Wasserman's key factors that help define software engineering: abstraction, analysis and design methods and notations, modularity and architecture, software life cycle and process, reuse, measurement, tools and integrated environments, and user interface and prototyping. We discuss the difference between computer science and software engineering, explaining some of the major types of problems that can be encountered, and laying the groundwork for the rest of the book.We also explore the need to take a systems approach to building software, and we introduce the two common examples that will  be  used  in  every  chapter. It  is  here  that  we  introduce  the  context  for  the  term project.


[3]
[SECTION]: The Future of Software Engineering > 14.4 The Professionalization Of Software Engineering: Licensing, Certification, And Ethics > Software Engineering Education
[CONTENT]: Historically, software engineering has been considered a relatively small aspect of computer science. At best, a university computer science curriculum included a course on software  engineering, usually  offered  in  the  junior  or  senior  year. At  the  least, it included several lectures on the meaning and intent of software engineering. With the increasing emphasis on software quality and security, and with the recent push to professionalize software developers, universities have increasingly viewed software engineering as a distinct academic discipline. There are now many ways in which a student can navigate through a university curriculum and end up with a software engineering education:
 - Specializing in software engineering as part of a computer science major
 - Specializing in software engineering as part of a computer engineering major
 - Specializing in software engineering as part of an engineering major
 - Majoring in software engineering as a separate degree from computer science or computer engineering As Table 14.6 shows, a software engineering program borrows from both computer science and engineering curricula. Computer science courses provide the technical  knowledge  and  expertise  needed  to  create  and  manipulate  software  artifacts: programming  principles; data  structures; algorithm  paradigms; programming  languages; grammars, parsing, and translation; concurrency and control structures; and the theoretical limits of computing. In addition, computer science and computer engineering courses cover key system components (e.g., computer architecture, operating system, middleware, networks)  and  key  software  components  (e.g., databases, user interfaces), and how the design and implementation of these components can affect the performance, usability, and quality of our software.


[4]
[SECTION]: Why Software Engineering? > 1.1 What Is Software Engineering? > Solving Problems
[CONTENT]: Most problems are large and sometimes tricky to handle, especially if they represent something new that has never been solved before. So we must begin investigating a problem by analyzing it, that is, by breaking it into pieces that we can understand and try to deal with. We can thus describe the larger problem as a collection of small problems and their interrelationships. Figure 1.1 illustrates how analysis works. It is important  to  remember  that  the  relationships  (the  arrows  in  the  figure, and  the  relative positions of the subproblems) are as essential as the subproblems themselves. Sometimes, it is the relationships that hold the clue to how to solve the larger problem, rather than simply the nature of the subproblems.
Once we have analyzed the problem, we must construct our solution from components that address the problem's various aspects. Figure 1.2 illustrates this reverse process: Synthesis is the putting together of a large structure from small building blocks.As with analysis, the composition of the individual solutions may be as challenging as the process of finding the solutions. To see why, consider the process of writing a novel. The dictionary contains all the words that you might want to use in your writing. But the most difficult part of writing is deciding how to organize and compose the words into sentences,and likewise the sentences into paragraphs and chapters to form the complete book.Thus, any problem-solving technique must have two parts: analyzing the problem to determine its nature, and then synthesizing a solution based on our analysis.
",2.338,5.384,0.9999999999,1.0,0.99999999995,0.9238723531287063,1.0,1
"In the structure of software development model by Abdel-Hamid, what specific components fall under the HUMAN RESOURCE MANAGEMENT category?","HUMAN RESOURCE MANAGEMENT components:
- Workforce","
[0]
[SECTION]: Modeling the Process and Life Cycle > 2.3 Tools And Techniques For Process Modeling > Dynamic Modeling: System Dynamics
[CONTENT]: The power of system dynamics is impressive, but this method should be used with caution. The simulated results depend on the quantified relationships, which are often heuristic or vague, not clearly based on empirical research. However, as we will see in later  chapters, a  historical  database  of  measurement  information  about  the  various aspects of development can help us gain confidence in our understanding of relationships, and thus in the results of dynamic models.
[FIGURE 2.14 Structure of software development (Abdel-Hamid 1996).] 
[FIGURE_DESCRIPTIONS]
[0] Diagrammatic schematic showing four interconnected domains: Software Production, Human Resource Management, Planning, and Control. The Software Production domain at top-left features process inputs such as error detection and correction, quality assurance effort, software development, error rate, potential productivity, and actual productivity connected via arrows indicating feedback loops. The Human Resource Management domain at top-right includes arrows between workforce, workforce experience, mix, hirings, and perceived productivity with links to perceived progress. The Planning domain at bottom-left includes scheduled completion dates, adjustments to workload and schedule, forecasted completion date, and labor allocation as factors affecting scheduling. The Control domain at bottom-right shows project tasks perceived status, effort perceived still needed, perceived progress, and perceived level of effort, forming feedback loops with the other domains. Visible text labels include: SOFTWARE PRODUCTION, HUMAN RESOURCE MANAGEMENT, PLANNING, CONTROL, Error detection and correction, Quality assurance effort, Schedule pressure, Forecasted completion date, Perceived progress, Perceived productivity, Workforce, Hirings, and Project status. The diagram emphasizes inter-domain influence and feedback among productivity, scheduling, resources, and task status.



[1]
[SECTION]: Modeling the Process and Life Cycle > 2.3 Tools And Techniques For Process Modeling > Dynamic Modeling: System Dynamics
[CONTENT]: A desirable property of a process model is the ability to enact the process, so that we can watch what happens to resources and artifacts as activities occur. In other words, we want to describe a model of the process and then watch as software shows us how resources flow through activities to become outputs.This dynamic process view enables us  to  simulate  the  process  and  make  changes  before  the  resources  are  actually expended. For example, we can use a dynamic process model to help us decide how many testers we need or when we must initiate testing in order to finish on schedule. Similarly, we can include or exclude activities to see their effects on effort and schedule. For instance, we can add a code-review activity, making assumptions about how many faults we will find during the review, and determine whether reviewing shortens test time significantly.
There are several ways to build dynamic process models. The systems dynamics approach, introduced by Forrester in the 1950s, has been useful for simulating diverse processes, including  ecological, economic, and  political  systems  (Forrester  1991). Abdel-Hamid and Madnick have applied system dynamics to software development, enabling project managers to 'test out' their process choices before imposing them on developers (Abdel-Hamid 1989;Abdel-Hamid and Madnick 1991).
To see how system dynamics works, consider how the software development process affects productivity. We can build a descriptive model of the various activities that involve developers' time and then look at how changes in the model increase or decrease the time it takes to design, write, and test the code. First, we must determine which factors affect  overall  productivity. Figure  2.13 depicts Abdel-Hamid's understanding of these factors. The arrows indicate how changes in one factor affect changes in another. For example,if the fraction of experienced staff increases from one-quarter to one-half of the people assigned to the project, then we would expect the average potential productivity to increase, too. Similarly, the larger the staff (reflected in staff size), the more time is devoted to communication among project members (communication overhead).


[2]
[SECTION]: Improving Predictions, Products, Processes, and Resources > 13.4 Improving Resources > SIDEBAR 13.5 VIEWING USERS AS A RESOURCE
[CONTENT]: I n Chapter 11, we saw how Bell Atlantic built its SaleService Negotiation System (SSNS) to replace three legacy systems. By using on-screen prompts, SSNS guides sales representatives through an order cycle.The application created a more profitable relationship with Bell Atlantic's customers, making Bell Atlantic much more competitive in the marketplace (Field 1997a).
One of the reasons for SSNS's success was its developers' use of users as a resource. By forming a collaborative relationship between the information systems developers and Bell Atlantic's business managers, the SSNS team worked to define the problem carefully. Users pointed out problems and forced the information systems developers to address key issues. Information systems personnel encouraged users' input and listened carefully to their advice.
Performance issues were addressed by having the users work side by side with the software engineers.When the system was completed, some of the users were trained to be system advocates who explained the technology and trained others to use it.This mutual trust helped in the technology transfer, and users were eager to master the skills needed to use SSNS.
Abdel-Hamid (1990) uses systems dynamics models to investigate the effects of schedule compression. He notes that project scheduling is a continuous process; the project manager revises the schedule as more is known about a project. Thus, the final cost and completion time depend on an initial estimate and how realistic it is, and also on how resources are adjusted to address the initial estimate.
Abdel-Hamid (1990) applied his models to data from NASA Goddard Space Flight Center, looking at the effects of management's policies on project cost and on completion time.For example,Figure 13.11 shows the effect of two different hypothetical policies on the number of person-days to finish the project.The first policy, represented by circles, assumes that management will always adjust the workforce to the level necessary to keep the project on schedule.The second policy, represented by squares, eliminates  the  pressure  of  a  maximum  tolerable  completion  date. That  is, schedule difficulties are addressed by extending the schedule, not by adjusting the workforce level. The trade-off behaviors are significantly different, and Abdel-Hamid's models help managers decide which policies to implement.


[3]
[SECTION]: Evaluating Products, Processes, and Resources > 12.6 Evaluating Resources > People Maturity Model
[CONTENT]:  - develops capabilities
 - builds teams and cultures
 - motivates and manages performance
 - shapes the workforce
",2.224,9.098,0.9999999999,0.8333333333333334,0.9090909090495868,0.6030980641076293,1.0,1
How do you quantify the risk exposure for an identified risk?,"We can quantify the effects of the risks we identify by multiplying the risk impact by the risk probability, to yield the risk exposure. For example, if the likelihood that the requirements will change after design is 0.3, and the cost to redesign to new requirements is $50,000, then the risk exposure is $15,000.","
[0]
[SECTION]: Planning and Managing the Project > 3.4 Risk Management > Risk Management Activities
[CONTENT]: The risk exposure is computed from the risk impact and the risk probability, so we must estimate each of these risk aspects. To see how the quantification is done, consider the analysis depicted in Figure 3.16. Suppose we have analyzed the system development process and we know we are working under tight deadlines for delivery.We have decided to build the system in a series of releases, where each release has more functionality than the one that preceded it. Because the system is designed so that functions are relatively independent, we consider testing only the new functions for a release, and we assume that the existing functions still work as they did before. However, we may worry that there are risks associated with not performing regression testing : the assurance that existing functionality still works correctly.
For  each  possible  outcome, we  estimate  two  quantities: the  probability  of  an unwanted  outcome, P(UO), and  the  loss  associated  with  the  unwanted  outcome,
[FIGURE 3.16 Example of risk exposure calculation.] 
[FIGURE_DESCRIPTIONS]
[0] The image presents a schematic decision tree for a reliability assessment or risk exposure analysis. It begins with a decision node asking whether a regression testing step is performed, with Yes/No branches. Each path branches into checks for finding a critical fault or not, and computes P(U0) and L(U0) values at each stage. Leftmost branch shows a regression testing decision leading to sub-branches: If Yes, then “Find critical fault” with P(U0)=0.75, L(U0)=$5M, resulting in combined risk exposure of $1.875M; If No, a different path with P(U0)=0.25, L(U0)=$0.5M, leading to subsequent checks and updated values such as $16.625M total exposure. The diagram includes numeric labels: P(U0) values (0.75, 0.25, 0.20, 0.0, etc.), L(U0) monetary amounts (e.g., $5M, $0.5M, $30M, $50M, $0M), and final combined exposure amounts at the right edge (e.g., $1.875M, $16.625M). Text boxes on the left indicate decision points and outcomes; there is a dotted or solid flow indicating Yes/No paths and subsequent checks for critical fault presence. The visual emphasizes risk exposure calculation, conditional probabilities, and cost labels, suitable for lecture notes on risk assessment or software testing economics.



[1]
[SECTION]: Planning and Managing the Project > 3.4 Risk Management > SIDEBAR 3.4 BOEHM'S TOP TEN RISK ITEMS
[CONTENT]:  - The likelihood that the event will occur. We must have some idea of the probability that the event will occur. For example, suppose a project is being developed on one machine and will be ported to another when the system is fully tested. If the second machine is a new model to be delivered by the vendor, we must estimate the likelihood that it will not be ready on time. The likelihood of the risk, measured from 0 (impossible) to 1 (certainty) is called the risk probability . When the risk probability is 1, then the risk is called a problem , since it is certain to happen.
 - The degree to which we can change the outcome. For each risk, we must determine what we can do to minimize or avoid the impact of the event. Risk control involves a set of actions taken to reduce or eliminate a risk. For example, if the requirements may change after design, we can minimize the impact of the change by creating a flexible design. If the second machine is not ready when the software is tested, we may be able to identify other models or brands that have the same functionality and performance and can run our new software until the new model is delivered.
We can quantify the effects of the risks we identify by multiplying the risk impact by the risk probability, to yield the risk exposure . For example, if the likelihood that the requirements will change after design is 0.3, and the cost to redesign to new requirements is $50,000, then the risk exposure is $15,000. Clearly, the risk probability can change over time, as can the impact, so part of a project manager's job is to track these values over time and plan for the events accordingly.


[2]
[SECTION]: Planning and Managing the Project > 3.4 Risk Management > Risk Management Activities
[CONTENT]: [FIGURE 3.15 Steps in risk management (Rook 1993).] 
Finally, we  analyze  the  risks  we  have  identified, so  that  we  can  understand  as much as possible about when, why, and where they might occur. There are many techniques we can use to enhance our understanding, including system dynamics models, cost models, performance models, network analysis, and more.
Once we have itemized all the risks, we use our understanding to assign priorities them. A priority scheme enables us to devote our limited resources only to the most threatening risks. Usually, priorities are based on the risk exposure, which takes into account not only likely impact, but also the probability of occurrence.
[FIGURE_DESCRIPTIONS]
[0] Diagram depicting risk management framework with hierarchical branches: Risk assessment leading to Risk analysis, Risk prioritization, and Risk optimization. Sub-branches include Risk identification, Risk evaluation, and Risk control. Visible nodes show components such as Risk information, Risk knowledge, and Risk reduction measures. Additional branches illustrate driving activities like Checklist, Decomposition, Assumptions, and Decision driver analysis linked to Risk dynamics and Performance models. Several labeled arrows indicate relationships between risk factors, such as Buying information, Risk information, and Risk knowledge feeding into Risk reduction, Risk retrofitting, and Risk management planning. The figure emphasizes the flow from risk assessment to mitigation steps, including Risk monitoring and reporting, Risk prioritization, and Risk resolution, with annotations suggesting methods like Ownership, Development process, and Risk assimilation. Overall, a dense, multi-tier schematic of a risk management lifecycle with interconnected processes and decision points.



[3]
[SECTION]: Planning and Managing the Project > 3.11 What This Chapter Means For Researchers
[CONTENT]: This chapter has described many techniques that still require a great deal of research. Little is known about which team organizations work best in which situations. Likewise, cost- and schedule-estimation models are not as accurate as we would like them to be, and improvements can be made as we learn more about how project, process, product, and resource characteristics affect our efficiency and productivity. Some methods, such as machine learning, look promising but require a great deal of historical data to make them accurate.Researchers can help us to understand how to balance practicality with accuracy when using estimation techniques.
Similarly, a great deal of research is needed in making risk management techniques practical. The calculation of risk exposure is currently more an art than a science, and we need methods to help us make our risk calculations more relevant and our mitigation techniques more effective.
",1.857,5.23,0.9999999999,1.0,0.99999999995,0.637419596721808,1.0,1
"In the three-tiered client-server architecture diagram, what specific software components are contained within the Client Presentation tier?","The Client Presentation tier contains the client-side presentation components, such as the Web Browser and the Desktop Client.","
[0]
[SECTION]: Designing the Architecture > 5.4 Architectural Styles And Strategies > SIDEBAR 5.3 THE WORLD CUP CLIENT-SERVER SYSTEM
[CONTENT]: Because this architectural style separates client code and server code into different components, it is possible to improve system performance by shuffling the components among computer processes. For example, client code might execute locally on a user's personal computer or might execute remotely on a more powerful server computer. In a multitier system, like the example shown in Figure 5.7, servers are structured hierarchically into application-specific servers (the middle tiers) that in turn use servers offering more generic services (the bottom tier) (Clements et al. 2003). This architecture improves the system's modularity and gives designers more flexibility in assigning activities to processes. Moreover, the client-server style supports reuse, in that servers providing common services may be useful in multiple applications.


[1]
[SECTION]: Designing the Architecture > 5.4 Architectural Styles And Strategies > Peer-to-Peer
[CONTENT]: Technically, a peer-to-peer (P2P) architecture is one in which each component executes as its own process and acts as both a client of and a server to other peer components. Each component has an interface that specifies not only the services it provides, but also the services that it requests from other peer components. Peers communicate by requesting  services  from  each  other. In  this  way, P2P  communication  is  like  the request/reply communication found in client-server architecture, but any component can initiate a request to any other peer component.
[FIGURE 5.7 Three-tiered client-server architecture.] 
The best known P2P architectures are file-sharing networks, such as Napster and Freenet, in which the components provide similar services to each other. What differs among components are the data each component stores locally.Thus, the system's data are distributed among the components; whenever a component needs information not stored locally, it retrieves it from a peer component.
[FIGURE_DESCRIPTIONS]
[0] Diagram illustrating a multi-layer client-server architecture with labeled components and data flow. The top row shows three client-side elements: Web Browser, Web Browser, Desktop Client Presentation. A central Application Server box connects downward to a Database Server, forming a layered Information System: Business Logic and Information System shown on the right. A small KEY box in the left corner defines arrows: request/reply between client and server, and the server-to-database interaction. Arrows indicate the flow from clients to the Application Server, then to the Database Server. The overall structure highlights distribution of responsibilities: client presentation, application logic on the Application Server, and persistent data in the Database Server, with business logic and information system labels aligning to the right. Readable text includes the component labels and the KEY matter, useful for retrieval by architecture terms.



[2]
[SECTION]: Designing the Architecture > 5.4 Architectural Styles And Strategies > Client-Server
[CONTENT]: In  a  client-server  architecture, the  design  is  divided  into  two  types  of  components: clients and servers. Server components offer services, and clients access them using a request/reply protocol . The components execute concurrently and are usually distributed across several computers. There may be one centralized server, several replicated servers distributed over several machines, or several distinct servers each offering a different set of services.The relationship between clients and servers is asymmetric: Clients know the identities  of  the  servers  from  which  they  request  information, but  servers


[3]
[SECTION]: Designing the Architecture > 5.11 Information Systems Example
[CONTENT]: So, what might be a suitable software architecture for the Piccadilly system? Certainly a key component would be the repository of information that needs to be maintained about television programs, program scheduling, commercial spots, agreements, and so on.In addition, the system should be able to process multiple heterogeneous queries on this information, in parallel, so that the information can be kept up-to-date and can be used to make important decisions about future commercial campaigns.
A typical reference architecture for an information or business-processing system is an n-tiered client-server architecture (Morgan 2002). Such an architecture for our Piccadilly system is depicted in Figure 5.19. The bottom layer is a data server that simply maintains all the information that Piccadilly must track for its own business as well as information about its competitors.The application programming interface (API) for this layer is likely to consist of basic queries and updates on these data.The middle layer consists of application services that provide richer, more application-specific queries and updates on the lower-level data.An example of an application-specific query might be to find all television programs that air at the same time as some Piccadilly program.The top layer of the architecture consists of the user interfaces through which Piccadilly's managers, accountants, television-programming specialists, and sales force use the information system.
In addition to the high-level architecture of the system, we also need to provide some details about each of the components. For example, we need to describe the data and relationships that the data server is to maintain, the application services that the application layer is to maintain, and the user interfaces that the presentation layer is to provide. The domain model that we created in Chapter 4, as part of our elaboration of the system's requirements, can form the basis of the data model for the data server.The model is reproduced in Figure 5.20. We augment this model with additional concepts and relationships that arise as we work out the details of the application services. For example, a high-level description of the query to find the television programs that are aired at the same time as Piccadilly programs might look like the following:
",2.327,8.512,0.9999999999,1.0,0.99999999995,0.2148658131809834,0.6666666666666666,1
What are the three strategies for risk reduction?,"There are three strategies for risk reduction:
- avoiding the risk, by changing requirements for performance or functionality
- transferring the risk, by allocating risks to other systems or by buying insurance to cover any financial loss should the risk become a reality
- assuming the risk, by accepting it and controlling it with the project's resources","
[0]
[SECTION]: Planning and Managing the Project > 3.4 Risk Management > Risk Management Activities
[CONTENT]: L(UO). For instance, there are three possible consequences of performing regression testing: finding a critical fault if one exists, not finding the critical fault (even though it exists), or deciding (correctly) that there is no critical fault. As the figure illustrates, we have estimated the probability of the first case to be 0.75, of the second to be 0.05, and of the third to be 0.20. The loss associated with an unwanted outcome is estimated to be $500,000 if a critical fault is found, so that the risk exposure is $375,000. Similarly, we calculate the risk exposure for the other branches of this decision tree, and we find that our risk exposure if we perform regression testing is almost $2 million. However, the same kind of analysis shows us that the risk exposure if we do not perform regression testing is almost $17 million. Thus, we say (loosely) that more is at risk if we do not perform regression testing.
Risk exposure helps us to list the risks in priority order, with the risks of most concern given the highest priority. Next, we must take steps to control the risks.The notion of control acknowledges that we may not be able to eliminate all risks. Instead, we may be able to minimize the risk or mitigate it by taking action to handle the unwanted outcome in an acceptable way. Therefore, risk control involves risk reduction, risk planning, and risk resolution.
There are three strategies for risk reduction:
 - avoiding the risk, by changing requirements for performance or functionality
 - transferring the risk, by allocating risks to other systems or by buying insurance to cover any financial loss should the risk become a reality
 - assuming the risk, by accepting it and controlling it with the project's resources To aid decision making about risk reduction, we must take into account the cost of reducing the risk. We call risk leverage the difference in risk exposure divided by the cost of reducing the risk. In other words, risk reduction leverage is If the leverage value is not high enough to justify the action, then we can look for other less costly or more effective reduction techniques.


[1]
[SECTION]: Planning and Managing the Project > 3.4 Risk Management > Risk Management Activities
[CONTENT]: / 1 cost of risk reduction 2 1 Risk exposure before reduction -risk exposure after reduction 2 In some cases, we can choose a development process to help reduce the risk. For example,we saw in Chapter 2 that prototyping can improve understanding of the requirements and design,so selecting a prototyping process can reduce many project risks.
It is useful to record decisions in a risk management plan , so that both customer and development team can review how problems are to be avoided, as well as how they are to be  handled  should  they  arise. Then, we  should  monitor  the  project  as  development progresses, periodically reevaluating the risks, their probability, and their likely impact.


[2]
[SECTION]: Planning and Managing the Project > 3.8 Real-Time Example
[CONTENT]: [FORMULA]
1.01 + 0.01 1 12 2 Once the risks were identified, the analysis phase might have included simulations, which probably would have highlighted the problem that eventually caused the rocket's destruction. And prioritization would have identified the risk exposure if the SRI did not work as planned; the high exposure might have prompted the project team to examine the SRI and its workings more carefully before implementation.
Risk control involves risk reduction, management planning, and risk resolution. Even if the risk assessment activities had missed the problems inherent in reusing the SRI from Ariane-4, risk reduction techniques including risk avoidance analysis might have noted that both SRIs could have been shut down for the same underlying cause. Risk avoidance might have involved using SRIs with two different designs, so that the design error would have shut down one but not the other. Or the fact that the SRI calculations were not needed after lift-off might have prompted the designers or implementers  to  shut  down  the  SRI  earlier, before  it  corrupted  the  data  for  the  angle calculations. Similarly, risk  resolution  includes  plans  for  mitigation  and  continual reassessment of risk. Even if the risk of SRI failure had not been caught earlier, a risk reassessment during design or even during unit testing might have revealed the problem in the middle of development.A redesign or development at that stage would have been costly, but not as costly as the complete loss of Ariane-5 on its maiden voyage.


[3]
[SECTION]: Planning and Managing the Project > 3.4 Risk Management > Risk Management Activities
[CONTENT]: Risk  management  involves  several  important  steps, each  of  which  is  illustrated  in Figure 3.15. First, we assess the risks on a project, so that we understand what may occur during the course of development or maintenance. The assessment consists of three activities: identifying the risks, analyzing them, and assigning priorities to each of them. To identify them, we may use many different techniques.
If the system we are building is similar in some way to a system we have built before, we may have a checklist of problems that may occur; we can review the checklist to determine if the new project is likely to be subject to the risks listed. For systems that are new in some way, we may augment the checklist with an analysis of each of the activities in the development cycle; by decomposing the process into small pieces, we may be able to anticipate problems that may arise. For example, we may decide that there is a risk of the chief designer leaving during the design process. Similarly, we may analyze the assumptions or decisions we make about how the project will be done, who will do it, and with what resources. Then, each assumption is assessed to determine the risks involved.


[4]
[SECTION]: Planning and Managing the Project > 3.4 Risk Management > What Is a Risk?
[CONTENT]: Many events occur during software development; Sidebar 3.4 lists Boehm's view of some of the riskiest ones.We distinguish risks from other project events by looking for three things (Rook 1993):
 - A loss associated with the event. The event must create a situation where something  negative  happens  to  the  project: a  loss  of  time, quality, money, control, understanding, and so on. For example, if requirements change dramatically after
",1.634,7.574,0.9999999999,1.0,0.99999999995,0.8512624584862363,1.0,1
What three milestones common to all software development processes were identified by Boehm?,"The three milestones are life-cycle objectives, life-cycle architecture, and initial operational capability.","
[0]
[SECTION]: Planning and Managing the Project > 3.6 Process Models And Project Management > Anchoring Milestones
[CONTENT]: In  Chapter  2, we  examined  many  process  models  that  described  how  the  technical activities of software development should progress. Then, in this chapter, we looked at several methods to organize projects to perform those activities. The Alpha AXP and F-16 examples have shown us that project management must be tightly integrated with the  development  process, not  just  for  tracking  progress, but, more  importantly, for effective  planning  and  decision  making  to  prevent  major  problems  from  derailing the project. Boehm  (1996)  has  identified  three  milestones  common  to  all  software development processes that can serve as a basis for both technical process and project management:
 - life-cycle objectives
 - life-cycle architecture
 - initial operational capability We can examine each milestone in more detail.
The purpose of the life-cycle objectives milestone is to make sure the stakeholders agree with the system's goals. The key stakeholders act as a team to determine the system boundary, the environment in which the system will operate, and the external systems with which the system must interact.Then, the stakeholders work through scenarios of how the system will be used.The scenarios can be expressed in terms of prototypes, screen layouts, data flows, or other representations, some of which we will learn about in later chapters. If the system is business- or safety-critical, the scenarios should also include instances where the system fails, so that designers can determine how the system is supposed to react to or even avoid a critical failure. Similarly, other essential features of the system are derived and agreed upon. The result is an initial life-cycle plan that lays out (Boehm 1996):
 - Objectives: Why is the system being developed?
 - Milestones and schedules: What will be done by when?
 - Responsibilities: Who is responsible for a function?
 - Approach: How will the job be done, technically and managerially?
 - Resources: How much of each resource is needed?
 - Feasibility: Can this be done, and is there a good business reason for doing it?


[1]
[SECTION]: Planning and Managing the Project > 3.6 Process Models And Project Management > Anchoring Milestones
[CONTENT]: The life-cycle architecture is coordinated with the life-cycle objectives. The purpose of the life-cycle architecture milestone is defining both the system and the software architectures, the components of which we will study in Chapters 5, 6, and 7. The architectural choices must address the project risks addressed by the risk management plan, focusing on system evolution in the long term as well as system requirements in the short term.
The key elements of the initial operational capability are the readiness of the software itself, the site at which the system will be used, and the selection and training of the team that will use it. Boehm notes that different processes can be used to implement  the  initial  operational  capability, and  different  estimating  techniques  can  be applied at different stages.
To  supplement  these  milestones, Boehm  suggests  using  the  Win-Win  spiral model, illustrated in Figure 3.22 and intended to be an extension of the spiral model we examined in Chapter 2. The model encourages participants to converge on a common understanding of the system's next-level objectives, alternatives, and constraints.
Boehm applied Win-Win, called the Theory W approach, to the U.S. Department of Defense's STARS program, whose focus was developing a set of prototype software 1.  Identify engineering environments. The project was a good candidate for Theory W, because there was a great mismatch between what the government was planning to build and what the potential users needed and wanted. The Win-Win model led to several key compromises,including negotiation of a set of common, open interface specifications to enable tool vendors to reach a larger marketplace at reduced cost, and the inclusion of three demonstration projects to reduce risk. Boehm reports that Air Force costs on the project  were  reduced  from  $140  to  $57  per  delivered  line  of  code  and  that  quality improved  from  3  to  0.035  faults  per  thousand  delivered  lines  of  code. Several  other projects report similar success.TRW developed over half a million lines of code for complex distributed software within budget and schedule using Boehm's milestones with five increments. The first increment included distributed kernel software as part of the lifecycle architecture milestone; the project was required to demonstrate its ability to meet projections that the number of requirements would grow over time (Royce 1990).


[2]
[SECTION]: Planning and Managing the Project > 3.3 Effort Estimation > Algorithmic Methods
[CONTENT]: Boehm (1981) developed the original COCOMO model in the 1970s, using an extensive database of information from projects at TRW, an American company that built software for many different clients. Considering software development from both an engineering and an economics viewpoint, Boehm used size as the primary determinant of cost and then adjusted the initial estimate using over a dozen cost drivers, including attributes of the staff, the project, the product, and the development environment. In the  1990s, Boehm updated the original COCOMO model, creating COCOMO II to reflect the ways in which software development had matured.
The COCOMO II estimation process reflects three major stages of any development project. Whereas the original COCOMO model used delivered source lines of code as its key input, the new model acknowledges that lines of code are impossible to know early in the development cycle. At stage 1, projects usually build prototypes to resolve high-risk issues involving user interfaces, software and system interaction, performance, or technological maturity. Here, little is known about the likely size of the final product under consideration, so COCOMO II estimates size in what its creators call application points. As we shall see, this technique captures size in terms of highlevel effort generators, such as the number of screens and reports, and the number of third-generation language components.
At stage 2, the early design stage, a decision has been made to move forward with development, but the designers must explore alternative architectures and concepts of operation. Again, there is not enough information to support fine-grained effort and duration estimation, but far more is known than at stage 1. For stage 2, COCOMO II employs function points as a size measure. Function points, a technique explored in depth  in  IFPUG  (1994a  and  b), estimate  the  functionality  captured  in  the  requirements, so they offer a richer system description than application points.
",1.999,5.074,0.9999999999,1.0,0.99999999995,0.9484034100172122,1.0,1
"According to IEEE Standard 729 terminology, what is a fault?","A fault occurs when a human makes a mistake, called an error, in performing some software activity.","
[0]
[SECTION]: Why Software Engineering? > 1.2 How Successful Have We Been? > SIDEBAR 1.1 TERMINOLOGY FOR DESCRIBING BUGS
[CONTENT]: O ften, we talk about 'bugs'in software,meaning many things that depend on the context.A 'bug' can be a mistake in interpreting a requirement, a syntax error in a piece of code, or the (as-yet-unknown) cause of a system crash. The Institute of Electrical and Electronics Engineers (IEEE) has suggested a standard terminology (in IEEE Standard 729) for describing 'bugs' in our software products (IEEE 1983).
A fault occurs when a human makes a mistake, called an error , in performing some software activity. For example, a designer may misunderstand a requirement and create a design that does not match the actual intent of the requirements analyst and the user.This design fault is an encoding of the error, and it can lead to other faults, such as incorrect code and an incorrect description in a user manual.Thus, a single error can generate many faults, and a fault can reside in any development or maintenance product.
A failure is a departure from the system's required behavior. It can be discovered before or after system delivery, during testing, or during operation and maintenance. As we will see in Chapter 4, the requirements documents can contain faults. So a failure may indicate that the system is not performing as required, even though it may be performing as specified.
Thus, a  fault  is  an  inside  view  of  the  system, as  seen  by  the  eyes  of  the  developers, whereas a failure is an outside view: a problem that the user sees. Not every fault corresponds to a failure; for example, if faulty code is never executed or a particular state is never entered, then the fault will never cause the code to fail. Figure 1.4 shows the genesis of a failure.


[1]
[SECTION]: Testing the System > 9.8 Test Documentation > Problem Report Forms
[CONTENT]: Recall from Chapter 1 that a fault is a problem in a system artifact that can cause a system failure; the fault is seen by the developer, and the failure is experienced by the user. During  testing, we  capture  data  about  faults  and  failures  in problem  report  forms . A discrepancy report form is a problem report that describes occurrences of problems where  actual  system  behaviors  or  attributes  do  not  match  with  what  we  expect. It explains what was expected, what actually happened, and the circumstances leading to the  failure. A fault  report  form explains  how  a  fault  was  found  and  fixed, often  in response to the filing of a discrepancy report form.
Every problem report form should answer several questions about the problem it is describing:
 - Location: Where did the problem occur?
 - Timing: When did it occur?
 - Symptom: What was observed?
 - End-result: What were the consequences?
 - Mechanism: How did it occur?
 - Cause: Why did it occur?
 - Severity: How much was the user or business affected?
 - Cost: How much did it cost?
Figure 9.12 is an example of an actual fault report form from a British utility. Notice that a fault number is assigned to each fault, and the developers record the date when they were notified that a problem had occurred as well as the date when the problem's cause was located and fixed. Because developers do not address each problem right away (e.g., because other problems have higher priority), the developers also record the actual number of hours needed to repair this particular fault.
|    | 0            | 1       | 2           | 3          | 4        | 5               |
|---:|:-------------|:--------|:------------|:-----------|:---------|:----------------|
|  0 | Fault Number | Week In | System Area | Fault Type | Week Out | Hours to Repair |
|  1 | ...          | ...     | ...         | ...        | ...      | ...             |
|  2 | F254         | 92/14   | C2          | P          | 92/17    | 5.5             |


[2]
[SECTION]: Testing the Programs > 8.1 Software Faults And Failures > Types of Faults
[CONTENT]: In  developing real-time systems, a critical consideration is the coordination of several processes executing simultaneously or in a carefully defined sequence. Timing or coordination faults occur when the code coordinating these events is inadequate. There are two reasons why this kind of fault is hard to identify and correct. First, it is usually difficult for designers and programmers to anticipate all possible system states. Second, because so many factors are involved with timing and processing, it may be impossible to replicate a fault after it has occurred.
Throughput or performance faults occur when the system does not perform at the speed prescribed by the requirements. These are timing problems of a different sort: Time constraints are placed on the system's performance by the customer's requirements rather than by the need for coordination.
As we saw during design and programming, we take great care to ensure that the system can recover from a variety of failures. Recovery faults can occur when a failure is encountered and the system does not behave as the designers desire or as the customer requires. For example, if a power failure occurs during system processing, the system should recover in an acceptable manner, such as restoring all files to their state just prior to the failure. For some systems, such recovery may mean that the system will continue full processing by using a backup power source; for others, this recovery means that the system keeps a log of transactions, allowing it to continue processing whenever power is restored.
For many systems, some of the hardware and related system software are prescribed in the requirements, and the components are designed according to the specifications of the reused or purchased programs. For example, if a prescribed modem is used for communications, the modem driver generates the commands expected by the modem and reads commands received from the modem. However, hardware and system software faults can arise when the supplied hardware and system software do not actually work according to the documented operating conditions and procedures.


[3]
[SECTION]: Testing the Programs > 8.1 Software Faults And Failures > Types of Faults
[CONTENT]: Finally, the code should be reviewed to confirm that organizational standards and procedures have been followed. Standards and procedure faults may not always affect the running of the programs, but they may foster an environment where faults are created as the system is tested and modified. By failing to follow the required standards, one programmer may make it difficult for another to understand the code's logic or to find the data descriptions needed for solving a problem.
",2.297,4.171,0.9999999999,1.0,0.99999999995,0.8500000000000001,1.0,1
"In the Enrollment Management model used during Digital's Alpha AXP program, what are the four specific sub-elements or factors listed under the COMMITMENT DELEGATION quadrant?",The four tenets under the Commitment Delegation quadrant are: establishing an appropriately large shared vision; delegating completely and eliciting specific commitments from participants; inspecting vigorously and providing supportive feedback; acknowledging every advance and learning as the program progressed.,"
[0]
[SECTION]: Planning and Managing the Project > 3.6 Process Models And Project Management > Enrollment Management
[CONTENT]: Digital Equipment Corporation spent many years developing its Alpha AXP system, a new system architecture and associated products that formed the largest project in Digital's history. The software portion of the effort involved four operating systems and 22 software engineering groups, whose roles included designing migration tools, network systems, compilers, databases, integration frameworks, and applications. Unlike many other development projects, the major problems with Alpha involved reaching milestones too early! Thus, it is instructive to look at how the project was managed and what effects the management process had on the final product.
During the course of development, the project managers developed a model that incorporated four tenets, called the Enrollment Management model:
 - establishing an appropriately large shared vision
 - delegating completely and eliciting specific commitments from participants
 - inspecting vigorously and providing supportive feedback
 - acknowledging every advance and learning as the program progressed (Conklin 1996)
Figure  3.17 illustrates  the  model. Vision  was  used  to 'enroll' the  related  programs, so they all shared common goals. Each group or subgroup of the project defined its own objectives in terms of the global ones stated for the project, including the company's  business  goals. Next, as  managers  developed  plans, they  delegated  tasks  to groups, soliciting comments and commitments about the content of each task and the schedule constraints imposed. Each required result was measurable and identified with a particular owner who was held accountable for delivery. The owner may not have been the person doing the actual work; rather, he or she was the person responsible for getting the work done.


[1]
[SECTION]: Annotated Bibliography
[CONTENT]:  - Cohen, David, Siddhartha Dalal, Jesse Parelius, and Gardner Patton (1996). 'The combinatorial approach to automatic test generation.' IEEE Software , 13(5) (September): 83-88.
Describes using combinatorial design to reduce test plan development from one month to less than one week.
 - Cole,M.,and P.Griffin (1990).'Cultural amplifiers reconsidered.' In D.R. Olson (ed.), The Social Foundations of Language and Thought , pp. 343-364. New York:W.W. Norton.
 - Coleman,Derek,Patrick Arnold, Stephanie Bodoff, Chris Dollin, Helena Gilchrist, Fiona Hayes, and Paul Jeremaes (1994). Object-Oriented Development: The Fusion Method . Englewood Cliffs, NJ: Prentice Hall.
Describes a method to integrate and extend the best features of OMT, Booch, CRC, and Objectory. Gives lots of well-explained examples.
 - Coleman,Don,Dan Ash,Bruce Lowther,and Paul Oman (1994).'Using metrics to evaluate software system maintainability.' IEEE Computer , 27(8) (August): 44-49.
Describes use of metrics at Hewlett-Packard in guiding maintenance decisions.
 - Collier, Bonnie, Tom DeMarco, and Peter Fearey (1996). 'A defined process for project postmortem reviews.' IEEE Software , 13(4) (July): 65-72.
 - Compton,B.T., and C.Withrow (1990).'Prediction and control of Ada software defects.' Journal of Systems and Software , 12: 199-207.
Report on software fault behavior at Unisys.
 - Computer Weekly Report (1994).'Sources of errors.'August 12.
 - Conklin, Peter F. (1996). 'Enrollment management: Managing the Alpha AXP program.' IEEE Software 13(4) (July): 53-64.
Describes a project management approach that was very successful in developing Digital's Alpha chip.
 - Conte, S., H. Dunsmore, and V. Shen (1986). Software Engineering Metrics and Models . Menlo Park, CA: Benjamin-Cummings.
A nice survey and history of software metrics. Especially good section comparing cost estimation models.
 - Courtney, R.E., and  D.A. Gustafson  (1993). 'Shotgun  correlations  in  software  measures.' Software Engineering Journal , 8(1): 5-13.


[2]
[SECTION]: Preface > Chapter 3: Planning and Managing the Project
[CONTENT]: Here, we look at project planning and scheduling. We introduce notions such as activities and milestones, work breakdown structure, activity graphs, risk management, and costs and cost estimation. Estimation models are used to estimate the cost and schedule of the two common examples. We focus on actual case studies, including management of software development for the F-16 airplane and for Digital's alpha AXP programs.


[3]
[SECTION]: Planning and Managing the Project > 3.6 Process Models And Project Management
[CONTENT]: We have seen how different aspects of a project can affect the effort, cost, and schedule required, as well as the risks involved. Managers most successful at building quality products on time and within budget are those who tailor the project management techniques to the particular characteristics of the resources needed, the chosen process, and the people assigned.
To understand what to do on your next project, it is useful to examine project management techniques used by successful projects from the recent past. In this section, we look at two projects: Digital's Alpha AXP program and the F-16 aircraft software.We also investigate the merging of process and project management.


[4]
[SECTION]: Planning and Managing the Project > 3.6 Process Models And Project Management > Enrollment Management
[CONTENT]: Another cusp occurred when a critical task was announced to be several months behind schedule.The management addressed this problem by instituting regular operational  inspections  of  progress  so  there  would  be  no  more  surprises. The  inspection involved presentation of a one-page report, itemizing key points about the project:
 - schedule
 - milestones
 - critical path events in the past month
 - activities along the critical path in the next month
 - issues and dependencies resolved
 - issues and dependencies not resolved (with ownership and due dates)
An important aspect of Alpha's success was the managers' realization that engineers  are  usually  motivated  more  by  recognition  than  by  financial  gain. Instead  of rewarding participants with money, they focused on announcing progress and on making sure that the public knew how much the managers appreciated the engineers' work.
The result of Alpha's flexible and focused management was a program that met its  schedule to the month, despite setbacks along the way. Enrollment management enabled small groups to recognize their potential problems early and take steps to handle them while the problems were small and localized. Constancy of purpose was combined with continual learning to produce an exceptional product. Alpha met its performance goals, and its quality was reported to be very high.
",2.345,6.607,0.9999999999,1.0,0.99999999995,0.18298421096027823,1.0,1
"According to the decision table for library functions, if the input conditions are that the event is reserve and the item is out on loan, what are the exact three actions that must be performed?",The chatbot can't answer this question. Please try again with another question.,"
[0]
[SECTION]: Capturing the Requirements > 4.5 Modeling Notations > Example: Decision Tables
[CONTENT]: A decision table (Hurley 1983) is a tabular representation of a functional specification that maps events and conditions to appropriate responses or actions. We say that the specification  is informal because  the  inputs  (events  and  conditions)  and  outputs (actions) may be expressed in natural language, as mathematical expressions, or both.
Figure 4.16 shows a decision table for the library functions borrow , return , reserve , and unreserve . All of the possible input events (i.e., function invocations), conditions, and actions are listed along the left side of the table, with the input events and conditions listed above the horizontal line and the actions listed below the line. Each  column  represents  a  rule  that  maps  a  set  of  conditions  to  its  corresponding result(s). An entry of 'T' in a cell means that the row's input condition is true, 'F' means that the input condition is false, and a dash indicates that the value of the condition does not matter. An entry of 'X' at the bottom of the table means that the row's action should be performed whenever its corresponding input conditions hold. Thus, column 1 represents the situation where a library patron wants to borrow a book, the book is not already out on loan, and the patron has no outstanding fine; in this situation, the loan is approved and a due date is calculated. Similarly, column 7 illustrates the case where there is a request to put a book on reserve but the book is currently out on loan; in this case, the book is recalled and the due date is recalculated to reflect the recall.


[1]
[SECTION]: Capturing the Requirements > 4.5 Modeling Notations > Example: UML Statechart Diagrams
[CONTENT]: A superstate can actually comprise multiple concurrent submachines, separated by dashed lines.The UML statechart for Publication includes two submachines:one that indicates  whether  or  not  the  publication  is  out  on  loan, and  another  that  indicates whether  or  not  the  publication  is  on  reserve. The  submachines  are  said  to  operate concurrently , in that a Publication instance could at any time receive and respond to events of interest to either or both submachines. In general, concurrent submachines are used  to  model  separate, unrelated  subbehaviors, making  it  easier  to  understand  and consider each subbehavior. An equivalent statechart for Publication in Figure 4.10 that does not make use of state hierarchy or concurrency is comparatively messy and repetitive. Note  that  this  messy  statechart  has  a  state  for  each  combination  of  states from Figure 4.9 ( stacks = Publication is in library and not on reserve, onloan = Publication is on loan and not on reserve, etc.). 3 State transitions are labeled with their enabling events and conditions and with their side effects.Transition labels have syntax where  the  triggering event is  a  message  that  may  carry  parameters. The  enabling condition , delimited by square brackets, is a predicate on the object's attribute values. If the transition is taken, its actions , each prefaced with a slash (/), specify assignments made to the object's attributes; the asterisk indicates that a transition may have arbitrarily  many  actions. If  the  transition  is  taken, it  may  generate  arbitrarily  many output events , /^Object.event , each prefaced with a caret an output event may carry parameters and is either designated for a target Object or is broadcast to all objects. For example, in the messy Publication statechart (Figure 4.10), the transition to state recall is enabled if the publication is in state onloan when a request to put the item on reserve is received.When the transition is taken, it sends an event to the Loan object, which in turn will notify the borrower that the item must be returned to the library sooner than the loan's due date. Each of the transition-label elements is optional. For example, a transition need not be enabled by an input event; it could be enabled  only  by  a  condition  or  by  nothing, in  which  case  the  transition  is  always enabled. 1 ¿ 2 ; ' '*''


[2]
[SECTION]: Capturing the Requirements > 4.5 Modeling Notations > Example: Parnas Tables
[CONTENT]: Parnas tables (Parnas 1992) are tabular representations of mathematical functions or relations. Like decision tables, Parnas tables use rows and columns to separate a function's definition into its different cases. Each table entry either specifies an input condition that partially identifies some case, or it specifies the output value for some case. Unlike decision tables, the inputs and outputs of a Parnas table are purely mathematical expressions.
To  see  how  Parnas  tables  work, consider  Figure  4.17. The  rows  and  columns define Calc due date , an operation in our library example.The information is represented as a Normal Table, which is a type of Parnas table.The column and row headers are predicates used to specify cases, and the internal table entries store the possible function results. Thus, each internal table entry represents a distinct case in the function's definition. For example, if the event is to renew a loan (column header), and the publication being borrowed is on reserve (column header), and the patron making the request has no outstanding fines (row header), then the due date is calculated to be publication.reserve loan period days from Today . A table entry of 'X' indicates that the operation is invalid under the specified conditions; in other specifications, an entry of 'X' could mean that the combination of conditions is infeasible. Notice how the column and row headers are structured to cover all possible combinations of conditions that can affect the calculation of a loaned item's due date. (The symbol ¬ means 'not', so ¬publication.InState(reserve) means that the publication is not on reserve.)


[3]
[SECTION]: Capturing the Requirements > 4.5 Modeling Notations > Example: UML Class Diagrams
[CONTENT]: (footnote: 2 In later examples,we model an item's loan state and reserve state as states in a state-machine model (Figure 4.9), and this information is included in the library's detailed class model (Figure 4.18).)
The Loan class in the library model is an association class , which relates attributes and operations to an association. Association classes are used to collect information that cannot be attributed solely to one class or another. For example, the Loan attributes are not properties of the borrower or of the item borrowed, but rather of the loan transaction or contract. An association class has exactly one instantiation per link in the association, so our modeling Loan as an association class is correct only if we want to model snapshots of the library inventory (i.e., model only current loans). If we wanted instead to maintain a history of all loan transactions, then (because a patron might borrow an item multiple times), we would model Loan as a full-fledged class.
",2.218,8.885,0.9999999999,1.0,0.99999999995,0.034622054914148964,N/A,0
"In the data-module solution architecture for KWIC, what are the four specific data access operations (represented as an annotated arrow) used by the Master control module to interact with the Index module?",The chatbot can't answer this question. Please try again with another question.,"
[0]
[SECTION]: Designing the Architecture > 5.7 Architecture Evaluation And Refinement > Trade-off Analysis
[CONTENT]: Shaw and Garlan (1996) present four different architectural designs to implement KWIC: repository, data abstraction, implicit invocation (a type of publish-subscribe), and pipe-and-filter. The  repository-based  solution, shown  in  Figure  5.13, breaks  the problem into its four primary functions: input, circular shift, alphabetize, and output. Thus, the system's functionality is decomposed and modularized. These four modules are coordinated by a master program that calls them in sequence. Because the data are localized in their own modules, and not replicated or passed among the computational modules, the design is efficient. However, as Parnas points out, this design is difficult to change. Because the computational modules access and manipulate the data directly, via read and write operations, any change to the data and data format will affect all modules.Also, none of the elements in the design are particularly reusable.
Figure 5.14 illustrates a second design that has a similar decomposition of functionality into sequentially called modules. However, in this design, the data computed by each computational module is stored in that module. For example, the circular-shift module maintains the index to keywords in the text, and the alphabetic-shift module maintains a sorted (alphabetized) version of this index. Each module's data are accessible via access methods, rather than directly.Thus, the modules form data abstractions . In a data abstraction, the methods' interfaces give no hint of the module's data or data representations, making  it  easier  to  modify  data-related  design  decisions  without affecting other modules. And because data-abstraction modules encompass both the data to be maintained and the operations for maintaining the data, these modules are easier to reuse in other applications than modules from our first design. On the downside, changes to the system's functionality may not be so easy, because the functionality is so tightly coupled with the data. For example, omitting indices whose circular shifts start with noise words means either (1) enhancing an existing module, making it more complex, more context specific, and less reusable; or (2) inserting a new module to remove useless indices after they have been created, which is inefficient, and modifying existing modules to call the new module (Garlan, Kaiser, and Notkin 1992).


[1]
[SECTION]: Designing the Architecture > 5.7 Architecture Evaluation And Refinement > Trade-off Analysis
[CONTENT]: [FIGURE 5.14 Data-module solution for KWIC (Shaw and Garlan 1996).] 
Instead, Garlan, Kaiser, and  Notkin  (1992)  propose  a  third  design, shown  in Figure 5.15, in which the data are stored in ADTs that manage generic data types, such as  lines  of  text  and  sets  of  indices, rather  than  in  KWIC-based  data  abstractions. Because ADTs are generic, they are even more reusable than data abstractions. Moreover, the data and operations on data are encapsulated in the ADT modules, so changes to data representation are confined to these modules. This design resembles the first design, in that the system's functionality is decomposed and modularized into computational modules. However, in this design, many of the computational modules are triggered by the occurrence of events rather than by explicit procedure invocation. For example, the circular-shift module is activated whenever a new line of text is input.The design can be easily extended, via new computational modules whose methods are triggered by system events; existing modules do not need to be modified to integrate the new modules into the system.
[FIGURE_DESCRIPTIONS]
[0] Diagram depicting a master control system with labeled blocks: Master control at the top, Input, Output, and Alphabetized index groups arranged below. Visible text includes a key in the upper left corner showing two line styles: solid arrows for Subprogram call and dotted lines for System I/O. Arrows originate from Master control to Input, Output, and two index groups. Input section splits into sub-blocks labeled Input medium and additional small blocks with text such as Text and perhaps other items. The leftmost column shows an arrow labeled Input connecting to a vertical stack of small blocks with illegible labels. The right side shows an Alphabetized index group with multiple small blocks linked from the index to the Output section. Dashed lines form connectivity to the left side, while solid arrows indicate master control directing to the major components. The diagram conveys a microarchitecture of a system with I/O, indexing, and subroutine relationships.



[2]
[SECTION]: Designing the Architecture > 5.7 Architecture Evaluation And Refinement > Trade-off Analysis
[CONTENT]: [FIGURE 5.13 Shared-data solution for KWIC (Shaw and Garlan 1996).] 
[FIGURE_DESCRIPTIONS]
[0] Diagram illustrating a memory hierarchy and control flow with labeled blocks and arrows. The top section contains a master control box connected by arrows to input, circular shift, and alphabetizer blocks, and to an output path. The input block feeds into a text block, an index block, and within the lower row there are labeled blocks: Input medium and Output Medium. A direct memory access path and a system I/O path are indicated by legend arrows: solid for direct memory access and dashed for system I/O or subprogram calls. The lower row shows two blocks under the input chain: Text and Index, then an Alphabetized index connected to an Alphabetizer box and to the Output. The overall structure suggests a processing pipeline with data entering as text, generating an index, performing a circular shift, and alphabetizing to produce an output, with a master control coordinating flow. Visible text includes: KEY, Direct memory access, Subprogram call, System I/O, Master control, Input, Circular shift, Alphabetizer, Output, Text, Index, Alphabetized index, Input medium, Output medium. 

",1.492,8.111,0.9999999999,1.0,0.99999999995,0.03543370966833976,N/A,0
What is a functional requirement?,"A functional requirement describes required behavior in terms of required activities, such as reactions to inputs, and the state of each entity before and after an activity occurs. For instance, for a payroll system, the functional requirements state how often paychecks are issued, what input is necessary for a paycheck to be printed, under what conditions the amount of pay can be changed, and what causes the removal of an employee from the payroll list.","
[0]
[SECTION]: Capturing the Requirements > 4.3 Types Of Requirements
[CONTENT]: When most people think about requirements, they think about required functionality : What  services  should  be  provided?  What  operations  should  be  performed?  What should be the reaction to certain stimuli? How does required behavior change over time  and  in  response  to  the  history  of  events? A functional  requirement describes required behavior in terms of required activities, such as reactions to inputs, and the state of each entity before and after an activity occurs. For instance, for a payroll system, the functional requirements state how often paychecks are issued, what input is necessary for a paycheck to be printed, under what conditions the amount of pay can be changed, and what causes the removal of an employee from the payroll list.
Requirements template The functional requirements define the boundaries of the solution space for our problem.The solution space is the set of possible ways that software can be designed to implement the requirements, and initially that set can be very large. However, in practice it is usually not enough for a software product to compute correct outputs; there are other types of requirements that also distinguish between acceptable and unacceptable products. A quality requirement , or nonfunctional requirement , describes some quality  characteristic  that  the  software  solution  must  possess, such  as  fast  response time, ease of use, high reliability, or low maintenance costs. A design constraint is  a design decision, such as choice of platform or interface components, that has already been made and that restricts the set of solutions to our problem.A process constraint is a restriction on the techniques or resources that can be used to build the system. For example, customers may insist that we use agile methods, so that they can use early versions  of  the  system  while  we  continue  to  add  features. Thus, quality  requirements, design constraints, and process constraints further restrict our solution space by differentiating  acceptable, well-liked  solutions  from  unused  products. Table  4.2 gives examples of each kind of requirement.
[FIGURE_DESCRIPTIONS]
[0] The image presents a diagram labeled FIGURE 4.2 (Sources of possible requirements) with a central oval titled ""Elicit requirements"" connected to multiple surrounding elements via directional lines. Visible text around the oval includes: ""Stakeholder wants and needs"", ""Domain models"", ""Current situation models"", ""Existing documents"", ""Suggested types of requirements"", ""Reusable requirements"", ""Requirements template"", and ""Base library"". The diagram appears to illustrate inputs and outputs related to elicitation, requirements gathering, and repository components. Additional labels indicate relationships such as current situation model feeding into the elicitation process, and the existence of a requirements template and a base library as supporting resources. The visual style uses a central hub-and-spokes layout typical of requirements engineering diagrams, with arrows suggesting data or influence flow toward or from the elicitation node.



[1]
[SECTION]: Capturing the Requirements > 4.3 Types Of Requirements
[CONTENT]: Quality requirements sometimes sound like 'motherhood' characteristics that all products ought to possess. After all, who is going to ask for a slow, unfriendly, unreliable, unmaintainable software system? It is better to think of quality requirements as design criteria  that  can  be  optimized  and  can  be  used  to  choose  among  alternative implementations of functional requirements. Given this approach, the question to be answered by the requirements is: To what extent must a product satisfy these quality requirements to be acceptable? Sidebar 4.4 explains how to express quality requirements such that we can test whether they are met.


[2]
[SECTION]: Capturing the Requirements > 4.13 Real-Time Example > 4.14 WHAT THIS CHAPTER MEANS FOR YOU
[CONTENT]: In  this  chapter, we  have  shown  the  best  practices  for  developing  quality  software requirements. We have seen that requirements activities should not be performed by the software developer in isolation: definition and specification efforts require working closely with users, customers, testers, designers, and other team members. Still, there are several skills that are important for you to master on your own:
 - It  is  essential  that  the  requirements  definition  and  specification  documents describe the problem, leaving solution selection to the designers. The best way of ensuring that you do not stray into the solution space is to describe requirements and specifications in terms of environmental phenomena.
 - There are a variety of sources and means for eliciting requirements. There are both functional and quality requirements to keep in mind.The functional requirements explain what the system will do, and the quality requirements constrain solutions in terms of safety, reliability, budget, schedule, and so on.
 - There are many different types of definition and specification techniques. Some are descriptive, such as entity-relationship diagrams and logic, while others are behavioral, such as event traces, data-flow diagrams, and functions. Some have graphical notations, and some are based on mathematics. Each emphasizes a different  view  of  the  problem, and  suggests  different  criteria  for  decomposing  a problem into subproblems. It is often desirable  to  use  a  combination  of  techniques to specify the different aspects of a system.
 - The specification techniques also differ in terms of their tool support, maturity, understandability, ease of use, and mathematical formality. Each one should be judged for the project at hand, as there is no best universal technique.


[3]
[SECTION]: Improving Predictions, Products, Processes, and Resources > 13.7 Real-Time Example
[CONTENT]: Improvement strategies are important at the European Space Agency, too. The Lions et al. (1996) report has suggested several improvements, including the following:
 - The team should perform a thorough requirements review to identify areas where Ariane-5 requirements differ significantly from Ariane-4. In particular, the specification should contain the Ariane-5 trajectory data as a functional requirement.
 - The team should do ground testing by injecting simulated acceleration signals in predicted  flight  parameters, using  a  turntable  to  simulate  launcher  angular movements.
 - The guidance system's precision should be demonstrated by analysis and computer simulation.
 - Reviews should become a part of the design and qualification process, carried out at all levels, and involving external experts and all major project partners.
These  steps  should  be  taken  as  part  of  a  regression  exercise  whenever  the  code  is changed.They should help to ensure that the failure modes that evaded detection in the past will not be missed in the future.
",1.536,4.207,0.9999999999,1.0,0.99999999995,0.6370769486833532,1.0,1
What is a design constraint?,"A design constraint is a design decision, such as choice of platform or interface components, that has already been made and that restricts the set of solutions to our problem.","
[0]
[SECTION]: Capturing the Requirements > 4.3 Types Of Requirements
[CONTENT]: When most people think about requirements, they think about required functionality : What  services  should  be  provided?  What  operations  should  be  performed?  What should be the reaction to certain stimuli? How does required behavior change over time  and  in  response  to  the  history  of  events? A functional  requirement describes required behavior in terms of required activities, such as reactions to inputs, and the state of each entity before and after an activity occurs. For instance, for a payroll system, the functional requirements state how often paychecks are issued, what input is necessary for a paycheck to be printed, under what conditions the amount of pay can be changed, and what causes the removal of an employee from the payroll list.
Requirements template The functional requirements define the boundaries of the solution space for our problem.The solution space is the set of possible ways that software can be designed to implement the requirements, and initially that set can be very large. However, in practice it is usually not enough for a software product to compute correct outputs; there are other types of requirements that also distinguish between acceptable and unacceptable products. A quality requirement , or nonfunctional requirement , describes some quality  characteristic  that  the  software  solution  must  possess, such  as  fast  response time, ease of use, high reliability, or low maintenance costs. A design constraint is  a design decision, such as choice of platform or interface components, that has already been made and that restricts the set of solutions to our problem.A process constraint is a restriction on the techniques or resources that can be used to build the system. For example, customers may insist that we use agile methods, so that they can use early versions  of  the  system  while  we  continue  to  add  features. Thus, quality  requirements, design constraints, and process constraints further restrict our solution space by differentiating  acceptable, well-liked  solutions  from  unused  products. Table  4.2 gives examples of each kind of requirement.
[FIGURE_DESCRIPTIONS]
[0] The image presents a diagram labeled FIGURE 4.2 (Sources of possible requirements) with a central oval titled ""Elicit requirements"" connected to multiple surrounding elements via directional lines. Visible text around the oval includes: ""Stakeholder wants and needs"", ""Domain models"", ""Current situation models"", ""Existing documents"", ""Suggested types of requirements"", ""Reusable requirements"", ""Requirements template"", and ""Base library"". The diagram appears to illustrate inputs and outputs related to elicitation, requirements gathering, and repository components. Additional labels indicate relationships such as current situation model feeding into the elicitation process, and the existence of a requirements template and a base library as supporting resources. The visual style uses a central hub-and-spokes layout typical of requirements engineering diagrams, with arrows suggesting data or influence flow toward or from the elicitation node.



[1]
[SECTION]: Capturing the Requirements > 4.5 Modeling Notations > Example: Object Constraint Language (OCL)
[CONTENT]: The Object Constraint Language (OCL) is an attempt to create a constraint language that is both mathematically precise and easy for nonmathematicians, like customers, to read, write, and  understand. The  language  is  specially  designed  for  expressing  constraints on object models (i.e., ER diagrams), and introduces language constructs for navigating from one object to another via association paths, for dealing with collections of objects, and for expressing queries on object type.
A partial Library class model from Figure 4.5 appears in Figure 4.18, in which three classes have been detailed and annotated with OCL constraints. The leftmost constraint is an invariant on the Patron class, and specifies that no patron's fines may have  a  negative  value  (i.e., the  library  always  makes  change  if  a  patron's  payment exceeds his or her fines). The topmost constraint is an invariant on the Publication class, and specifies that call numbers are unique.This constraint introduces Thus, the constraint literally says that for any two publications, p1 and p2 , returned by allinstances, if p1 and p2 are not the same publication, then they have different call numbers.The third constraint, attached to the method borrow() , expresses the operation's pre- and post-conditions. One of the pre-conditions concerns an attribute in the Patron class, which is accessible via the borrow association; the patron object can be referenced either by its role name, borrower , or by the class name written in lowercase letters, if the association's far end has no role name. If the association's multiplicity were greater than 0..1, then  navigating  the  association  would  return  a  collection  of objects, and we would use notation, rather than dot notation, to access the objects' attributes. :


[2]
[SECTION]: Designing the Architecture > 5.4 Architectural Styles And Strategies > Layering
[CONTENT]: Layered systems organize the system's software units into layers, each of which provides services to the layer above it and acts as a client to the layer below. In a 'pure' layered system, a software unit in a given layer can access only the other units in the same layer and services offered by the interface to the layer immediately below it. To improve performance, this constraint may be relaxed in some cases, allowing a layer to access the services of layers below its lower neighbor; this is called layer bridging . However, if a design includes a lot of layer bridging, then it loses some of the portability and maintainability that the layering style offers. Under no circumstances does a layer access the services offered by a higher-level layer; the resulting architecture would no longer be called layered.


[3]
[SECTION]: Capturing the Requirements > 4.5 Modeling Notations > Example: Object Constraint Language (OCL)
[CONTENT]: Although not originally designed as part of UML, OCL is now tightly coupled with UML and is part of the UML standard.OCL can augment many of UML's models. For example, it can be used to express invariants, preconditions, and post-conditions in class diagrams, or invariants and transition conditions in statechart diagrams. It can also express conditions on events in Message Sequence Charts (Warmer and Kleppe 1999). OCL annotations of UML require a relatively  detailed  class  model, complete  with attribute types, operation signatures, role names, multiplicities, and state enumerations of the class's statechart diagram. OCL expressions can appear in UML diagrams as UML notes,or they can be listed in a supporting document.
",1.592,3.244,0.9999999999,1.0,0.99999999995,0.9999999032660123,1.0,1
When are two requirements considered inconsistent?,"In general, two requirements are inconsistent if  it  is  impossible  to  satisfy both simultaneously.","
[0]
[SECTION]: Capturing the Requirements > 4.4 Characteristics Of Requirements
[CONTENT]: To ensure that the eventual product is successful, it is important that the requirements be of high quality; what is not specified usually is not built.We discuss later in this chapter how to validate and verify requirements. In the meantime, we list below the desirable characteristics for which we should check.
 - Are the requirements correct? Both we and the customer should review the documented requirements, to ensure that they conform to our understanding of the requirements.
 - Are the requirements consistent? That is, are there any conflicting requirements? For example, if one requirement states that a maximum of 10 users can be using the system at one time, and another requirement says that in a certain situation there may be 20 simultaneous users, the two requirements are said to be inconsistent. In general, two requirements are inconsistent if  it  is  impossible  to  satisfy both simultaneously.
 - Are the requirements unambiguous? The requirements are ambiguous if multiple readers of the requirements can walk away with different but valid interpretations. Suppose a customer for a satellite control system requires the accuracy to be sufficient to support mission planning. The requirement does not tell us what mission  planning  requires  for  support. The  customer  and  the  developers  may have very different ideas as to what level of accuracy is needed. Further discussion of the meaning of 'mission planning' may result in a more precise requirement:'In identifying the position of the satellite, position error shall be less then 50 feet along orbit, less than 30 feet off orbit.' Given this more detailed requirement,we can test for position error and know exactly whether or not we have met the requirement.


[1]
[SECTION]: Capturing the Requirements > 4.2 Requirements Elicitation > SIDEBAR 4.3 USING VIEWPOINTS TO MANAGE INCONSISTENCY
[CONTENT]: A lthough most software engineers strive for consistent requirements, Easterbrook and Nuseibeh (1996) argue that it is often desirable to tolerate and even encourage inconsistency  during  the  requirements  process. They  claim  that  because  the  stakeholders'  understanding of the domain and their needs evolve over time, it is pointless to try to resolve inconsistencies early in the requirements process. Early resolutions are expensive and often unnecessary (and can occur naturally as stakeholders revise their views). They can also be counter-productive if the resolution process focuses attention on how to come to agreement rather than on the underlying causes of the inconsistency (e.g., stakeholders' misunderstanding of the domain).
Instead, Easterbrook and Nuseibeh propose that stakeholders' views be documented and maintained as separate Viewpoints (Nuseibeh et al. 1994) throughout the software development  process. The  requirements  analyst  defines  consistency  rules  that  should  apply between Viewpoints (e.g., how objects, states, or transitions in one Viewpoint correspond to similar entities in another Viewpoint; or how one Viewpoint refines another Viewpoint), and the Viewpoints are analyzed (possibly automatically) to see if they conform to the consistency rules. If the rules are violated, the inconsistencies are recorded as part of the Viewpoints, so that other software developers do not mistakenly implement a view that is being contested. The recorded inconsistencies are rechecked whenever an associated Viewpoint is modified, to see if the Viewpoints are still inconsistent; and the consistency rules are checked periodically, to see if any have been broken by evolving Viewpoints.
The outcome of this approach is a requirements document that accommodates all stakeholders' views at all times. Inconsistencies are highlighted but not addressed until there is sufficient information to make an informed decision. This way, we avoid committing ourselves prematurely to requirements or design decisions.


[2]
[SECTION]: Capturing the Requirements > 4.3 Types Of Requirements > Two Kinds of Requirements Documents
[CONTENT]: In the end, the requirements are used by many different people and for different purposes. Requirements analysts and their clients use requirements to explain their understanding of how the system should behave. Designers treat requirements as constraints on what would be considered an acceptable solution. The test team derives from the requirements a suite of acceptance tests , which will be used to demonstrate to the customer that the system being delivered is indeed what was ordered. The maintenance team uses the requirements to help ensure that system enhancements (repairs and new features) do not interfere with the system's original intent. Sometimes a single document can serve all of these needs, leading to a common understanding among customers, requirements analysts, and developers. But often two documents are needed: a requirements definition that is aimed at a business audience, such as clients, customers, and users, and a requirements specification that is aimed at a technical audience, such as designers, testers, and project managers.
We illustrate  the  distinction  using  a  small  running  example  from  Jackson  and Zave (1995). Consider a software-controlled turnstile situated at the entrance to a zoo.
When the turnstile is fed a coin, it unlocks, allowing a visitor to push through the turnstile and enter the zoo. Once an unlocked turnstile has rotated enough to allow one entry, the turnstile locks again, to prevent another person from entering without payment.


[3]
[SECTION]: Writing the Programs > 7.10 Term Project
[CONTENT]: In preceding chapters, you examined requirements for the Loan Arranger, and devised several designs to implement your solution to the described problem. Now it is time to implement  the  system. There  are  several  areas  that  deserve  particular  attention, because they are more difficult than their requirements description makes them seem. One is the need to allow four loan analysts to use the system at once.This requirement should have suggested to you that it is necessary to design the Loan Arranger so that certain loans are locked while they are being considered for a bundle. What is the best way to implement this scheme? How can the implementation be done so that you can easily change the number of analysts allowed on the system at a given time?
A  second  implementation  difficulty  arises  when  you  implement  the  bundling algorithm. How will your code find the best bundle to fit the criteria? Remember that you must respond to the user in a short period of time.
Finally, how does your choice of language affect the ability to meet the performance requirements?
",1.464,4.969,0.9999999999,1.0,0.99999999995,0.6204088529459033,1.0,1
"How does the chronological relationship between errors, faults, and failures described in Chapter 1 fundamentally differ from the analytical direction used when constructing a fault-tree analysis as described in Chapter 5? -Required source types: both -Brief reasoning type label: comparison","Chapter 1 describes a chronological flow where a fault in a software product is the result of some human error, and notes that not every fault leads to a failure, since the conditions for a fault to manifest as a failure may never be met.

In contrast, Chapter 5 describes fault-tree analysis as an analytical direction that starts from a failure and traces backward through the design to identify its possible causes, using an upside-down tree where the root node is the failure and edges show relationships among events (with AND/OR gates and optional n_of_m redundancy).","
[0]
[SECTION]: Designing the Architecture > 5.7 Architecture Evaluation And Refinement > Safety Analysis
[CONTENT]: We learned earlier about the importance of fault identification, correction, and tolerance in creating reliable and robust designs.There are several techniques that can be used during design to identify possible faults or their likely locations. Fault-tree analysis , a method originally  developed  for  the  U.S. Minuteman  missile  program, helps  us  to  examine  a design and look for faults that might lead to failure.We build fault trees that trace backwards through a design, along the logical path from effect to cause. The trees are then used to help us decide which faults to correct or avoid, and which faults to tolerate.
We begin our analysis by identifying possible failures.Although our identification takes place during design, we consider failures that might be affected by design, operation, or even maintenance. We can use a set of guidewords to help us understand how the system might deviate from its intended behavior. Table 5.1 illustrates some of the guidewords  that  might  be  used; you  can  select  your  own  guidewords  or  checklists, based on your system's application domain.
Next, we build an upside-down tree whose root node is some failure that we want to analyze, and whose other nodes are events or faults that realize or lead to the root node's failure. The edges of the graph indicate the relationships among nodes. Parent nodes are drawn as logic gate operators: an and -gate if both of the child nodes' events must occur for the parent node's event to occur; an orgate if one child's event is sufficient to cause the parent's event. Sometimes, an edge is labeled n_of_m if the system includes m redundant components, where n faulty components lead to the designated failure. Each node represents an independent event; otherwise, the analysis results may be invalid, especially with respect to compound faults.


[1]
[SECTION]: Designing the Architecture > 5.5 Achieving Quality Attributes > SIDEBAR 5.6 THE NEED FOR SAFE DESIGN
[CONTENT]: Anthes (1997) reports the suggestions of Alan Barbell, a project manager at Environmental Criminology Research, an institute that evaluates medical devices. Barbell notes that software designers must see directly how their products will be used, rather than rely on salespeople and marketers. Then the designers can build in preventative measures to make sure that their products are not misused.
How do faults occur? As we saw in Chapter 1, a fault in a software product is the result  of  some  human  error. For  example, we  might  misunderstand  a  user-interface requirement and create a design that reflects our misunderstanding. The design fault can be propagated as incorrect code, incorrect instructions in the user manual, or incorrect test scripts. In this way, a single error can generate one or more faults, in one or more development products.
We distinguish faults from failures. A failure is an observable departure of the system from its required behavior. Failures can be discovered both before and after system delivery,because they can occur in testing as well as during operation.In some sense,faults and failures refer respectively to invisible and visible flaws. In other words, faults represent flaws that only developers see, whereas failures are problems that users or customers see.
It is important to realize that not every fault corresponds to a failure, since the conditions  under  which  a  fault  manifests  itself  as  an  observable  failure  may  never be met. For example, fault-containing code may never be executed or may not exceed the boundaries of correct behavior (as with Ariane-4).
We make our software more reliable by preventing or tolerating faults. That is, rather than waiting for the software to fail and then fixing the problem, we anticipate what might happen and construct the system to react in an acceptable way.


[2]
[SECTION]: Testing the Programs > 8.1 Software Faults And Failures > Types of Faults
[CONTENT]: In  developing real-time systems, a critical consideration is the coordination of several processes executing simultaneously or in a carefully defined sequence. Timing or coordination faults occur when the code coordinating these events is inadequate. There are two reasons why this kind of fault is hard to identify and correct. First, it is usually difficult for designers and programmers to anticipate all possible system states. Second, because so many factors are involved with timing and processing, it may be impossible to replicate a fault after it has occurred.
Throughput or performance faults occur when the system does not perform at the speed prescribed by the requirements. These are timing problems of a different sort: Time constraints are placed on the system's performance by the customer's requirements rather than by the need for coordination.
As we saw during design and programming, we take great care to ensure that the system can recover from a variety of failures. Recovery faults can occur when a failure is encountered and the system does not behave as the designers desire or as the customer requires. For example, if a power failure occurs during system processing, the system should recover in an acceptable manner, such as restoring all files to their state just prior to the failure. For some systems, such recovery may mean that the system will continue full processing by using a backup power source; for others, this recovery means that the system keeps a log of transactions, allowing it to continue processing whenever power is restored.
For many systems, some of the hardware and related system software are prescribed in the requirements, and the components are designed according to the specifications of the reused or purchased programs. For example, if a prescribed modem is used for communications, the modem driver generates the commands expected by the modem and reads commands received from the modem. However, hardware and system software faults can arise when the supplied hardware and system software do not actually work according to the documented operating conditions and procedures.


[3]
[SECTION]: Why Software Engineering? > 1.2 How Successful Have We Been?
[CONTENT]: There is an enormous difference between an error in a class project and one in a large software system. In fact, software faults and the difficulty in producing fault-free software are frequently discussed in the literature  and  in  the  hallways. Some  faults are merely annoying; others cost a great deal of time and money. Still others are lifethreatening. Sidebar 1.1 explains the relationships among faults, errors, and failures. Let us look at a few examples of failures to see what is going wrong and why.
",1.463,8.798,0.9999999999,0.8333333333333334,0.9090909090495868,0.6003981884165506,0.6666666666666666,1
Contrast how the traditional Waterfall process model and the Extreme Programming (XP) agile method handle the documentation of requirements and the adaptation to changing requirements late in the development cycle. -Required source types: text -Brief reasoning type label: comparison,The chatbot can't answer this question. Please try again with another question.,"
[0]
[SECTION]: Capturing the Requirements > 4.2 Requirements Elicitation > SIDEBAR 4.2 AGILE REQUIREMENTS MODELING
[CONTENT]: Extreme programming (XP) takes agile requirements processes to the extreme, in that the system is built to the requirements that happen to be defined at the time, with no planning or designing for possible future requirements. Moreover, XP forgoes traditional requirements documentation, and instead encodes the requirements as test cases that the eventual implementation must pass.Berry (2002a) points out that the trade-off for agile methods' flexibility is the difficulty of making changes to the system as requirements are added, deleted, or changed. But there can be additional problems: XP uses test cases to specify requirements, so a poorly written test case can lead to the kinds of misunderstandings described in this chapter.
assumptions  with  which  we  may  not  be  familiar. Likewise, we  as  developers  know about computer solutions, but not always about how possible solutions will affect our customers' business activities.We, too, have our jargon and assumptions, and sometimes we think everyone is speaking the same language, when in fact people have different meanings for the same words. It is only by discussing the requirements with everyone who has a stake in the system, coalescing these different views into a coherent set of requirements, and reviewing these documents with the stakeholders that we all come to an agreement about what the requirements are. (See Sidebar 4.3 for an alternative viewpoint.) If we cannot agree on what the requirements are,then the project is doomed to fail.


[1]
[SECTION]: Modeling the Process and Life Cycle > 2.2 Software Process Models > SIDEBAR 2.2 WHEN IS EXTREME TOO EXTREME?
[CONTENT]: A s with most software development approaches, agile methods are not without their critics. For example, Stephens and Rosenberg (2003) point out that many of extreme programming's practices are interdependent, a vulnerability if one of them is modified. To see why, suppose some people are uncomfortable with pair programming. More coordination and documentation may be required to address the shared vision that is missing when people work on their own. Similarly, many developers prefer to do some design before they write code. Scrum addresses this preference by organizing around monthly sprints. Elssamadissy and Schalliol (2002) note that, in extreme programming, requirements are expressed as a set of test cases that must be passed by the software.This approach may cause customer representatives to focus on the test cases instead of the requirements. Because the test cases are a detailed expression of the requirements and may be solution oriented, the emphasis on test cases can distract the representatives from the project's underlying goals and can lead to a situation where the system passes all the tests but is not what the customers thought they were paying for.As we will see in Chapter 5, refactoring may be the Achilles heel of agile methods; it is difficult to rework a software system without degrading its architecture.


[2]
[SECTION]: Modeling the Process and Life Cycle > 2.2 Software Process Models > Agile Methods
[CONTENT]:  - Coding standards: Many observers think of XP and other agile methods as providing an unconstrained environment where anything goes. But in fact XP advocates clear definition of coding standards, to encourage teams to be able to understand and change each other's work. These standards support other practices, such as testing and refactoring. The result should be a body of code that appears to have been written by one person, and is consistent in its approach and expression.
Extreme programming and agile methods are relatively new.The body of evidence for its effectiveness is small but growing. We will revisit many agile methods and concepts, and their empirical evaluation, in later chapters, as we discuss their related activities.
The process models presented in this chapter are only a few of those that are used or discussed. Other process models can be defined and tailored to the needs of the user, customer,and developer.As Sidebar 2.3 notes,we should really capture the development process as a collection of process models, rather than focusing on a single model or view.


[3]
[SECTION]: Modeling the Process and Life Cycle > 2.2 Software Process Models > Agile Methods
[CONTENT]:  - Pair programming: As noted in Chapter 1, there is a tension between viewing software engineering as an art and as a science. Pair programming attempts to address  the  artistic  side  of  software  development, acknowledging  that  the apprentice-master metaphor can be useful in teaching novice software developers how to develop the instincts of masters. Using one keyboard, two paired programmers develop a system from the specifications and design. One person has responsibility for finishing the code, but the pairing is flexible: a developer may have more than one partner on a given day.We will see in Chapter 7 how pair programming compares with the more traditional approach of individuals working separately until their modules have been unit-tested.
 - Collective ownership: In XP, any developer can make a change to any part of the system as it is being developed. In Chapter 11, we will address the difficulties in managing change, including the errors introduced when two people try to change the same module simultaneously.
 - Continuous integration: Delivering functionality quickly means that working systems  can  be  promised  to  the  customer  daily  and  sometimes  even  hourly. The emphasis is on small increments or improvements rather than on grand leaps from one revision to the next.
 - Sustainable pace: XP's emphasis on people includes acknowledging that fatigue can produce errors. So proponents of XP suggest a goal of 40 hours for each work week; pushing developers to devote heroic amounts of time to meeting deadlines is  a  signal  that  the  deadlines  are  unreasonable  or  that  there  are  insufficient resources for meeting them.
 - On-site customer: Ideally, a customer should be present on-site, working with the developers to determine requirements and providing feedback about how to test them.


[4]
[SECTION]: Preface > Chapter 2: Modeling the Process and Life Cycle
[CONTENT]: In this chapter, we present an overview of different types of process and life-cycle models, including the waterfall model, the V-model, the spiral model, and various prototyping models.We address the need for agile methods, where developers are given a great deal of autonomy, and contrast them with more traditional software development processes. We  also  describe  several  modeling  techniques  and  tools, including  systems dynamics and other commonly-used approaches. Each of the two common examples is modeled in part with some of the techniques introduced here.
",1.309,10.707,0.9999999999,0.8333333333333334,0.9090909090495868,0.014911312133485717,N/A,0
When are requirements considered externally complete?,"A requirements description is externally complete if all states, state changes, inputs, products, and constraints are described by some requirement.","
[0]
[SECTION]: Capturing the Requirements > 4.4 Characteristics Of Requirements
[CONTENT]:  - Are the requirements complete? The set of requirements is complete if it specifies required behavior and output for all possible inputs in all possible states under all possible constraints. Thus, a payroll system should describe what happens when an employee takes a leave without pay, gets a raise, or needs an advance. We say that the requirements are externally complete if all states, state changes, inputs,
products, and constraints are described by some requirement. A requirements description  is internally  complete if  there  are  no  undefined  terms  among  the requirements.
 - Are the requirements feasible? That is, does a solution to the customer's needs even exist? For example, suppose the customer wants users to be able to access a main computer that is located several thousand miles away and have the response time for remote users be the same as for local users (whose workstations are connected directly to the main computer). Questions of feasibility often arise when the customer requires two or more quality requirements, such as a request for an inexpensive system that analyzes huge amounts of data and outputs the analysis results within seconds.
 - Is every requirement relevant? Sometimes a requirement restricts the developers unnecessarily, or includes functions that are not directly related to the customer's needs. For  example, a  general  may  decide  that  a  tank's  new  software  system should allow soldiers to send and receive electronic mail, even though the main purpose of the tank is to traverse uneven terrain.We should endeavor to keep this 'feature explosion'under control,and to help keep stakeholders focused on their essential and desirable requirements.


[1]
[SECTION]: Testing the System > 9.5 Acceptance Testing
[CONTENT]: When function and performance testing are complete, we are convinced that the system meets all the requirements specified during the initial stages of software development.The next step is to ask the customers and users if they concur.


[2]
[SECTION]: Capturing the Requirements > 4.9 Validation And Verification > Requirements Validation
[CONTENT]: Our criteria for validating the requirements are the characteristics that we listed in Section 4.4:
 - Correct
 - Consistent
 - Unambiguous
 - Complete
 - Relevant
 - Testable
 - Traceable Depending on the definition techniques that we use, some of the above checks (e.g., that the requirements are consistent or are traceable) may be automated.Also,common errors can be recorded in a checklist , which reviewers can use to guide their search for errors. Lutz  (1993a)  reports  on  the  success  of  using  checklists  in  validating  requirements  at NASA's Jet Propulsion Laboratory. However, most validation checks (e.g., that a requirement is correct,relevant,or unambiguous;or that the requirements are complete) are subjective exercises in that they involve comparing the requirements definition against the stakeholders' mental model of what they expect the system to do. For these validation checks, our only recourse is to rely on the stakeholders' assessment of our documents.
Table 4.3 lists some of the techniques that can be used to validate the requirements. Validation can be as simple as reading the document and reporting errors. We can ask the validation team to sign off on the document, thereby declaring that they have reviewed the document and that they approve it. By signing off, the stakeholders accept partial responsibility for errors that are subsequently found in the document. Alternatively, we can hold a walkthrough , in which one of the document's authors presents  the  requirements  to  the  rest  of  the  stakeholders, and  asks  for  feedback. Walkthroughs work best when there are a large number of varied stakeholders, and it is unrealistic to ask them all to examine the document in detail.At the other extreme, validation can be as structured as a formal inspection , in which reviewers take on specific roles  (e.g., presenter, moderator)  and  follow  prescribed  rules  (e.g., rules  on  how  to examine the requirements, when to meet, when to take breaks, whether to schedule a follow-up inspection).


[3]
[SECTION]: Capturing the Requirements > 4.3 Types Of Requirements > Two Kinds of Requirements Documents
[CONTENT]: In the end, the requirements are used by many different people and for different purposes. Requirements analysts and their clients use requirements to explain their understanding of how the system should behave. Designers treat requirements as constraints on what would be considered an acceptable solution. The test team derives from the requirements a suite of acceptance tests , which will be used to demonstrate to the customer that the system being delivered is indeed what was ordered. The maintenance team uses the requirements to help ensure that system enhancements (repairs and new features) do not interfere with the system's original intent. Sometimes a single document can serve all of these needs, leading to a common understanding among customers, requirements analysts, and developers. But often two documents are needed: a requirements definition that is aimed at a business audience, such as clients, customers, and users, and a requirements specification that is aimed at a technical audience, such as designers, testers, and project managers.
We illustrate  the  distinction  using  a  small  running  example  from  Jackson  and Zave (1995). Consider a software-controlled turnstile situated at the entrance to a zoo.
When the turnstile is fed a coin, it unlocks, allowing a visitor to push through the turnstile and enter the zoo. Once an unlocked turnstile has rotated enough to allow one entry, the turnstile locks again, to prevent another person from entering without payment.


[4]
[SECTION]: Capturing the Requirements > 4.17 Term Project
[CONTENT]: Your clients  at  FCO  have  prepared  the  following  set  of  English-language  requirements for the Loan Arranger system. Like most sets of requirements, this set must be scrutinized in several ways to determine if it is correct, complete, and consistent. Using the  requirements  here  and  in  supplementary  material  about  the  Loan Arranger  in earlier chapters, evaluate and improve this set of requirements. Use many of the techniques presented in this  chapter, including  requirements  measurement  and Ardis's list. If  necessary, express  the  requirements  in  a  requirements  language  or  modeling technique, to  make  sure  that  the  static  and  dynamic  properties  of  the  system  are expressed well.
",1.952,3.061,0.9999999999,1.0,0.99999999995,0.4186365531669813,1.0,1
What does an entity in an entity-relationship diagram represent?,"An entity, depicted as a rectangle, represents a collection (sometimes called a class) of real-world objects that have common properties and behaviors.","
[0]
[SECTION]: Capturing the Requirements > 4.5 Modeling Notations > Entity-Relationship Diagrams
[CONTENT]: ER diagrams have three core constructs-entities, attributes, and relations-that are combined to specify a problem's elements and their interrelationships. Figure 4.4 is an ER diagram of the turnstile. An entity , depicted as a rectangle, represents a collection (sometimes called a class) of real-world objects that have common properties and behaviors. For example, the world contains many Coins , but for the purpose of modeling the turnstile problem, we treat all Coins as being equivalent to one another in all aspects (such as size, shape, and weight) except perhaps for their monetary value . A relationship is depicted as an edge between two entities, with a diamond in the middle of  the  edge  specifying  the  type  of  relationship. An attribute is  an  annotation  on  an entity that describes data or properties associated with the entity. For example, in the turnstile problem, we are most interested in the Coins that are inserted into the turnstile's CoinSlot (a relationship), and how their monetary values compare to the price of admission into the zoo (comparison of attribute values).Variant ER notations introduce additional constructs, such as attributes on relationships, one-to-many relationships, many-to-many relationships, special relationships like inheritance, and class-based in addition to individual-entity-based attributes. For example, our turnstile model shows the cardinality (sometimes called the 'arity') of the relationships, asserting  that  the  turnstile  is  to  admit  multiple Visitors . More sophisticated notations have the concept of a mutable entity , whose membership or whose relations to members of other entities may change over time. For example, in an ER diagram depicting a family, family  members  and  their  interrelations  change  as  they  get  married, have children, and die. By convention, the entities and relationships are laid out so that relationships are read from left to right, or from top to bottom.


[1]
[SECTION]: Capturing the Requirements > 4.5 Modeling Notations > Entity-Relationship Diagrams
[CONTENT]: Early in the requirements phase, it is convenient to build a conceptual model of the problem that identifies what objects or entities are involved, what they look like (by defining their attributes), and how they relate to one another. Such a model designates names for the basic elements of the problem. These elements are then reused in other descriptions of the requirements (possibly written in other notations) that specify how the objects, their attributes, and their relationships would change in the course of the proposed system's execution.Thus, the conceptual model helps to tie together multiple views and descriptions of the requirements.
The entity-relationship diagram (ER diagram) (Chen 1976) is a popular graphical notational paradigm for representing conceptual models.As we will see in Chapter 6, it forms the basis of most object-oriented requirements and design notations, where it is used to model the relationships among objects in a problem description or to model the structure of a software application. This notation paradigm is also popular for describing database schema (i.e., describing the logical structure of data stored in a database).


[2]
[SECTION]: Capturing the Requirements > 4.5 Modeling Notations > Entity-Relationship Diagrams
[CONTENT]: The simplicity of ER notations is deceptive; in fact, it is quite difficult to use ER modeling notations well in practice. It is not always obvious at what level of detail to model a particular problem, even though there are only three major language constructs. For example, should the barrier and coin slot be modeled as entities, or should they  be  represented  by  a  more  abstract  turnstile  entity? Also, it  can  be  difficult  to decide what data are entities and what data are attributes. For example, should the lock be an entity? There are arguments for and against each of these choices. The primary criteria for making decisions are whether a choice results in a clearer description, and whether a choice unnecessarily constrains design decisions.


[3]
[SECTION]: Capturing the Requirements > 4.5 Modeling Notations > Entity-Relationship Diagrams
[CONTENT]: [FIGURE 4.4 Entity-relationship diagram of turnstile problem.] 
ER diagrams are popular because they provide an overview of the problem to be addressed (i.e., they depict all of the parties involved), and because this view is relatively  stable  when  changes  are  made  to  the  problem's  requirements. A  change  in requirements is more likely to be a change in how one or more entities behave than to be a change in the set of participating entities. For these two reasons, an ER diagram is likely to be used to model a problem early in the requirements process.
[FIGURE_DESCRIPTIONS]
[0] Diagrammatic flowchart illustrating a process with labeled blocks and directional arrows. At the top, a sequence shows a 'Vendor' leading into a 'Coins' block, which has a transition labeled 'value' to an adjacent 'price of admission' block. The left branch from the main flow introduces a decision point: 'owns' leading to a block labeled 'Coin' and an adjacent 'inserted into' relation pointing to 'CoinSlot' or 'CoinSlot' is labeled as the destination for insertion. A lower branch starts with 'enters' followed by a decision diamond, which directs to a 'Barrier' block connected to two smaller blocks labeled 'blocked' and 'entries' via vertical alignment. The diagram emphasizes ownership, value transfer, insertion, and barrier gating within a transactional or access-control context.

",1.346,4.249,0.9999999999,1.0,0.99999999995,0.8500000000000001,1.0,1
"According to IEEE Standard 729 terminology, what is a failure?",A failure is a departure from the system's required behavior.,"
[0]
[SECTION]: Why Software Engineering? > 1.2 How Successful Have We Been? > SIDEBAR 1.1 TERMINOLOGY FOR DESCRIBING BUGS
[CONTENT]: O ften, we talk about 'bugs'in software,meaning many things that depend on the context.A 'bug' can be a mistake in interpreting a requirement, a syntax error in a piece of code, or the (as-yet-unknown) cause of a system crash. The Institute of Electrical and Electronics Engineers (IEEE) has suggested a standard terminology (in IEEE Standard 729) for describing 'bugs' in our software products (IEEE 1983).
A fault occurs when a human makes a mistake, called an error , in performing some software activity. For example, a designer may misunderstand a requirement and create a design that does not match the actual intent of the requirements analyst and the user.This design fault is an encoding of the error, and it can lead to other faults, such as incorrect code and an incorrect description in a user manual.Thus, a single error can generate many faults, and a fault can reside in any development or maintenance product.
A failure is a departure from the system's required behavior. It can be discovered before or after system delivery, during testing, or during operation and maintenance. As we will see in Chapter 4, the requirements documents can contain faults. So a failure may indicate that the system is not performing as required, even though it may be performing as specified.
Thus, a  fault  is  an  inside  view  of  the  system, as  seen  by  the  eyes  of  the  developers, whereas a failure is an outside view: a problem that the user sees. Not every fault corresponds to a failure; for example, if faulty code is never executed or a particular state is never entered, then the fault will never cause the code to fail. Figure 1.4 shows the genesis of a failure.


[1]
[SECTION]: Testing the System > 9.4 Reliability, Availability, And Maintainability > Definitions
[CONTENT]: Similarly, software availability is the probability that a system is operating successfully  according to specification at a given point in time. More formally, it is the probability that a system is functioning completely at a given instant in time, assuming that the required external resources are also available. A system that is completely up and running has availability 1; one that is unusable has availability 0. Availability is measured at points of clock time, not execution time.
Likewise, software maintainability is the probability that, for a given condition of use, a maintenance activity can be carried out within a stated time interval and using stated procedures and resources. It, too, ranges from 0 to 1. It is very different from hardware  maintenance; hardware  usually  requires  the  system  to  be  unavailable  as maintenance is being carried out, but software maintenance can sometimes be done while the system is still up and running.
Because reliability, availability, and maintainability are defined in terms of failures, they must be measured once the system is complete and working. Software engineers usually distinguish known failures from new ones; that is, in determining reliability, we count only new failures, not the ones we know about but have not yet fixed.
In addition, we often assign a severity level to each failure, to capture its impact on the system. For example, the U.S. Military Standard MIL-STD-1629A distinguishes among four different levels of failure severity:
 - Catastrophic: a failure that may cause death or system loss.
 - Critical: a  failure  that  may  cause  severe  injury  or  major  system  damage  that results in mission loss.
 - Marginal: a  failure  that  may  cause  minor  injury  or  minor  system  damage that results in delay, loss of availability, or mission degradation.
 - Minor: a failure not serious enough to cause injury or system damage, but that results in unscheduled maintenance or repair.


[2]
[SECTION]: Testing the Programs > 8.1 Software Faults And Failures
[CONTENT]: In an ideal situation, we as programmers become so good at our craft that every program we produce works properly every time it is run. Unfortunately, this ideal is not reality. The difference between the two is the result of several things. First, many software systems deal with large numbers of states and with complex formulas, activities, and algorithms. In addition to that, we use the tools at our disposal to implement a customer's conception of a system when the customer is sometimes uncertain of exactly what is needed. Finally, the size of a project and the number of people involved can add complexity.Thus, the presence of faults is a function not just of the software, but also of user and customer expectations.
What do we mean when we say that our software has failed? Usually,we mean that the software does not do what the requirements describe. For example, the specification may state that the system must respond to a particular query only when the user is authorized to see the data. If the program responds to an unauthorized user, we say that the system has failed.The failure may be the result of any of several reasons:
 - The specification may be wrong or have a missing requirement. The specification may not state exactly what the customer wants or needs. In our example, the customer may actually want to have several categories of authorization, with each category having a different kind of access, but has never stated that need explicitly.
 - The specification  may  contain  a  requirement  that  is  impossible  to  implement, given the prescribed hardware and software.
 - The system design may contain a fault. Perhaps the database and query-language designs make it impossible to authorize users.
 - The program design may contain a fault. The component descriptions may contain an access control algorithm that does not handle this case correctly.
 - The program code may be wrong. It may implement the algorithm improperly or incompletely.
Thus, the failure is the result of one or more faults in some aspect of the system.


[3]
[SECTION]: Testing the Programs > 8.1 Software Faults And Failures > Types of Faults
[CONTENT]: Finally, the code should be reviewed to confirm that organizational standards and procedures have been followed. Standards and procedure faults may not always affect the running of the programs, but they may foster an environment where faults are created as the system is tested and modified. By failing to follow the required standards, one programmer may make it difficult for another to understand the code's logic or to find the data descriptions needed for solving a problem.
",1.602,4.525,0.9999999999,1.0,0.99999999995,0.9964042183805067,1.0,1
"Based on the Application Point approach in COCOMO II Stage 1, how do the number of data tables and views determine the complexity weight of a screen, and how is that weight ultimately combined with CASE maturity and developer experience to calculate an initial effort estimate? -Required source types: both -Brief reasoning type label: process reasoning","In COCOMO II Stage 1, the application point count is determined from three calculations: the number of server data tables used with a screen or report, the number of client data tables used with a screen or report, and the percentage of screens, reports, and modules reused from previous applications. The initial size-based estimate is adjusted by the vector of cost driver information, m ( ). The model includes cost factors to adjust the initial effort estimate. Note: The provided documents describe how application points are derived and that the size estimate is adjusted by cost drivers, but they do not specify how CASE maturity or developer experience are incorporated as explicit factors in this Stage 1 calculation.","
[0]
[SECTION]: Planning and Managing the Project > 3.3 Effort Estimation > Algorithmic Methods
[CONTENT]: By  stage  3, the  postarchitecture  stage, development  has  begun, and  far  more information is known. In this stage, sizing can be done in terms of function points or lines of code, and many cost factors can be estimated with some degree of comfort.
COCOMO II also includes models of reuse, takes into account maintenance and breakage (i.e., the change in requirements over time), and more. As with the original COCOMO,the model includes cost factors to adjust the initial effort estimate.A research group at the University of Southern California is assessing and improving its accuracy.
Let us look at COCOMO II in more detail.The basic model is of the form where the initial size-based estimate, is adjusted by the vector of cost driver information, m ( ). Table 3.9 describes the cost drivers at each stage, as well as the use of other models to modify the estimate. bS c , E = bS c m 1 X 2 At stage 1, application points supply the size measure. This size measure is an extension of the object-point approach suggested by Kauffman and Kumar (1993) and productivity data reported by Banker, Kauffman, and Kumar (1992).To compute application points, you first count the number of screens, reports, and third-generation language components that will be involved in the application. It is assumed that these elements are defined in a standard way as part of an integrated computer-aided software engineering environment. Next, you classify each application element as simple, medium,or difficult. Table 3.10 contains guidelines for this classification.


[1]
[SECTION]: Planning and Managing the Project > 3.7 Information Systems Example
[CONTENT]: Let us return to the Piccadilly Television airtime sales system to see how we might estimate the amount of effort required to build the software. Because we are in the preliminary stages of understanding just what the software is to do, we can use COCOMO II's initial effort model to suggest the number of person-months needed. A person-month is the amount of time one person spends working on a software development project for one month.The COCOMO model assumes that the number of person-months does not include holidays and vacations, nor time off at weekends. The number of personmonths is not the same as the time needed to finish building the system. For instance, a system may require 100 person-months, but it can be finished in one month by having ten people work in parallel for one month, or in two months by having five people work in parallel (assuming that the tasks can be accomplished in that manner).
The first COCOMO II model, application composition, is designed to be used in the  earliest  stages  of  development. Here, we  compute  application  points  to  help  us determine the likely size of the project.The application point count is determined from three calculations: the number of server data tables used with a screen or report, the number of client data tables used with a screen or report, and the percentage of screens, reports, and modules reused from previous applications. Let us assume that we are not reusing any code in building the Piccadilly system. Then we must begin our estimation process by predicting how many screens and reports we will be using in this application. Suppose our initial estimate is that we need three screens and one report:
 - a booking screen to record a new advertising sales booking
 - a ratecard screen showing the advertising rates for each day and hour
 - an availability screen showing which time slots are available
 - a sales report showing total sales for the month and year, and comparing them with previous months and years


[2]
[SECTION]: Planning and Managing the Project > 3.3 Effort Estimation > Algorithmic Methods
[CONTENT]: Boehm (1981) developed the original COCOMO model in the 1970s, using an extensive database of information from projects at TRW, an American company that built software for many different clients. Considering software development from both an engineering and an economics viewpoint, Boehm used size as the primary determinant of cost and then adjusted the initial estimate using over a dozen cost drivers, including attributes of the staff, the project, the product, and the development environment. In the  1990s, Boehm updated the original COCOMO model, creating COCOMO II to reflect the ways in which software development had matured.
The COCOMO II estimation process reflects three major stages of any development project. Whereas the original COCOMO model used delivered source lines of code as its key input, the new model acknowledges that lines of code are impossible to know early in the development cycle. At stage 1, projects usually build prototypes to resolve high-risk issues involving user interfaces, software and system interaction, performance, or technological maturity. Here, little is known about the likely size of the final product under consideration, so COCOMO II estimates size in what its creators call application points. As we shall see, this technique captures size in terms of highlevel effort generators, such as the number of screens and reports, and the number of third-generation language components.
At stage 2, the early design stage, a decision has been made to move forward with development, but the designers must explore alternative architectures and concepts of operation. Again, there is not enough information to support fine-grained effort and duration estimation, but far more is known than at stage 1. For stage 2, COCOMO II employs function points as a size measure. Function points, a technique explored in depth  in  IFPUG  (1994a  and  b), estimate  the  functionality  captured  in  the  requirements, so they offer a richer system description than application points.
",1.615,13.236,0.9999999999,1.0,0.99999999995,0.46544984912861004,1.0,1
What system functionality do UML use cases model?,"They model observable, user-initiated functionality that can be initiated by an actor in the environment.","
[0]
[SECTION]: Capturing the Requirements > 4.5 Modeling Notations > Example: Use Cases
[CONTENT]: A UML use-case diagram (OMG 2003) is similar to a top-level data-flow diagram that depicts observable, user-initiated functionality in terms of interactions between the system and its environment.A large box represents the system boundary. Stick figures outside the box portray actors, both humans and systems, and each oval inside the box is a use  case  that  represents  some  major  required  functionality  and  its  variants. A  line between an actor and a use case indicates that the actor participates in the use case. Use cases are not meant to model all the tasks that the system should provide. Rather, they are used to specify user views of essential system behavior. As such, they model only system  functionality  that  can  be  initiated  by  some  actor  in  the  environment. For example, in Figure 4.15, key library uses include borrowing a book, returning a borrowed book, and paying a library fine.
[FIGURE 4.15 Library use cases.] 
[FIGURE_DESCRIPTIONS]
[0] Diagram shows a system with two external actors labeled ""Patron"" on the left and ""Librarian"" on the left bottom, connected to a central data flow or process area enclosed by a large rectangle. Within the inner area are ovals representing use cases: at top cluster: ""pay fines"", ""check fines"", ""find item"", ""extend"" (labeled as (extend) near some arrows), ""borrow item"", and ""return item"" with arrows indicating relationships among them. Some use cases are linked with dashed lines indicating optional or extended relationships; e.g., ""reserve item"" and ""recall item"" appear in a middle-left cluster with the librarian actor involved. Text markers like ""include"" and ""extend"" appear beside arrows to denote UML use-case relationships; the librarian interacts with use cases like ""unreserve item"" and possibly a general inventory interface labeled ""Library inventory"" on the right. The diagram emphasizes relationships between patrons and librarians with the library inventory boundary on the right, showing user actions: paying fines, finding, borrowing, returning, reserving, recalling, unreserve. The visual arrangement suggests a use-case diagram with actors on the periphery, ovals for actions, and directed lines indicating associations and include/extend relationships. Readable labels include: pay fines, check fines, find item, borrow item, return item, reserve item, recall item, unreserve item, extend, include, extend, Library inventory.



[1]
[SECTION]: Capturing the Requirements > 4.5 Modeling Notations > Example: Use Cases
[CONTENT]: Each use case encompasses several possible scenarios, some successful and some not, but all related to some usage of the system. External to the use-case diagram, the use cases and their variants are detailed as textual event traces. Each use case identifies pre-conditions and alternative behavior if the pre-conditions are not met, such as looking for a lost book; post-conditions, which summarize the effects of the use case; and a normal, error-free scenario comprising a sequence of steps performed by actors or by the system.A completely detailed use case specifies all possible variations of each step in the normal scenario, including both valid behaviors and errors. It also describes the possible scenarios that stem from the valid variations and from recoverable failures. If there is a sequence of steps common to several use cases, the sequence can be extracted out to form a subcase that can be called by a base use case like a procedure call. In the use-case diagram, we draw a dashed arrow from a base case to each of its subcases and annotate  these  arrows  with  stereotype <<include>> . 4 A  use  case  can  also  be appended with an extension subcase that adds functionality to the end of the use case. In the use-case diagram, we draw a dashed arrow from the extension subcase to the base  use  case  and  annotate  the  arrow  with  stereotype <<extend>> . Examples  of stereotypes are included in Figure 4.15.
(footnote: 4 In UML, a stereotype is a meta-language facility for extending a modeling notation, allowing the user to augment one of the notation's constructs with a new < <keyword> >.)


[2]
[SECTION]: Capturing the Requirements > 4.6 Requirements And Specification Languages > Unified Modeling Language (UML)
[CONTENT]: The Unified Modeling Language (UML) (OMG 2003) is the language best known for combining  multiple  notation  paradigms. Altogether, the  UML  standard  comprises eight graphical modeling notations, plus the OCL constraint language.The UML notations that are used during requirements definition and specification include Most of these notations were discussed in the preceding section, as examples of different notation paradigms. In Chapter 6, we will see more details about how UML works, by applying it to a real-world problem for both specification and design.
 - Use-case diagram (a high-level DFD): A use-case diagram is used at the start of a new project, to record the essential top-level functions that the to-be-developed product should provide. In the course of detailing the use cases' scenarios, we may identify important entities that play a role in the problem being modeled.
 - Class diagram (an ER diagram): As mentioned previously, the class diagram is the flagship model of a UML specification, emphasizing the problem's entities and their interrelationships. The remaining UML specification models provide more detail about how the classes' objects behave and how they interact with one another. As we gain a better understanding of the problem being modeled, we detail the class diagram, with additional attributes, attribute classes, operations, and  signatures. Ideally, new  insight  into  the  problem  is  more  likely  to  cause changes to these details than to affect the model's entities or relationships.
 - Sequence  diagram  (an  event  trace): Sequence  diagrams  are  early  behavioral models that depict traces of messages passed between class instances. They are best used to document important scenarios that involve multiple objects. When creating sequence diagrams, we look for common subsequences that appear in several diagrams; these subsequences may help us to identify states (e.g., the start and end points of the subsequence) in the objects' local behaviors.


[3]
[SECTION]: Designing the Modules > 6.4 Representing Oo Designs In The Uml > UML Class Diagram
[CONTENT]: [FIGURE 6.17 Use case diagram of the Royal Service Station system.] 
 - operating procedures
 - things that are manipulated by the system to be built
",1.612,4.303,0.9999999999,1.0,0.99999999995,0.5655715242572719,1.0,1
"In software architecture, how does the method of passing and storing data between computational units in a Pipe-and-Filter architecture differ from the interactions in a Blackboard repository architecture? -Required source types: both -Brief reasoning type label: structure interpretation","In a Pipe-and-Filter architecture, data are passed between independently functioning filters via pipes, with filters transforming data and pipes simply transmitting it; there is no persistent data storage in transit because 'a pipe-and-filter architecture' has 'the sequence of processing is controlled by the sequence of the filter modules' and 'the data item is no longer stored in any location, but rather flows from one filter to another, being transformed along the way.' In contrast, a repository (Blackboard-like) design keeps data in centralized modules: 'the data are localized in their own modules, and not replicated or passed among the computational modules,' and are coordinated by a master program that calls them in a defined sequence, with the four functions (input, circular shift, alphabetize, and output) broken out into separate repository modules.","
[0]
[SECTION]: Designing the Architecture > 5.4 Architectural Styles And Strategies > Pipe-and-Filter
[CONTENT]: In a pipe-and-filter style, illustrated in Figure 5.6, system functionality is achieved by passing input data through a sequence of data-transforming components, called filters , to produce output data. Pipes are connectors that simply transmit data from one filter to  the  next  without  modifying  the  data. Each  filter  is  an  independent  function  that makes no assumptions about other filters that may be applied to the data.Thus, we can build our system by connecting together different filters to form a variety of configurations. If the format of the data is fixed-that is, if all of the filters and pipes assume a common  representation  of  the  data  being  transmitted-then  we  can  join  filters together in any configuration. Such systems have several important properties (Shaw and Garlan 1996):
 - We can understand the system's transformation of input data to output data as the functional composition of the filters' data transformations.
[FIGURE 5.6 Pipes and filters.] 
[FIGURE_DESCRIPTIONS]
[0] Block diagram illustrating a multi-path processing chain with sequential and parallel branches. Left-to-right flow shows an initial input entering a parallel set of two paths, each with series blocks, then re-joining into a subsequent shared path. A third parallel path exists at a lower level, mirroring the upper branches, with arrows indicating data routing between stages. On the top-right, a small legend titled KEY identifies two shapes: a ""Pipe"" represented by a long rectangle and a ""Filter"" represented by a smaller rectangle. The diagram emphasizes modular, pipelined processing units, potential fan-out, and three distinct output lines from the final stage. The visual focus is on data-path topology, with no numerical metrics provided. Readable text includes the labels ""Pipe"" and ""Filter"" in the legend, and connecting arrows denote signal flow between blocks.



[1]
[SECTION]: Designing the Architecture > 5.7 Architecture Evaluation And Refinement > Trade-off Analysis
[CONTENT]: Shaw and Garlan (1996) present four different architectural designs to implement KWIC: repository, data abstraction, implicit invocation (a type of publish-subscribe), and pipe-and-filter. The  repository-based  solution, shown  in  Figure  5.13, breaks  the problem into its four primary functions: input, circular shift, alphabetize, and output. Thus, the system's functionality is decomposed and modularized. These four modules are coordinated by a master program that calls them in sequence. Because the data are localized in their own modules, and not replicated or passed among the computational modules, the design is efficient. However, as Parnas points out, this design is difficult to change. Because the computational modules access and manipulate the data directly, via read and write operations, any change to the data and data format will affect all modules.Also, none of the elements in the design are particularly reusable.
Figure 5.14 illustrates a second design that has a similar decomposition of functionality into sequentially called modules. However, in this design, the data computed by each computational module is stored in that module. For example, the circular-shift module maintains the index to keywords in the text, and the alphabetic-shift module maintains a sorted (alphabetized) version of this index. Each module's data are accessible via access methods, rather than directly.Thus, the modules form data abstractions . In a data abstraction, the methods' interfaces give no hint of the module's data or data representations, making  it  easier  to  modify  data-related  design  decisions  without affecting other modules. And because data-abstraction modules encompass both the data to be maintained and the operations for maintaining the data, these modules are easier to reuse in other applications than modules from our first design. On the downside, changes to the system's functionality may not be so easy, because the functionality is so tightly coupled with the data. For example, omitting indices whose circular shifts start with noise words means either (1) enhancing an existing module, making it more complex, more context specific, and less reusable; or (2) inserting a new module to remove useless indices after they have been created, which is inefficient, and modifying existing modules to call the new module (Garlan, Kaiser, and Notkin 1992).


[2]
[SECTION]: Designing the Architecture > 5.7 Architecture Evaluation And Refinement > Trade-off Analysis
[CONTENT]: This complication leads us to a fourth design, based on a pipe-and-filter architecture (Figure 5.16), where the sequence of processing is controlled by the sequence of the filter modules.This design is easily extended to include new features, in that we can simply insert additional filters into the sequence. Also, each filter is an independent entity that can be changed without affecting other filters. The design supports the reuse of filters in other pipe-and-filter applications, as long as a filter's input data is in the form that it expects (Shaw and Garlan 1996).The filters may execute in parallel, processing inputs as they are received (although the Alphabetizer cannot output its results until it has received and sorted all of the input lines); this concurrent processing can enhance performance. Unlike the other designs, a data item is no longer stored in any location, but rather flows from one filter to another, being transformed along the way. As such, the design is not conducive to changes that would require the storage of persistent data,
[FIGURE_DESCRIPTIONS]
[0] Flow diagram illustrating a signal processing or data transformation pipeline. The top row shows a rectangular box labeled Input medium connected to a rectangular box labeled Input, followed by a rectangular box labeled Circular shift; arrows indicate directional flow. A labeled legend in the upper left corner defines two line styles: a solid line for 'Pipe' and a dashed line for 'System I/O'. A lower branch begins with a rectangular box labeled Alphabettizer connected by a line to a rectangular box labeled Output, which in turn connects to a rectangular box labeled Output medium. The overall layout resembles a modular chain with horizontal progression and a vertical branching connection from the top path down to the bottom path. The image emphasizes components, interfaces, and data flow between stages in a processing system.

",1.519,7.394,0.9999999999,1.0,0.99999999995,0.5799334472114782,0.9,1
"In an object model, what does an aggregate association indicate?","An aggregate association is drawn as an association with a white diamond on one end, where the class at the diamond end is the aggregate and it includes or owns instances of the class(es) at the other end(s) of the association.","
[0]
[SECTION]: Capturing the Requirements > 4.5 Modeling Notations > Example: UML Class Diagrams
[CONTENT]: A line between two classes, called an association , indicates a relationship between the classes' entities. An association may represent interactions or events that involve objects in the associated classes, such as when a Patron borrows a Publication . Alternatively, an association might relate classes in which one class is a property or element of the other class, such as the relationship between a Patron and his Credit Card . Sometimes these latter types of associations are aggregate associations , or ' has-a' relationships, as in our example. An aggregate association is drawn as an association with a white diamond on one end, where the class at the diamond end is the aggregate and it includes or owns instances of the class(es) at the other end(s) of the association.
Composition association is a special type of aggregation, in which instances of the compound class are physically constructed from instances of the component classes (e.g., a bike consists of wheels, gears, pedals, a handlebar); it is represented as an aggregation with a black diamond. In our library model, each Periodical , such as a newspaper or magazine, is composed of Articles .


[1]
[SECTION]: Capturing the Requirements > 4.5 Modeling Notations > Example: UML Class Diagrams
[CONTENT]: An association with a triangle on one end represents a generalization association, also called a sub-type relation or an 'is-a' relation, where the class at the triangle end of the association is the parent class of the classes at the other ends of the association, called subclasses . A subclass inherits all of the parent class's attributes, operations, and associations. Thus, we  do  not  need  to  specify  explicitly  that Patrons may borrow Books , because  this  association  is  inherited  from  the  association  between Patron and Publication . A subclass extends its inherited behavior with additional attributes, operations, and associations. In fact, a good clue as to whether we want to model an entity as a new subclass, as opposed to as an instance of an existing class, is whether we really need new attributes, operations, or associations to model the class variant. In many cases, we can model variants as class instances that have different attribute values. In  our  library  problem, we  represent  whether  an  item  is  on  reserve  or  on loan using Publication attributes 2 rather than by creating Reserved and OnLoan subclasses.
Associations can have labels, usually verbs, that describe the relationship between associated entities.An end of an association can also be labeled, to describe the role that entity plays in the association. Such role names are useful for specifying the context of an entity with respect to a particular association. In the library example, we might keep track of which patrons are married, so that we can warn someone whose spouse has overdue books.Association ends can also be annotated with multiplicities , which specify constraints on the number of entities and the number of links between associated entities. Multiplicities can be expressed as specific numbers, ranges of numbers, or unlimited numbers (designated '*'). A multiplicity on one end of an association indicates how many instances of that class can be linked to one instance of the associated class.Thus at any point in time, a Patron may borrow zero or more Publications , but an individual Publication can be borrowed by at most one Patron .


[2]
[SECTION]: Capturing the Requirements > 4.5 Modeling Notations > Example: Object Constraint Language (OCL)
[CONTENT]: The Object Constraint Language (OCL) is an attempt to create a constraint language that is both mathematically precise and easy for nonmathematicians, like customers, to read, write, and  understand. The  language  is  specially  designed  for  expressing  constraints on object models (i.e., ER diagrams), and introduces language constructs for navigating from one object to another via association paths, for dealing with collections of objects, and for expressing queries on object type.
A partial Library class model from Figure 4.5 appears in Figure 4.18, in which three classes have been detailed and annotated with OCL constraints. The leftmost constraint is an invariant on the Patron class, and specifies that no patron's fines may have  a  negative  value  (i.e., the  library  always  makes  change  if  a  patron's  payment exceeds his or her fines). The topmost constraint is an invariant on the Publication class, and specifies that call numbers are unique.This constraint introduces Thus, the constraint literally says that for any two publications, p1 and p2 , returned by allinstances, if p1 and p2 are not the same publication, then they have different call numbers.The third constraint, attached to the method borrow() , expresses the operation's pre- and post-conditions. One of the pre-conditions concerns an attribute in the Patron class, which is accessible via the borrow association; the patron object can be referenced either by its role name, borrower , or by the class name written in lowercase letters, if the association's far end has no role name. If the association's multiplicity were greater than 0..1, then  navigating  the  association  would  return  a  collection  of objects, and we would use notation, rather than dot notation, to access the objects' attributes. :


[3]
[SECTION]: Capturing the Requirements > 4.5 Modeling Notations > Example: UML Class Diagrams
[CONTENT]: (footnote: 2 In later examples,we model an item's loan state and reserve state as states in a state-machine model (Figure 4.9), and this information is included in the library's detailed class model (Figure 4.18).)
The Loan class in the library model is an association class , which relates attributes and operations to an association. Association classes are used to collect information that cannot be attributed solely to one class or another. For example, the Loan attributes are not properties of the borrower or of the item borrowed, but rather of the loan transaction or contract. An association class has exactly one instantiation per link in the association, so our modeling Loan as an association class is correct only if we want to model snapshots of the library inventory (i.e., model only current loans). If we wanted instead to maintain a history of all loan transactions, then (because a patron might borrow an item multiple times), we would model Loan as a full-fledged class.
",2.081,3.463,0.9999999999,1.0,0.99999999995,0.40551105759245576,1.0,1
"According to the V-model of software development, how do the specific objectives of validation and verification map to the different testing phases on the right side of the ""V"" relative to the analysis and design phases on the left? -Required source types: both -Brief reasoning type label: synthesis","In the V-model, verification on the left (analysis and design) maps to testing on the right as follows: unit and integration testing addresses the correctness of programs and verifies that the program design has been implemented correctly in the code, while system testing verifies the system design, ensuring that all system design aspects are correctly implemented. Acceptance testing, conducted by the customer, validates the requirements by associating a testing step with each element of the specification.","
[0]
[SECTION]: Modeling the Process and Life Cycle > 2.2 Software Process Models > V Model
[CONTENT]: The V model is a variation of the waterfall model that demonstrates how the testing activities are related to analysis and design (German Ministry of Defense 1992). As shown in Figure 2.4, coding forms the point of the V, with analysis and design on the left, testing and maintenance on the right. Unit and integration testing addresses the correctness of programs, as we shall see in later chapters. The V model suggests that unit and integration testing can also be used to verify the program design. That is, during unit and integration testing, the coders and test team members should ensure that all aspects of the program design have been implemented correctly in the code. Similarly, system testing should verify the system design, making sure that all system design aspects are correctly implemented. Acceptance testing, which is conducted by the customer rather than the developer, validates the requirements by associating a testing step with each element of the specification; this type of testing checks to see that all requirements have been fully implemented before the system is accepted and paid for.
The model's linkage of the left side with the right side of the V implies that if problems are found during verification and validation, then the left side of the V can be reexecuted to fix and improve the requirements, design, and code before the testing steps on the right side are reenacted. In other words, the V model makes more explicit some of the iteration and rework that are hidden in the waterfall depiction. Whereas the focus of the waterfall is often documents and artifacts, the focus of the V model is activity and correctness.


[1]
[SECTION]: Modeling the Process and Life Cycle > 2.2 Software Process Models > SIDEBAR 2.1 DRAWBACKS OF THE WATERFALL MODEL
[CONTENT]: The software development process can help to control the thrashing by including activities  and  subprocesses  that  enhance  understanding. Prototyping  is  such  a  subprocess; a prototype is a partially developed product that enables customers and developers to examine some aspect of the proposed system and decide if it is suitable or appropriate for the finished product. For example, developers may build a system to implement a small portion of some key requirements to ensure that the requirements are consistent, feasible, and practical; if not, revisions are made at the requirements stage rather than at the more costly testing stage. Similarly, parts of the design may be prototyped, as shown in Figure 2.3. Design prototyping helps developers assess alternative design strategies and decide which is best for a particular project.As we will see in Chapter 5, the designers may address the requirements with several radically different designs to see which has the best properties. For instance, a network may be built as a ring in one prototype and a star in another, and performance characteristics evaluated to see which structure is better at meeting performance goals or constraints.
Often, the user interface is built and tested as a prototype, so that the users can understand what the new system will be like, and the designers get a better sense of how the  users  like  to  interact  with  the  system. Thus, major  kinks  in  the  requirements  are addressed and fixed well before the requirements are officially validated during system testing; validation ensures  that  the  system  has  implemented  all  of  the  requirements, so that  each  system  function  can  be  traced  back  to  a  particular  requirement  in  the specification. System testing also verifies the requirements; verification ensures that each function works correctly.That is, validation makes sure that the developer is building the right product (according to the specification), and verification checks the quality of the implementation. Prototyping is useful for verification and validation, but these activities can occur during other parts of the development process, as we will see in later chapters.


[2]
[SECTION]: Capturing the Requirements > 4.9 Validation And Verification > Requirements Validation
[CONTENT]:  - The customer's representatives review the information flow and the proposed functions, to confirm that they accurately reflect the customer's needs and intentions. Our representatives review the proposed functions and constraints, to confirm that they are realistic and within our development abilities.All requirements are checked again for omissions, incompleteness, and inconsistency.
 - If any risk is involved in the development or in the actual functioning of the system, we can assess and document this risk, discuss and compare alternatives, and come to some agreement on the approaches to be used.
 - We can talk about testing the system: how the requirements will be revalidated as the requirements grow and change; who will provide test data to the test team; which requirements will be tested in which phases, if the system is to be developed in phases.
Whenever a problem is identified, the problem is documented, its cause is determined, and the requirements analysts are charged with the task of fixing the problem. For example, validation may reveal that there is a great misunderstanding about the way in which a certain function will produce results.The customers may require data to be reported in miles, whereas the users want the data in kilometers.The customers may set a reliability or availability goal that developers deem impossible to meet.These conflicts need to be resolved before design can begin. To resolve a conflict, the developers may need to construct simulations or prototypes to explore feasibility constraints and then work with the customer to agree on an acceptable requirement. Sidebar 4.8 discusses the nature and number of requirements-related problems you are likely to find.


[3]
[SECTION]: Modeling the Process and Life Cycle > 2.2 Software Process Models > V Model
[CONTENT]: [FIGURE 2.4 The V model.] 
[FIGURE_DESCRIPTIONS]
[0] Diagram depicting V-model software development process with labeled stages and directional flow. Top-left block labeled REQUIREMENTS ANALYSIS connected by solid arrows to SYSTEM DESIGN; from there an arrow leads to PROGRAM DESIGN and ultimately to CODING at the bottom center. Right side shows ACCEPTANCE TESTING at top-right, connected down to SYSTEM TESTING, then to UNIT & INTEGRATION TESTING, forming a parallel path to CODING. Dashed arrows indicate validation and verification: Validate requirements from REQUIREMENTS ANALYSIS to OPERATION & MAINTENANCE and from SYSTEM TESTING back to SYSTEM DESIGN; Verify design from SYSTEM DESIGN/PROGRAM DESIGN to CODING; dashed arrows also link UNIT & INTEGRATION TESTING back to PROGRAM DESIGN. The figure title reads FIGURE 2.4 The V-model. There are multiple rectangular blocks with bold uppercase labels and solid connectors, creating a V-shaped workflow emphasizing correspondence between development phases and testing phases.

",2.471,4.981,0.9999999999,1.0,0.99999999995,0.6612161735312582,1.0,1
"Why might a Chief Programmer team be a poor organizational choice if the majority of the team members are categorized as ""Rational Introverts"" in Jung's work styles framework, and what alternative team structure is recommended for highly uncertain projects? -Required source types: both -Brief reasoning type label: causal reasoning","If most team members are Rational Introverts, the chief programmer team may not be the best structure for the project; an alternative is a loose, egoless approach where everyone is equally responsible and criticism targets the product, not the people.","
[0]
[SECTION]: Planning and Managing the Project > 3.2 Project Personnel > Project Organization
[CONTENT]: [FIGURE 3.11 Chief programmer team organization.] 
Clearly, the chief programmer must be good at making decisions quickly, so the chief is likely to be an extrovert. However, if most of the team members are introverts, the chief programmer team may not be the best structure for the project. An alternative is based on the idea of 'egoless' programming, as described by Weinberg (1971). Instead of a single point of responsibility, an egoless approach holds everyone equally responsible. Moreover, the process is separated from the individuals; criticism is made of  the  product  or  the  result, not  the  people  involved. The  egoless  team  structure  is democratic, and all team members vote on a decision, whether it concerns design considerations or testing techniques.
Of course, there are many other ways to organize a development or maintenance project, and the two described above represent extremes.Which structure is preferable? The more people on the project, the more need there is for a formal structure. Certainly, a development team with only three or four members does not always need an elaborate organizational structure. However, a team of several dozen workers must have a welldefined organization.In fact, your company or your customer may impose a structure on the development team, based on past success, on the need to track progress in a certain way, or on the desire to minimize points of contact. For example, your customer may insist that the test team be totally independent of program design and development.


[1]
[SECTION]: Planning and Managing the Project > 3.2 Project Personnel > Project Organization
[CONTENT]: The organization of the chief programmer team is illustrated in Figure 3.11. By placing all responsibility for all decisions with the chief programmer, the team structure minimizes the amount of communication needed during the project.Each team member must communicate often with the chief, but not necessarily with other team members. Thus, if the team consists of programmers plus the chief, the team can establish only paths of communication (one path for each team member's interaction with the chief) out of a potential paths. For example, rather than working out a problem themselves, the programmers can simply approach the chief for an answer. Similarly, the chief reviews all design and code, removing the need for peer reviews. n 1 n -1 2> 2 n -1 n -1 Although a chief programmer team is a hierarchy, groups of workers may be formed to accomplish a specialized task. For instance, one or more team members may form an administrative group to provide a status report on the project's current cost and schedule.
[FIGURE_DESCRIPTIONS]
[0] Organizational chart depicting software development hierarchy with labeled roles. Topmost box reads Chief programmer, connected downward to Assistant chief programmer. A horizontal row of four boxes labeled Senior programmers, Librarians, Administration, and Test team extends from the assistant position, indicating parallel departments. A branch from Senior programmers extends downward to Junior programmers, showing a sublayer. The diagram conveys reporting structure and departmental segmentation within a software engineering team, focusing on role responsibilities and lines of authority. Text is in a plain sans-serif font within rectangular boxes, with vertical and horizontal connectors illustrating chain-of-command relationships in a classic hierarchical model.



[2]
[SECTION]: Planning and Managing the Project > 3.2 Project Personnel > Project Organization
[CONTENT]: Software development and maintenance project teams do not consist of people working independently or without coordination. Instead, team members are organized in ways that  enhance the swift completion of quality products. The choice of an appropriate structure for your project depends on several things:
 - the backgrounds and work styles of the team members
 - the number of people on the team
 - the management styles of the customers and developers Good project managers are aware of these issues, and they seek team members who are flexible enough to interact with all players, regardless of work style.
One popular organizational structure is the chief programmer team, first used at IBM (Baker 1972).On a chief programmer team , one person is totally responsible for a system's design and development. All other team members report to the chief programmer, who has the final say on every decision.The chief programmer supervises all others, designs all programs, and assigns the code development to the other team members. Assisting the chief is an understudy, whose principal job is substituting for the chief programmer when necessary. A librarian assists the team, responsible for maintaining all project documentation. The librarian also compiles and links the code, and performs preliminary testing of all modules submitted to the library. This division of labor allows the programmers to focus on what they do best: programming.


[3]
[SECTION]: Planning and Managing the Project > 3.10 What This Chapter Means For Your Development Team
[CONTENT]: At  the  same  time, you  have  learned  how  to  organize  a  development  team  so  that team interaction helps produce a better product. There are several choices for team structure, from  a  hierarchical  chief  programmer  team  to  a  loose, egoless  approach. Each has its benefits, and each depends to some degree on the uncertainty and size of the project.
We have also seen how the team can work to anticipate and reduce risk from the project's beginning. Redundant functionality, team reviews, and other techniques can help us catch errors early, before they become embedded in the code as faults waiting to cause failures.
Similarly, cost estimation should be done early and often, including input from team members about progress in specifying, designing, coding, and testing the system. Cost estimation and risk management can work hand in hand; as cost estimates raise concerns about finishing on time and within budget, risk management techniques can be used to mitigate or even eliminate risks.


[4]
[SECTION]: Planning and Managing the Project > 3.2 Project Personnel > Project Organization
[CONTENT]: Table 3.5 summarizes the characteristics of projects and the suggested organizational structure to address them.A large project with high certainty and repetition probably needs a highly structured organization, whereas a small project with new techniques and a high degree of certainty needs a looser structure. Sidebar 3.2 describes the need to balance structure with creativity.
",1.46,9.402,0.9999999999,1.0,0.99999999995,0.5013952147890917,0.4,1
How is a message depicted in a Message Sequence Chart?,"A message is depicted as an arrow from the sending entity to the receiving entity; the arrow's label specifies the message name and data parameters, if any.","
[0]
[SECTION]: Capturing the Requirements > 4.5 Modeling Notations > Example: Message Sequence Chart
[CONTENT]: Message Sequence Charts (ITU 1996) are an enhanced event-trace notation, with facilities for creating and destroying entities, specifying actions and timers, and composing traces. Figure 4.7 displays an example Message Sequence Chart (MSC) for a loan transaction in our library problem. Each vertical line represents a participating entity , and a message is  depicted as an arrow from the sending entity to the receiving entity; the arrow's label specifies the message name and data parameters, if any.A message arrow may slope downwards (e.g., message recall notice ) to reflect the passage of time between when the message is sent and when it is received. Entities may come and go during the course of a trace; a dashed arrow, optionally annotated with data parameters, represents a create event that spawns a new entity, and a cross at the bottom of an entity line represents the end of that entity's execution. In contrast, a solid rectangle at the end of the line represents the end of an entity's specification without meaning the end of its execution. Actions , such as invoked operations or changes to variable values, are specified as labeled rectangles positioned on an entity's execution line, located at the point in the trace where the action occurs.Thus, in our MSC model of a library loan, loan requests are sent to the Publication to be borrowed, and the Publication entity is responsible for creating a Loan entity that manages loan-specific data, such as the due date . Reserving an item that is out on loan results in a recall of that item. Returning  the  borrowed  item  terminates  the  loan, but  not  before  calculating  the overdue fine , if any, for returning the item after the loan's due date .


[1]
[SECTION]: Designing the Modules > 6.4 Representing Oo Designs In The Uml > Other UML Diagrams
[CONTENT]: There are two kinds of interaction diagrams: sequence and communication. A sequence diagram shows the sequence in which activities or behaviors occur.An object is depicted as a box at the top of a vertical line, known as the object's lifeline . A narrow box on the lifeline indicates a period of time when the object is actively computing, usually in response to a received message. An arrow between two lifelines represents a message between the two objects, and it is labeled with the message's name and sometimes with the condition that must be met for the message to be sent.An asterisk on the arrow  indicates  that  the  message  is  sent  many  times, to  several  different  receiving objects. When the message arrow loops back to its starting box on the same object, the object is sending a message to itself. Figure 6.23 is an example of a sequence diagram for the Royal Service Station, showing the use case for the Refuel class.
A communication diagram also depicts a sequence of messages between objects, but it is superimposed on an object model and uses the links between objects as implicit communication channels.As with sequence diagrams, the objects are icons, and arrows are used to depict the messages. However, unlike sequence diagrams, the sequence of messages is indicated by a numbering scheme. For example, the communication diagram  in  Figure  6.24 shows  the Parking use  case. First, the parking() message, labeled '1,' is sent from the Customer class to the Service station class.Then, the check_availability() message is sent from Service station to Parking ; it is labeled with a '2.'There are five messages sent within this single use case.


[2]
[SECTION]: Capturing the Requirements > 4.12 Information Systems Example
[CONTENT]: [FIGURE 4.29 Use case for the Piccadilly Television advertising system (adapted from Robertson and Robertson 1994).] 
[FIGURE 4.30 Message Sequence Chart for a successful request for an advertising campaign (adapted from Robertson and Robertson 1994).] 
As a next step, we can draw event traces, such as the one shown in Figure 4.30, that depict typical scenarios within a use case. For example, the request for a campaign involves Figure 4.30 uses UML-style Message Sequence Charts, in which entities whose names are underlined represent object instances, whereas entities whose names are not underlined represent abstract classes.Thus, the search for available commercial spots is done by first asking the class for the set C * of relevant Commercial Breaks , and then asking each of these Commercial Break instances whether it has available time that is suitable for the campaign. Boxes surround sequences of messages that are repeated for multiple instances: for example, reserving time in multiple Commercial Break instances, or creating multiple Commercial Spots . The resulting campaign of commercial spots and the campaign's price are returned to the requesting Advertising Agency . Similar  traces  can  be  drawn  for  other  possible  responses  to  a  campaign request and for other use cases. In drawing these traces, we start to identify key entities and relationships, which we can record in a UML class diagram, as in Figure 4.31.
[FIGURE_DESCRIPTIONS]
[0] Diagrammatic flowchart illustrating an advertising campaign process with labeled blocks and arrows. Contains terms such as Advertisement Agency, Campaign, Commercial Break, R: Rate Segment, forall C in C*, forall R in C*, search (start date, end date), time (break start, duration), find time, find rate, target rating, price, bandwidth of data flow, and total price. Visual elements include horizontal timeline at the bottom with black rectangular markers representing stages; vertical arrows connect from the top labels to the workflow steps. There are boxed sections: Commercial Breaks, R: Rate Segment, Campaign, and suggested campaign blocks (commercial spots, total price). Some text appears within the boxes: “Commercial Break,” “Rate Segment,” “Commercial Spot,” “target rating,” “time (break start, duration),” and “search (start date, end date).” The diagram emphasizes relationships between entities (advertising agency, campaign, commercial breaks, rate segments) and the sequencing of actions (search, find time, calculate price) across a broadcast schedule. The overall style resembles a systems flowchart used in media planning, with labeled data flows and process steps.



[3]
[SECTION]: Capturing the Requirements > 4.5 Modeling Notations > Example: Object Constraint Language (OCL)
[CONTENT]: Although not originally designed as part of UML, OCL is now tightly coupled with UML and is part of the UML standard.OCL can augment many of UML's models. For example, it can be used to express invariants, preconditions, and post-conditions in class diagrams, or invariants and transition conditions in statechart diagrams. It can also express conditions on events in Message Sequence Charts (Warmer and Kleppe 1999). OCL annotations of UML require a relatively  detailed  class  model, complete  with attribute types, operation signatures, role names, multiplicities, and state enumerations of the class's statechart diagram. OCL expressions can appear in UML diagrams as UML notes,or they can be listed in a supporting document.
",2.392,2.756,0.9999999999,1.0,0.99999999995,0.9552817701525917,1.0,1
"How does the Object Constraint Language (OCL) supplement a standard UML class diagram to enforce that no two publications can share the same call number, and what specific OCL navigational constructs are used to express this invariant? -Required source types: both -Brief reasoning type label: structure interpretation","OCL adds invariants to UML class diagrams; for Publication, it can express that call numbers are unique by stating that for any two publications p1 and p2 returned by allinstances, if p1 and p2 are not the same publication, then they have different call numbers.","
[0]
[SECTION]: Capturing the Requirements > 4.5 Modeling Notations > Example: Object Constraint Language (OCL)
[CONTENT]: The Object Constraint Language (OCL) is an attempt to create a constraint language that is both mathematically precise and easy for nonmathematicians, like customers, to read, write, and  understand. The  language  is  specially  designed  for  expressing  constraints on object models (i.e., ER diagrams), and introduces language constructs for navigating from one object to another via association paths, for dealing with collections of objects, and for expressing queries on object type.
A partial Library class model from Figure 4.5 appears in Figure 4.18, in which three classes have been detailed and annotated with OCL constraints. The leftmost constraint is an invariant on the Patron class, and specifies that no patron's fines may have  a  negative  value  (i.e., the  library  always  makes  change  if  a  patron's  payment exceeds his or her fines). The topmost constraint is an invariant on the Publication class, and specifies that call numbers are unique.This constraint introduces Thus, the constraint literally says that for any two publications, p1 and p2 , returned by allinstances, if p1 and p2 are not the same publication, then they have different call numbers.The third constraint, attached to the method borrow() , expresses the operation's pre- and post-conditions. One of the pre-conditions concerns an attribute in the Patron class, which is accessible via the borrow association; the patron object can be referenced either by its role name, borrower , or by the class name written in lowercase letters, if the association's far end has no role name. If the association's multiplicity were greater than 0..1, then  navigating  the  association  would  return  a  collection  of objects, and we would use notation, rather than dot notation, to access the objects' attributes. :


[1]
[SECTION]: Capturing the Requirements > 4.5 Modeling Notations > Example: Object Constraint Language (OCL)
[CONTENT]: Although not originally designed as part of UML, OCL is now tightly coupled with UML and is part of the UML standard.OCL can augment many of UML's models. For example, it can be used to express invariants, preconditions, and post-conditions in class diagrams, or invariants and transition conditions in statechart diagrams. It can also express conditions on events in Message Sequence Charts (Warmer and Kleppe 1999). OCL annotations of UML require a relatively  detailed  class  model, complete  with attribute types, operation signatures, role names, multiplicities, and state enumerations of the class's statechart diagram. OCL expressions can appear in UML diagrams as UML notes,or they can be listed in a supporting document.


[2]
[SECTION]: Capturing the Requirements > 4.6 Requirements And Specification Languages > Unified Modeling Language (UML)
[CONTENT]: The Unified Modeling Language (UML) (OMG 2003) is the language best known for combining  multiple  notation  paradigms. Altogether, the  UML  standard  comprises eight graphical modeling notations, plus the OCL constraint language.The UML notations that are used during requirements definition and specification include Most of these notations were discussed in the preceding section, as examples of different notation paradigms. In Chapter 6, we will see more details about how UML works, by applying it to a real-world problem for both specification and design.
 - Use-case diagram (a high-level DFD): A use-case diagram is used at the start of a new project, to record the essential top-level functions that the to-be-developed product should provide. In the course of detailing the use cases' scenarios, we may identify important entities that play a role in the problem being modeled.
 - Class diagram (an ER diagram): As mentioned previously, the class diagram is the flagship model of a UML specification, emphasizing the problem's entities and their interrelationships. The remaining UML specification models provide more detail about how the classes' objects behave and how they interact with one another. As we gain a better understanding of the problem being modeled, we detail the class diagram, with additional attributes, attribute classes, operations, and  signatures. Ideally, new  insight  into  the  problem  is  more  likely  to  cause changes to these details than to affect the model's entities or relationships.
 - Sequence  diagram  (an  event  trace): Sequence  diagrams  are  early  behavioral models that depict traces of messages passed between class instances. They are best used to document important scenarios that involve multiple objects. When creating sequence diagrams, we look for common subsequences that appear in several diagrams; these subsequences may help us to identify states (e.g., the start and end points of the subsequence) in the objects' local behaviors.


[3]
[SECTION]: Designing the Modules > 6.4 Representing Oo Designs In The Uml
[CONTENT]: The UML is a suite of design notations that is popular for describing OO solutions. It can be tailored to fit different development situations and software life cycles. In fact, organizations such as the Object Management Group have adopted the UML as the OO notational standard. In this section, we review the UML constructs introduced in Chapter 4 and apply them to an example problem. For a more complete introduction to the UML,see Larman (1998).
The UML can be used to visualize, specify, or document a software design. It is especially useful for describing different design alternatives, and eventually for documenting design artifacts. UML diagrams include the dynamic view of the system, the static view, restrictions, and formalization.The dynamic view is depicted with use cases, lists  of  activities, interaction  diagrams  showing  sequences  and  communication, and state machines to illustrate states and their changes. The static view is depicted with class  diagrams, showing  relationships  (association, generalization, dependency, and realization) and extensibility (constraints, tagged values, and stereotypes). In addition, the  static  view  shows  packages  and  deployment. Restrictions  and  formalization  are expressed with the Object Constraint Language (OCL).
",1.685,13.357,0.9999999999,1.0,0.99999999995,0.9578490234987255,1.0,1
What happens when a transition fires in a Petri net?,"When a transition fires, it removes tokens from each of its input places and inserts tokens into each of its output places. The net's marking, which is the distribution of tokens among places, changes as transitions fire. One enabled transition is nondeterministically selected to fire; the firing of this transition produces a new marking, which may enable a different set of transitions.","
[0]
[SECTION]: Capturing the Requirements > 4.5 Modeling Notations > Example: Petri Nets
[CONTENT]: UML statechart diagrams nicely modularize a problem's dynamic behavior into the behaviors of individual class objects, with the effect that it may be easier to consider each class's behavior separately than it is to specify the whole problem in one diagram. This modularization makes it harder, though, to see how objects interact with each other. Looking at an individual statechart diagram, we can see when an object sends a message to another object. However, we have to examine the two objects' diagrams simultaneously to see that a message sent by one object can be received by the other. In fact, to be completely sure, we would have to search the possible executions (event traces) of the two machines, to confirm that whenever one object sends a message to the other, the target object is ready to receive and react to the message.
Petri nets (Peterson 1977) are a form of state-transition notation that is used to model concurrent activities and their interactions. Figure 4.12 shows a basic Petri net specifying the behavior of a book loan. The circles in the net are places that represent activities or conditions, and the bars represent transitions . Directed arrows, called arcs , connect a transition with its input places and its output places . The places are populated with tokens , which act as enabling conditions for the transitions.When a transition fires , it removes tokens from each of its input places and inserts tokens into each of its output places. Each arc can be assigned a weight that specifies how many tokens are removed from the arc's input place, or inserted into the arc's output place, when the transition fires. A transition is enabled if each of its input places contains enough tokens to contribute its arc's weight's worth of tokens, should the enabled transition actually fire.Thus, in  Figure  4.12, transitions Return,Withdraw  Return  Request , and Withdraw Loan Request are all enabled; firing transition Return removes a token from each of the places ReturnRequest and OnLoan , and inserts a token into Avail . The net's marking , which is the distribution of tokens among places, changes as transitions fire. In each execution step, the marking determines the set of enabled transitions; one enabled transition is nondeterministically selected to fire; the firing of this transition produces a new marking, which may enable a different set of transitions.We can model concurrent behavior by combining into a single net the activities, transitions, and tokens for several executing entities. Concurrent entities are synchronized whenever their activities, or places, act as input places to the same transition. This synchronization ensures that all of the pre-transition activities occur before the transition fires, but does not constrain the order in which these activities occur.


[1]
[SECTION]: Capturing the Requirements > 4.5 Modeling Notations > Example: Petri Nets
[CONTENT]: Basic Petri nets are fine for modeling how control flows through events or among concurrent entities. But if we want to model control that depends on the value of data (e.g., borrowing a particular book from a collection of books), then we need to use a high-level Petri net notation.A number of extensions to basic Petri nets have been proposed to improve the notation's expressibility, including inhibitor arcs, which enable a transition only if the input place is empty of tokens; priority among transitions; timing constraints; and structured tokens, which have values.
To model our library problem, which tracks information and events for multiple patrons and publications, we need a Petri net notation that supports structured tokens and transition actions (Ghezzi et al. 1991). A transition action constrains which tokens in  the  input  places  can  enable  the  transition  and  specifies  the  values  of  the  output tokens. Figure 4.13 is a high-level Petri net specification for the library problem. Each place stores tokens of a different data type. Avail stores a token for every library item that is not currently out on loan.A token in Fines is an n -tuple (i.e., an ordered set of n elements, sometimes called a tuple for short) that maps a patron to the value of his or her total outstanding library fines.A token in OnLoan is another type of tuple that maps a patron and a library item to a due date . A few of the transition predicates and actions are shown in Figure 4.13, such as the action on Process Payment , where the inputs are a payment and the patron's current fines , and the output is a new Fines tuple. The predicates not shown assert that if the token elements in a transition's input or output tokens have the same name, they must have the same value. So in  transition Borrow , the patron making  the Loan  Request must  match  the patron with no outstanding Fines and match the patron who appears in the generated OnLoan tuple; at the same time, the item being borrowed must match an item in Avail . Otherwise, those tuples do not enable the transition. The net starts with an initial marking of item tuples in Avail and ( patron, 0 ) tuples in Fines . As library users trigger input transitions Pay , Initiate Loan , and Initiate Return , new tokens are introduced to the system, which enable the library transitions, which in turn fire and update the Fines tokens and the Avail and OnLoan tokens, and so on.


[2]
[SECTION]: Capturing the Requirements > 4.5 Modeling Notations > Example: Petri Nets
[CONTENT]: [FIGURE 4.13 Petri net of the library problem.] 
[FIGURE_DESCRIPTIONS]
[0] Flowchart diagram illustrating a financial loan process with labeled nodes and directed edges. Key entities include Pay, Payment, Fines, Overdue Fines, Item, Avail, Return, OnLoan, Withdraw/Return Requests, and Loan Request. The top section shows a payer paying an amount labeled as (patron, payment) and (patron, fines - payment). Transitions indicate Initialize/Withdraw Loan Request at left, leading to OnLoan and Available items, and cycles involving Fines, Overdue Fines, and Return Requests. The diagram includes phrases such as 'patron, fines > 0', 'patron, item, due date', 'item', 'Return Request', and 'Withdraw/Return Request'. There are circular nodes and arrows representing state changes between loan initiation, payment, fines accrual, borrowing, and returning items. Visual emphasis on the flow between 'Loan Request', 'OnLoan', 'Avail', and ‘Return’ processes with decision points implied by labels.

",2.028,4.991,0.9999999999,1.0,0.99999999995,0.5392422614730812,1.0,1
"In Garvin's five perspectives on quality, what does the manufacturing view examine?","The manufacturing view looks at quality during production and after delivery. In particular, it examines whether the product was built right the first time, avoiding costly rework to fix delivered faults.","
[0]
[SECTION]: Why Software Engineering? > 1.3 What Is Good Software? > SIDEBAR 1.2 PERSPECTIVES ON QUALITY
[CONTENT]: G arvin (1984) discusses about how different people perceive quality. He describes quality from five different perspectives:
 - the transcendental view , where quality is something we can recognize but not define
 - the user view , where quality is fitness for purpose
 - the manufacturing view , where quality is conformance to specification
 - the product view , where quality is tied to inherent product characteristics
 - the value-based view , where quality depends on the amount the customer is willing to pay for it The transcendental view is much like Plato's description of the ideal or Aristotle's concept of form. In other words, just as every actual table is an approximation of an ideal table, we can think of software quality as an ideal toward which we strive; however, we may never be able to implement it completely.
The transcendental view is ethereal, in contrast to the more concrete view of the user. We take a user view when we measure product characteristics, such as defect density or reliability, in order to understand the overall product quality.
The manufacturing view looks at quality during production and after delivery. In particular, it examines whether the product was built right the first time, avoiding costly rework to fix delivered faults. Thus, the manufacturing view is a process view, advocating conformance to good process. However, there is little evidence that conformance to process actually results in products with fewer faults and failures; process may indeed lead to high-quality products, but it may possibly institutionalize the production of mediocre products.We examine some of these issues in Chapter 12.
The user and manufacturing views look at the product from the outside, but the product view peers inside and evaluates a product's inherent characteristics.This view is the one often advocated by software metrics experts; they assume that good internal quality indicators will lead to good external ones, such as reliability and maintainability. However, more research is needed to verify these assumptions and to determine which aspects of quality affect the product's actual use.We may have to develop models that link the product view to the user view.


[1]
[SECTION]: Annotated Bibliography
[CONTENT]:  - Garvin, D. (1984).'What does 'product quality' really mean?' Sloan Management Review , (Fall): 25-45.
Discusses  product  quality  from  five  perspectives: transcendental, user, manufacturing, product, and value-based.
 - Gerlich, R., and U. Denskat (1994). 'A cost estimation model for maintenance and high reuse.' In Proceedings of ESCOM 1994 (Ivrea, Italy).
 - German  Ministry  of  Defense  (1992). V-Model: Software  lifecycle  process  model, General Reprint No. 250. Bundesminister des Innern, Koordinierungs- und Beratungstelle der Bundesregierung für Informationstechnik in der Bundesverwaltung.
Description of a process model used by the German defense department.
 - Ghezzi, Carlo, Dino Mandrioli, Sandro Morasca, and Mauro Pezze (1991). 'A unified high-level Petri net formalism for time-critical systems.' IEEE Transactions on Software Engineering , 17(2) (February): 160-172.
 - Gilb,Tom (1988). Principles of Software Engineering Management . Reading, MA:Addison-Wesley.
 - Gilb,Tom, and Dorothy Graham (1993). Software Inspections . Reading, MA:Addison-Wesley. Good guide to what they are and how to get a program started in your organization.
 - Gomaa, Hassan (1995). Software Design Methods for Concurrent and Real-Time Systems . Reading, MA:Addison-Wesley.
 - Good, N.S., and A. Krekelberg  (2003). 'Usability  and  privacy: A  study  of  KaZaA  P2P  filesharing.' In Proceedings of the SIGCHI Conference on Human Factors in Computing Systems . Ft. Lauderdale, FL (April 5-10).
 - Gordon, V. Scott, and James M. Bieman (1995). 'Rapid prototyping: Lessons learned.' IEEE Software , 12(1) (January): 85-95.
 - Grady, Robert B. (1997). Successful Software Process Improvement . Englewood Cliffs, NJ: Prentice Hall.
Lovely book that expands beyond software measurement to explain how Hewlett-Packard is working to improve its software company-wide.
 - Grady, Robert B., and Deborah Caswell (1987). Software Metrics: Establishing a Company-Wide Program . Englewood Cliffs, NJ: Prentice Hall.
An interesting  and  useful  book  that  describes  the  corporate  measurement  program  at Hewlett-Packard.


[2]
[SECTION]: Why Software Engineering? > 1.3 What Is Good Software? > SIDEBAR 1.2 PERSPECTIVES ON QUALITY
[CONTENT]: Customers or marketers often take a user view of quality. Researchers sometimes hold a product view, and the development team has a manufacturing view. If the differences in viewpoints are not made explicit, then confusion and misunderstanding can lead to bad decisions and  poor  products. The  value-based  view  can  link  these  disparate  pictures  of  quality. By equating quality to what the customer is willing to pay, we can look at trade-offs between cost and  quality, and  we  can  manage  conflicts  when  they  arise. Similarly, purchasers  compare product costs with potential benefits, thinking of quality as value for money.
Kitchenham and Pfleeger (1996) investigated the answer to this question in their introduction to a special issue of IEEE Software on quality. They note that the context helps to determine the answer. Faults tolerated in word processing software may not be acceptable in safety-critical or mission-critical systems. Thus, we must consider quality in at least three ways: the quality of the product, the quality of the process that results in the product, and the quality of the product in the context of the business environment in which the product will be used.


[3]
[SECTION]: Modeling the Process and Life Cycle > 2.2 Software Process Models > SIDEBAR 2.3 COLLECTIONS OF PROCESS MODELS
[CONTENT]: W e saw in Sidebar 2.1 that the development process is a problem-solving activity, but few of  the  popular  process  models  include  problem  solving. Curtis, Krasner, and  Iscoe (1988) performed a field study of 17 large projects, to determine which problem-solving factors should be captured in process models to aid our understanding of software development. In particular, they looked at the behavioral and organizational factors that affect project outcomes. Their results suggest a layered behavioral model of software development, including five key perspectives: the business milieu, the company, the project, the team, and the individual. The individual view provides information about cognition and motivation, and project and team views tell us about group dynamics.The company and business milieu provide information  about  organizational  behavior  that  can  affect  both  productivity  and  quality. This model does not replace traditional process models; rather, it is orthogonal, supplementing the traditional  models  with  information  on  how  behavior  affects  the  creation  and  production activities.
",1.501,3.979,0.9999999999,1.0,0.99999999995,0.8321748762676886,1.0,1
What is a descriptive notation?,A descriptive notation is a notation that describes a problem or a proposed solution in terms of its properties or its invariant behaviors.,"
[0]
[SECTION]: Capturing the Requirements > 4.5 Modeling Notations > Logic
[CONTENT]: Instead, global properties and constraints are better expressed using a descriptive notation, such as logic. A descriptive notation is a notation that describes a problem or a proposed solution in terms of its properties or its invariant behaviors. For example, ER diagrams are descriptive, in that they express relationship properties among entities.A logic consists of a language for expressing properties, plus a set of inference rules for deriving new, consequent properties from the stated properties. In mathematics, a logical expression, 5 called a formula , evaluates to either true or false, depending on the values of the variables that appear in the formula. In contrast, when logic is used to express a property of a software problem or system, the property is an assertion about the problem or system that should be true . As such, a property specification represents only those values of the property's variables for which the property's expression evaluates to true .
There are multiple variants of logic that differ in how expressive their property notation is, or in what inference rules they provide.The logic commonly used to express properties  of  software  requirements  is first-order  logic , comprising  typed  variables; constants; functions; predicates, like  relational  operators and equality; logical connectives (and), (or), ¬ (not), (implies), and (logical equivalence); and quantifiers (there exists) and (for all). Consider the following variables of the turnstile problem, with their initial values: 5 E 3 Q ¡ ¿ 7 ; 6 The following are examples of turnstile properties over these variables, expressed in first-order logic:
(footnote: 5 You can think of a logic as a function that maps expressions to a set of possible values. An n -valued logic maps to a set of n values. Binary logic maps expressions to {true, false}, but n can in general be larger than 2. In this book, we assume that n is 2 unless otherwise stated.)


[1]
[SECTION]: Capturing the Requirements > 4.5 Modeling Notations > Logic
[CONTENT]: With the exception of ER diagrams, the notations we have considered so far have been model-based and are said to be operational.An operational notation is a notation used to describe a problem or a proposed software solution in terms of situational behavior: how a software system should respond to different input events, how a computation should flow from one step to another, and what a system should output under various conditions. The result is a model of case-based behavior that is particularly useful for answering questions about what the desired response should be to a particular situation: for example, what the next state or system output should be, given the current state, input event, process completion, and variable values. Such models also help the reader to visualize global behavior, in the form of paths representing allowable execution traces through the model.
Operational notations are less effective at expressing global properties or constraints. Suppose we were modeling a traffic light, and we wanted to assert that the lights controlling traffic in cross directions are never green at the same time, or that the lights in each direction are periodically green. We could build an operational model that exhibits these behaviors implicitly, in that all paths through the model satisfy these properties. However, unless the model is closed -meaning that the model expresses all of the desired behavior, and that any implementation that performs additional functionality is incorrect-it is ambiguous as to whether these properties are requirements to be satisfied or simply are accidental effects of the modeling decisions made.


[2]
[SECTION]: Capturing the Requirements > 4.5 Modeling Notations
[CONTENT]: One trait of an engineering discipline is that it has repeatable processes, such as the techniques presented in Chapter 2, for developing safe and successful products. A second trait is that there exist standard notations for modeling, documenting, and communicating decisions. Modeling can help us to understand the requirements thoroughly, by teasing  out  what  questions  we  should  be  asking. Holes  in  our  models  reveal unknown or ambiguous behavior. Multiple, conflicting outputs to the same input reveal inconsistencies  in  the  requirements. As  the  model  develops, it  becomes  more  and more obvious what we don't know and what the customer doesn't know. We cannot complete a model without understanding the subject of the model. Also, by restating the requirements in a completely different form from the customer's original requests, we force the customer to examine our models carefully in order to validate the model's accuracy.
If we look at the literature, we see that there is a seemingly infinite number of specification and design notations and methods, and that new notations are being introduced and marketed all the time. But if we step back and ignore the details, we see that many notations have a similar look and feel. Despite the number of individual notations, there are probably fewer than ten basic paradigms for expressing information about a problem's concepts, behavior, and properties.
This section focuses on seven basic notational paradigms that can be applied in several ways to steps in the development process. We begin our discussion of each by introducing the paradigm and the types of problems and descriptions for which it is particularly apt.Then we describe one or two concrete examples of notations from that paradigm.Once you are familiar with the paradigms, you can easily learn and use a new notation because you will understand how it relates to existing notations.


[3]
[SECTION]: Capturing the Requirements > 4.5 Modeling Notations > Entity-Relationship Diagrams
[CONTENT]: Early in the requirements phase, it is convenient to build a conceptual model of the problem that identifies what objects or entities are involved, what they look like (by defining their attributes), and how they relate to one another. Such a model designates names for the basic elements of the problem. These elements are then reused in other descriptions of the requirements (possibly written in other notations) that specify how the objects, their attributes, and their relationships would change in the course of the proposed system's execution.Thus, the conceptual model helps to tie together multiple views and descriptions of the requirements.
The entity-relationship diagram (ER diagram) (Chen 1976) is a popular graphical notational paradigm for representing conceptual models.As we will see in Chapter 6, it forms the basis of most object-oriented requirements and design notations, where it is used to model the relationships among objects in a problem description or to model the structure of a software application. This notation paradigm is also popular for describing database schema (i.e., describing the logical structure of data stored in a database).
",1.899,3.224,0.9999999999,1.0,0.99999999995,1.0,1.0,1
"Why does the textbook argue that high-level Petri nets are better suited than state-machine models for representing processes like an emergency room triage, where multiple preliminary events must occur before a transition to treatment begins? -Required source types: text -Brief reasoning type label: comparison","High-level Petri nets are preferred because they handle concurrency and synchronization for events whose order of occurrence is not important, such as multiple preliminary steps that must occur before treatment begins in an emergency room. A Petri net model of the emergency room nicely avoids both prescribing a single order of events and becoming overly complex by accommodating these concurrent, interdependent activities until the transition to thorough examination occurs.","
[0]
[SECTION]: Capturing the Requirements > 4.5 Modeling Notations > Example: Petri Nets
[CONTENT]: [FIGURE 4.12 Petri net of book loan.] 
These features of concurrency and synchronization are especially useful for modeling events whose order of occurrence is not important. Consider the emergency room in a hospital. Before a patient can be treated, several events must occur.The triage staff must attempt to find out the name and address of the patient and to determine the patient's blood type. Someone must see if the patient is breathing, and also examine the patient for injuries. The events occur in no particular order, but all must occur before a team of doctors begins a more thorough examination. Once the treatment begins (i.e., once the transition is made from a preliminary examination to a thorough one), the  doctors  start  new  activities. The  orthopedic  doctors  check  for  broken  bones, while the hematologist runs blood tests and the surgeon puts stitches in a bleeding wound.The doctors' activities are independent of one another, but none can occur until the transition from the preliminary examination takes place.A state-machine model of the emergency room might specify only a single order of events, thereby excluding several acceptable behaviors, or it might specify all possible sequences of events, resulting in an overly complex model for a relatively simple problem. A Petri net model of the same emergency room nicely avoids both of these problems.
[FIGURE_DESCRIPTIONS]
[0] Diagram illustrating a loan origin and return flow in software engineering theory. Leftmost: Initiate Loan entry point connected to Withdraw Loan Request and Borrow. Central loop shows a diamond-shaped decision/flow with Avail at top and OnLoan at bottom, connected to Borrow and Return paths forming a cycle. Right side mirrors left: Initiate Return and Return Request nodes feeding into Withdraw Return Request. Circular nodes labeled Avail, OnLoan, and Return. Arrows indicate sequence: Initiate Loan → Loan Request → Borrow; Avail/OnLoan bifurcations manage state transitions within a two-branch diamond, then Return path leads to Return Request and Withdraw Return Request. Edges labeled with arrowheads and small circular endpoints emphasize state changes. Overall depicts a state machine or resource lifecycle with loan authorization, borrowing, ownership state Avail vs OnLoan, and return processing, including initiation and withdrawal of requests. Visible text includes: Initiate Loan, Withdraw Loan Request, Loan Request, Avail, OnLoan, Return, Return Request, Withdraw Return Request.



[1]
[SECTION]: Capturing the Requirements > 4.5 Modeling Notations > Example: Petri Nets
[CONTENT]: Basic Petri nets are fine for modeling how control flows through events or among concurrent entities. But if we want to model control that depends on the value of data (e.g., borrowing a particular book from a collection of books), then we need to use a high-level Petri net notation.A number of extensions to basic Petri nets have been proposed to improve the notation's expressibility, including inhibitor arcs, which enable a transition only if the input place is empty of tokens; priority among transitions; timing constraints; and structured tokens, which have values.
To model our library problem, which tracks information and events for multiple patrons and publications, we need a Petri net notation that supports structured tokens and transition actions (Ghezzi et al. 1991). A transition action constrains which tokens in  the  input  places  can  enable  the  transition  and  specifies  the  values  of  the  output tokens. Figure 4.13 is a high-level Petri net specification for the library problem. Each place stores tokens of a different data type. Avail stores a token for every library item that is not currently out on loan.A token in Fines is an n -tuple (i.e., an ordered set of n elements, sometimes called a tuple for short) that maps a patron to the value of his or her total outstanding library fines.A token in OnLoan is another type of tuple that maps a patron and a library item to a due date . A few of the transition predicates and actions are shown in Figure 4.13, such as the action on Process Payment , where the inputs are a payment and the patron's current fines , and the output is a new Fines tuple. The predicates not shown assert that if the token elements in a transition's input or output tokens have the same name, they must have the same value. So in  transition Borrow , the patron making  the Loan  Request must  match  the patron with no outstanding Fines and match the patron who appears in the generated OnLoan tuple; at the same time, the item being borrowed must match an item in Avail . Otherwise, those tuples do not enable the transition. The net starts with an initial marking of item tuples in Avail and ( patron, 0 ) tuples in Fines . As library users trigger input transitions Pay , Initiate Loan , and Initiate Return , new tokens are introduced to the system, which enable the library transitions, which in turn fire and update the Fines tokens and the Avail and OnLoan tokens, and so on.


[2]
[SECTION]: Capturing the Requirements > 4.5 Modeling Notations > State Machines
[CONTENT]: State-machine notations are used to represent collections of event traces in a single model.A state machine is a graphical description of all dialog between the system and its  environment. Each node, called a state , represents a stable set of conditions that exists between event occurrences. Each edge, called a transition , represents a change in behavior or condition due to the occurrence of an event; each transition is labeled with the triggering event, and possibly with an output event, preceded by the symbol '/', that is generated when the transition occurs.
State machines are useful both for specifying dynamic behavior and for describing how behavior should change in response to the history of events that have already occurred. That is, they are particularly suited for modeling how the system's responses to the same input change over the course of the system's execution. For each state, the set of transitions emanating from that state designates both the set of events that can trigger a response and the corresponding responses to those events. Thus, when our turnstile (shown in Figure 4.8) is in the unlocked state, its behavior is different from when it is in state locked ; in particular, it responds to different input events. If an unanticipated event occurs (e.g., if the user tries to push through the turnstile when the machine is in state locked ), the event will be ignored and discarded. We could have specified  this  latter  behavior  explicitly  as  a  transition  from  state locked to  state locked , triggered by event push ; however, the inclusion of such 'no-effect' transitions can clutter the model. Thus, it is best to restrict the use of self-looping transitions to those that have an observable effect, such as an output event.
",1.504,4.765,0.9999999999,1.0,0.99999999995,0.7313740029183061,0.6,1
"Using the Critical Path Method (CPM), how does a delay in an activity that has zero slack time logically affect the projected staff-days on a resource histogram, and what is the specific term for the path that contains these zero-slack activities? -Required source types: both -Brief reasoning type label: causal reasoning","In CPM, a delay in an activity with zero slack pushes all subsequent activities on the critical path forward, delaying the project finish because there is no slack to absorb the delay. Consequently, the resource histogram's staff-days profile shifts later and may extend total duration, increasing the required staff effort over the extended period.","
[0]
[SECTION]: Planning and Managing the Project > 3.1 Tracking Progress > Slack time = latest start time -earliest start time
[CONTENT]: Since the critical path has no slack, there is no margin for error when performing the activities along its route.
Notice what happens when an activity on the critical path begins late (i.e., later than its earliest start time). The late start pushes all subsequent critical path activities forward, forcing them to be late, too, if there is no slack. And for activities not on the critical path, the subsequent activities may also lose slack time. Thus, the activity graph helps us to understand the impact of any schedule slippage.
Consider what happens if the activity graph has several loops in it. Loops may occur when an activity must be repeated. For instance, in our house-building example, the building inspector may require the plumbing to be redone.In software development, a design inspection may require design or requirements to be respecified. The appearance of these loops may change the critical path as the loop activities are exercised more than once. In this case, the effects on the schedule are far less easy to evaluate.
Figure 3.4 is a bar chart that shows some software development project activities, including information about the early and late start dates; this chart is typical of those produced by automated project management tools. The horizontal bars represent the duration of each activity; those bars composed of asterisks indicate the critical path. Activities depicted by dashes and Fs are not on the critical path, and an F represents float or slack time.
Critical path analysis of a project schedule tells us who must wait for what as the project is being developed. It also tells us which activities must be completed on schedule to avoid delay. This kind of analysis can be enhanced in many ways. For instance, our house-building example supposes that we know exactly how long each activity will take. Often, this is not the case. Instead, we have only an estimated duration for an activity, based on our knowledge of similar projects and events. Thus, to each activity, we can ***********************


[1]
[SECTION]: Planning and Managing the Project > 3.1 Tracking Progress > Slack time = latest start time -earliest start time
[CONTENT]: assign a probable duration according to some probability distribution, so that each activity has associated with it an expected value and a variance. In other words, instead of knowing an exact duration, we estimate a window or interval in which the actual time is likely to fall. The expected value is a point within the interval, and the variance describes the width of the interval. You may be familiar with a standard probability distribution called a normal distribution, whose graph is a bell-shaped curve.The Program Evaluation and Review Technique (PERT) is a popular critical path analysis technique that assumes a  normal distribution. (See Hillier and Lieberman [2001] for more information about PERT.) PERT determines the probability that the earliest start time for an activity is close to the scheduled time for that activity. Using information such as probability distribution, latest and earliest start times, and the activity graph, a PERT program can calculate the critical path and identify those activities most likely to be bottlenecks. Many project managers use the CPM or PERT method to examine their projects. However, these methods are valuable only for stable projects in which several activities take place concurrently. If the project's activities are mostly sequential, then almost all activities are on the critical path and are candidates for bottlenecks. Moreover, if the project requires redesign or rework,the activity graph and critical path are likely to change during development.


[2]
[SECTION]: Planning and Managing the Project > 3.1 Tracking Progress > Estimating Completion
[CONTENT]: We can make an activity  graph  more  useful  by  adding  to  it  information  about  the estimated time it will take to complete each activity. For a given activity, we label the corresponding edge of the graph with the estimate. For example, for the activities in phase 2 of Table 2.1, we can append to the activity graph of Figure 3.2 estimates of the number of days it will take to complete each activity. Table 3.3 contains the estimates for each activity.
The result is the graph shown in Figure 3.3. Notice that milestones 2.7, 2.8, 3.4, and 3.6 are precursors to the finish.That is, these milestones must all be reached in order to consider the project complete. The zeros on the links from those nodes to the finish show that no additional time is needed. There is also an implicit zero on the link from node 1.2 to 1.1, since no additional time is accrued on the dashed link.
This graphical depiction of the project tells us a lot about the project's schedule. For example,since we estimated that the first activity would take 3 days to complete, we cannot hope to reach milestone 1.1 before the end of day 3. Similarly, we cannot reach milestone 1.2 before the end of day 15. Because the beginning of excavation (activity 1.3)  cannot  begin  until  milestones  1.1  and  1.2  are  both  reached, excavation  cannot begin until the beginning of day 16.
Analyzing the paths among the milestones of a project in this way is called the Critical Path Method (CPM) . The paths can show us the minimum amount of time it will take to complete the project, given our estimates of each activity's duration. Moreover, CPM reveals those activities that are most critical to completing the project on time.


[3]
[SECTION]: Planning and Managing the Project > 3.1 Tracking Progress > Estimating Completion
[CONTENT]: To see how CPM works, consider again our house-building example. First, we notice that the activities leading to milestones 1.1 (surveying) and 1.2 (requesting permits) can occur concurrently. Since excavation (the activity culminating in milestone 1.3) cannot begin until day 16, surveying has 15 days in which to be completed, even though it is only 3 days in duration. Thus, surveying has 15 days of available time, but requires only 3 days of real time. In the same way, for each activity in our graph, we can compute a pair of times: real time and available time.The real time or actual time for an activity is the estimated amount of time required for the activity to be completed, and the available time is the amount of time available in the schedule for the activity's completion. Slack time or float for an activity is the difference between the available time and the real time for that activity:
Slack time = available time -real time 1.1 FINISH Another way of looking at slack time is to compare the earliest time an activity may begin  with  the  latest  time  the  activity  may  begin  without  delaying  the  project. For example, surveying may begin on day 1, so the earliest start time is day 1. However, because it will take 15 days to request and receive permits, surveying can begin as late as day 13 and still not hold up the project schedule.Therefore,
",1.446,9.922,0.9999999999,1.0,0.99999999995,0.5905177336209386,0.5,1
What do early design decisions regarding a system's architecture explain?,"Early design decisions address the system's architecture, explaining how to decompose the system into units, how the units relate to one another, and describing any externally visible properties of the units.","
[0]
[SECTION]: Designing the Architecture > 5.1 The Design Process
[CONTENT]: At this point in the development process, we have a good understanding of our customer's  problem, and  we  have  a  requirements  specification  that  describes  what  an acceptable software solution would look like. If the specification was done well, it has focused on function, not form; that is, it gives few hints about how to build the proposed system. Design is the creative process of figuring out how to implement all of the customer's requirements; the resulting plan is also called the design .
Early  design  decisions  address  the  system's architecture , explaining  how  to decompose the system into units, how the units relate to one another, and describing any externally visible properties of the units (Bass, Clements, and Kazman 2003). Later design decisions address how to implement the individual units. To see how architecture  relates  to  both  design  and  requirements, consider  again  the  example  in  which Chuck and Betsy Howell want to build a new house.Their requirements include and so on. From the requirements, an architect produces preliminary designs for the Howells to consider.The architect may start by showing the Howells some generic plans based on different styles of houses, such as two-story colonials and bungalows, to get a better feel for what style the Howells would prefer.Within a particular architectural style, the architect may sketch out various design alternatives. For instance, in one design, the kitchen, dining room, and children's play space may share one large open area, whereas another design may locate the play space in a less public part of the house. One design may emphasize large bedrooms,and another may reduce bedroom size to make room for an additional bathroom. How the Howells choose from among the design alternatives will depend on their preferences for a design's distinguishing characteristics, such as the utility and character of the rooms' layouts, or the estimated cost of construction.
 - rooms for them and their three children to sleep
 - a place for the children to play
 - a kitchen and a large dining room that will hold an extendable table


[1]
[SECTION]: Designing the Architecture > 5.5 Achieving Quality Attributes > Usability
[CONTENT]: Usability attributes reflect the ease with which a user is able to operate the system. Most aspects of user-interface design are about how information is presented to and collected from the user.These design decisions tend not to be architectural, so we postpone a detailed discussion of this topic until the next chapter. However, there are a few user-interface decisions that do significantly affect the software's architecture, and they are worth mentioning here.
First and foremost,the user interface should reside in its own software unit,or possibly its own architectural layer.This separation makes it easier to customize the user interface for different audiences, such as users of different nationalities or different abilities.
Second, there are some user-initiated commands that require architectural support. These include generic commands such as cancel, undo, aggregate , and show multiple views (Bass, Clements, and Kazman 2003). At a minimum, the system needs a process that listens for these commands, because they could be generated at any time, unlike user commands that are input in  response  to  a  system  prompt. In  addition, for  some  of  these commands, the system needs to prepare itself to receive and execute the command. For example, for the undo command, the system must maintain a chain of previous states to which to return.For the show multiple views command,the system must be able to present multiple displays and keep them up-to-date and consistent as data change. In general, the design should include facilities for detecting and responding to any expected user input.


[2]
[SECTION]: Designing the Architecture > 5.8 Documenting Software Architectures
[CONTENT]: A system's architecture plays a vital role in its overall development: it is the basis on which most subsequent decisions about design, quality assurance, and project management are made.As such, it is crucial that the system's developers and stakeholders have a consistent understanding of the system's architecture.The SAD serves as a repository for information about the architectural design and helps to communicate this vision to the various members of the development team.
The SAD's contents depend heavily on how it will be used.That is, we try to anticipate what information will be sought by different types of SAD readers.Customers will be looking for a natural-language description of what the system will do. Designers will be looking for precise specifications of the software units to be developed. A performance analyst will want enough information about the software design, the computing platform, and the system's environment to carry out analyses of likely speed and load. Different team members read the SAD,each with a different purpose.For example,coders read the SAD to understand the overall design and make sure that each design feature or function is implemented somewhere in the code. Testers read the SAD to ensure that their tests exercise all aspects of the design.Maintainers use the SAD as a guide,so that architectural integrity is maintained as problems are fixed and new features implemented.
Given these uses, a SAD should include the following information:
 - System overview: This section provides an introductory description of the system, in terms of its key functions and usages.
 - Views: Each view conveys information about the system's overall design structure, as seen from a particular perspective. In addition to the views, we document also how the views relate to one another. Because the views are likely to be read by all SAD readers,each section is prefaced with a summary of the view and its main elements and interactions; technical details are addressed in separate subsections.


[3]
[SECTION]: Designing the Architecture > 5.13 What This Chapter Means For You
[CONTENT]: In this chapter, we have investigated what it means to design a system based on carefully expressed requirements. We have seen that design begins with a high-level architecture, where architectural decisions are based not only on system functionality and required constraints but also on desirable attributes and the long-term intended use of the system (including product lines, reuse, and likely modification).You should keep in mind several characteristics of good architecture as you go, including appropriate user interfaces, performance,modularity,security,and fault tolerance.You may want to build a prototype to evaluate several options or to demonstrate possibilities to your customers.
The goal is not to design the ideal software architecture for a system, because such an architecture might not even exist. Rather, the goal is to design an architecture that meets all of the customer's requirements while staying within the cost and schedule constraints that we discussed in Chapter 3.
",2.031,2.889,0.9999999999,1.0,0.99999999995,0.9987123984199654,1.0,1
"How does the U.S. government's definition of Return on Investment (ROI) differ from industry's definition, and how is the ""payback period"" mathematically calculated when a company performs a cost-benefit analysis on a new software architecture design? -Required source types: text -Brief reasoning type label: comparison","The government views ROI in terms of dollars, looking at reducing operating costs, predicting dollar savings, and calculating the cost of employing new technologies. Government investments are also expressed in dollars, such as the cost of introducing new technologies or process improvement initiatives. On the other hand, industry viewed investment in terms of effort, rather than cost or dollars. That is, companies were interested in saving time or using fewer people, and their definition of return on investment reflected this focus on decreasing effort.

In cost-benefit analysis for a design change, the payback period is the length of time before accumulated benefits recover the costs of implementation; for example, the payback period for restructuring the sorted-index module (design 2) is $300,000/$280,000 = 1.07 of a year = approximately 13 months.","
[0]
[SECTION]: Why Software Engineering? > 1.3 What Is Good Software? > Quality in the Context of the Business Environment
[CONTENT]: However, Brodman and Johnson (1995) found that the U.S. government and U.S. industry interpret ROI in very different ways, each different from the other, and both different from the standard business school approaches.The government views ROI in terms of dollars,looking at reducing operating costs,predicting dollar savings,and calculating the cost of employing new technologies. Government investments are also expressed in dollars, such as the cost of introducing new technologies or process improvement initiatives.
On the other hand, industry viewed investment in terms of effort, rather than cost or dollars. That is, companies were interested in saving time or using fewer people, and their  definition  of  return  on  investment  reflected  this  focus  on  decreasing  effort. Among the companies surveyed, return on investment included such items as The cost issues included in the definition involve meeting cost predictions, improving cost performance, and staying within budget, rather than reducing operating costs or streamlining  the  project  or  organization. Figure  1.6 summarizes the frequency with which many organizations included an investment item in their definition of ROI. For example, about 5 percent of those interviewed included a quality group's effort in the ROI effort calculation, and approximately 35 percent included software costs when considering number of dollars invested.
 - training
 - schedule
 - risk
 - quality
 - productivity
 - process
 - customer
 - costs
 - business


[1]
[SECTION]: Why Software Engineering? > 1.3 What Is Good Software? > Quality in the Context of the Business Environment
[CONTENT]: The difference in views is disturbing, because it means that calculations of ROI cannot be compared across organizations. But there are good reasons for these differing views. Dollar savings from reduced schedule, higher quality, and increased productivity are returned to the government rather than the contractor. On the other hand, contractors are usually looking for a competitive edge and increased work capacity as well as greater profit; thus, the contractor's ROI is more effort- than cost-based. In particular, more accurate cost and schedule estimation can mean customer satisfaction and repeat business.And decreased time to market as well as improved product quality are perceived as offering business value, too.
[FIGURE 1.6 Terms included in industry definition of return on investment.] 
[FIGURE_DESCRIPTIONS]
[0] Bar chart illustrating percentage of interviewees across various categories related to software engineering theory versus practice. The horizontal axis ranges from 0% to 70% in 10% increments, labeled at bottom, with a zero-to-seventy percent scale. The vertical axis lists groups (Della/Bella? appears as 'Delta' or 'Della'?) and subcategories such as Facilities, Software costs, Hardware costs, Materials, General, Assessments, SCE costs, Internal R&D, Process, Documentation, Quality group, Software process group, General. Each bar represents the proportion of interviewees endorsing or experiencing a given item, with bars extending to varying lengths (roughly 0% to 60%+). Notable bars show high percentages for 'General' within the lower group and for 'Software process group' in the upper group, while 'Documentation' and 'Process' have mid-range representations. The chart appears to compare theory and practice perspectives, though explicit legend labels for theory vs practice are not visible. Visible text includes 'Percent of interviewees', '0%', '10%', '20%', '30%', '40%', '50%', '60%', '70%'. The layout resembles a horizontal bar chart with category labels on the left and percentage scales on the bottom, indicating a survey of interviewees about particular factors in software engineering projects.



[2]
[SECTION]: Designing the Architecture > 5.7 Architecture Evaluation And Refinement > Cost-Benefit Analysis
[CONTENT]: If there are multiple attributes to consider (e.g., the time it takes to update, reindex, and re-sort  the  catalogue), then  a  design's  total  financial  added  value  is  the  sum  of  the added values ascribed to each of the attributes-some of whose added values may be negative if a design improves one attribute at the expense of a conflicting attribute.
Computing Return on Investment (ROI). The return on investment of making one of these design changes is the ratio of the benefits gained from making the change to the cost of its implementation:
[FORMULA]
ROI = Benefits/Cost These costs are estimated using the techniques described in Chapter 3. The estimated costs of the proposed design changes in our example are shown in Table 5.4. In general,
an ROI of 1 or greater means that the design's benefits outweigh its costs. The higher the ROI value, the more effective the design.
Another useful measure is the payback period : the length of time before accumulated benefits recover the costs of implementation. In our example, the payback period for restructuring the sorted-index module (design 2) is $300,000/$280,000 = 1.07 of a year = approximately 13 months We return to calculations such as these in Chapter 12, where we investigate the best techniques for evaluating the return on investing in software reuse.


[3]
[SECTION]: Why Software Engineering? > 1.3 What Is Good Software? > Quality in the Context of the Business Environment
[CONTENT]: Even though the different ROI calculations can be justified for each organization, it is worrying that software technology return on investment is not the same as financial ROI. At some point, program success must be reported to higher levels of management, many of which are related not to software but to the main company business, such as telecommunications or banking. Much confusion will result from the use of the same terminology to mean vastly different things.Thus, our success criteria must make sense not only for software projects and processes, but also for the more general business practices they support.We will examine this issue in more detail in Chapter 12 and look at using several common measures of business value to choose among technology options.


[4]
[SECTION]: Evaluating Products, Processes, and Resources > 12.6 Evaluating Resources > Return on Investment
[CONTENT]: Not all investment analysis reflects this reality. Taking the perspective of a financial  analyst, Favaro  and  Pfleeger  (1998)  look  critically  at  the  most  commonly  used approaches: net present value, payback, average return on book value, internal rate of return, and profitability index.They show that net present value (NPV) makes the most sense for evaluating software-related investments.
NPV expresses economic value in terms of total project life, regardless of scale or time frame. Since investment planning involves spending money in the future, we can think of the present value of an investment as the value today of a predicted future cash flow. The NPV calculation uses a discount rate or opportunity cost , corresponding to
",2.264,7.323,0.9999999999,1.0,0.99999999995,0.8982388456886676,1.0,1
How is system functionality achieved in a pipe-and-filter style architecture?,"In a pipe-and-filter style, illustrated in Figure 5.6, system functionality is achieved by passing input data through a sequence of data-transforming components, called filters , to produce output data.","
[0]
[SECTION]: Designing the Architecture > 5.4 Architectural Styles And Strategies > Pipe-and-Filter
[CONTENT]: In a pipe-and-filter style, illustrated in Figure 5.6, system functionality is achieved by passing input data through a sequence of data-transforming components, called filters , to produce output data. Pipes are connectors that simply transmit data from one filter to  the  next  without  modifying  the  data. Each  filter  is  an  independent  function  that makes no assumptions about other filters that may be applied to the data.Thus, we can build our system by connecting together different filters to form a variety of configurations. If the format of the data is fixed-that is, if all of the filters and pipes assume a common  representation  of  the  data  being  transmitted-then  we  can  join  filters together in any configuration. Such systems have several important properties (Shaw and Garlan 1996):
 - We can understand the system's transformation of input data to output data as the functional composition of the filters' data transformations.
[FIGURE 5.6 Pipes and filters.] 
[FIGURE_DESCRIPTIONS]
[0] Block diagram illustrating a multi-path processing chain with sequential and parallel branches. Left-to-right flow shows an initial input entering a parallel set of two paths, each with series blocks, then re-joining into a subsequent shared path. A third parallel path exists at a lower level, mirroring the upper branches, with arrows indicating data routing between stages. On the top-right, a small legend titled KEY identifies two shapes: a ""Pipe"" represented by a long rectangle and a ""Filter"" represented by a smaller rectangle. The diagram emphasizes modular, pipelined processing units, potential fan-out, and three distinct output lines from the final stage. The visual focus is on data-path topology, with no numerical metrics provided. Readable text includes the labels ""Pipe"" and ""Filter"" in the legend, and connecting arrows denote signal flow between blocks.



[1]
[SECTION]: Designing the Architecture > 5.4 Architectural Styles And Strategies > Pipe-and-Filter
[CONTENT]:  - Filters can be reused in any other pipe-and-filter style program that assumes the same  format  for  input  and  output  data. Examples  of  such  filters  and  systems include image-processing systems and Unix shell programs.
 - System evolution is relatively easy; we can simply introduce new filters into our system's configuration, or replace or remove existing filters, without having to modify other parts of the system.
 - Because of filter independence, we can perform certain types of analyses, such as throughput analysis.
 - There are performance penalties when using a pipe-and-filter  architecture. To support a fixed data format during data transmission, each filter must parse input data before performing its computation and then convert its results back to the fixed data format for output. This repeated parsing and unparsing of data can hamper system performance. It can also make the construction of the individual filters more complex.
In some pipe-and-filter style systems, the filters are independent data-transforming functions, but  the  representation  of  data  passed  between  filters  is  not  fixed. For example, old-style compilers had pipe-and-filter architectures in which the output of each filter (e.g., the lexical analyzer or the parser) was fed directly into the next filter. Because the filters in such systems are independent and have precise input and output formats, it is easy to replace and improve filters but hard to introduce or remove filters. For example, to remove a filter, we may need to substitute a stub that converts the output from the previous filter into the input format expected by the next filter.


[2]
[SECTION]: Designing the Architecture > 5.7 Architecture Evaluation And Refinement > Trade-off Analysis
[CONTENT]: This complication leads us to a fourth design, based on a pipe-and-filter architecture (Figure 5.16), where the sequence of processing is controlled by the sequence of the filter modules.This design is easily extended to include new features, in that we can simply insert additional filters into the sequence. Also, each filter is an independent entity that can be changed without affecting other filters. The design supports the reuse of filters in other pipe-and-filter applications, as long as a filter's input data is in the form that it expects (Shaw and Garlan 1996).The filters may execute in parallel, processing inputs as they are received (although the Alphabetizer cannot output its results until it has received and sorted all of the input lines); this concurrent processing can enhance performance. Unlike the other designs, a data item is no longer stored in any location, but rather flows from one filter to another, being transformed along the way. As such, the design is not conducive to changes that would require the storage of persistent data,
[FIGURE_DESCRIPTIONS]
[0] Flow diagram illustrating a signal processing or data transformation pipeline. The top row shows a rectangular box labeled Input medium connected to a rectangular box labeled Input, followed by a rectangular box labeled Circular shift; arrows indicate directional flow. A labeled legend in the upper left corner defines two line styles: a solid line for 'Pipe' and a dashed line for 'System I/O'. A lower branch begins with a rectangular box labeled Alphabettizer connected by a line to a rectangular box labeled Output, which in turn connects to a rectangular box labeled Output medium. The overall layout resembles a modular chain with horizontal progression and a vertical branching connection from the top path down to the bottom path. The image emphasizes components, interfaces, and data flow between stages in a processing system.



[3]
[SECTION]: Designing the Architecture > 5.4 Architectural Styles And Strategies
[CONTENT]: Researchers are continuously analyzing good software designs, looking for useful architectural styles that can be applied more generally. These styles are then collected in style catalogues that an architect can reference when considering the best architecture for a given set of requirements. A few of these catalogues are listed at the end of this chapter.
In  the  rest  of  this  section, we  examine  six  architectural  styles  commonly  used in software development: pipe-and-filter, client-server, peer-to-peer, publish-subscribe, repositories , and layering . For each style, we describe the software elements comprising the style, the constraints on interactions among elements, and some properties (good and bad) of the resulting system.
",2.186,3.668,0.9999999999,1.0,0.99999999995,0.9992807988337525,1.0,1
What are the three categories into which participants in a software project usually fall?,"Usually, the participants in a project fall into one of three categories: customer, user, or developer.","
[0]
[SECTION]: Why Software Engineering? > 1.4 Who Does Software Engineering?
[CONTENT]: A key component of software development is communication between customer and developer; if that fails, so too will the system. We must understand what the customer wants and needs before we can build a system to help solve the customer's problem.To do this, let us turn our attention to the people involved in software development.
The  number  of  people  working  on  software  development  depends  on  the project's  size  and  degree  of  difficulty. However, no  matter  how  many  people  are involved, the roles played throughout the life of the project can be distinguished.Thus, for a large project, one person or a group may be assigned to each of the roles identified; on a small project, one person or group may take on several roles at once.
Usually, the participants in a project fall into one of three categories: customer, user, or developer.The customer is the company, organization, or person who is paying for the software system to be developed.The developer is the company, organization, or person who is building the software system for the customer.This category includes any managers needed to coordinate and guide the programmers and testers.The user is the person or people who will actually use the system: the ones who sit at the terminal or submit the data or read the output. Although for some projects the customer, user, and developer are the same person or group,often these are different sets of people.Figure 1.7 shows the basic relationships among the three types of participants.


[1]
[SECTION]: Why Software Engineering? > 1.4 Who Does Software Engineering?
[CONTENT]: [FIGURE 1.7 Participants in software development.] 
The customer, being in control of the funds, usually negotiates the contract and signs  the  acceptance  papers. However, sometimes  the  customer  is  not  a  user. For example, suppose Wittenberg Water Works signs a contract with Gentle Systems, Inc., to build a computerized accounting system for the company. The president of Wittenberg may describe to the representatives of Gentle Systems exactly what is needed, and she will sign the contract. However, the president will not use the accounting system directly; the users will be the bookkeepers and accounting clerks.Thus,it is important that the developers understand exactly what both the customer and users want and need.
On the other hand, suppose Wittenberg Water Works is so large that it has its own computer systems development division.The division may decide that it needs an automated tool to keep track of its own project costs and schedules. By building the tool itself, the division is at the same time the user, customer, and developer.
[FIGURE_DESCRIPTIONS]
[0] Diagram illustrating software development workflow with labeled roles and flow connections. In the top left, a 'CUSTOMER' figure sits at a desk, indicating sponsors and system development involvement, with the caption 'Sponsors system development' nearby. To the right, a 'DEVELOPER' figure stands at a workstation assembled with blocks, implying build activity and product construction. Between customer and developer, bold slanted lines denote contractual obligations and financial pressures, labeled 'Contractual obligation' and '$$$, needs'. At the bottom left, a 'USER' figure interacts with a device or system, labeled 'Uses system'. A curved arrow labeled 'Nodes' and a straight double-headed arrow labeled 'Software system' connect the user and developer nodes, suggesting components communicating within a software architecture. The overall composition conveys the relationship among users, customers, and developers in software projects, with emphasis on needs, sponsorship, and the build process.



[2]
[SECTION]: Evaluating Products, Processes, and Resources > 12.5 Evaluating Processes > Category 6: Engineering practices
[CONTENT]: Publishing the Results. The final step is to share these insights with the rest of the project team. Rather than hold another meeting, the participants in project history day write an open letter to managers, peers, and other developers. The letter consists of four parts. The introduction is a project description that explains the general type of project  and  any  information  about  whether  or  why  the  project  was  unique. For example, the letter may explain that the project involved building a telecommunications billing system, something for which the company is well-known. But this particular project used the Eiffel language for the first time, coupled with tools to assist in doing object-oriented design.
Next, the letter summarizes all of the postmortem's positive findings.The findings may describe not only what worked well, but also what can be used by other projects in the future. For instance, the project may have produced reusable code, new tools, or a set of tips on successful use of Eiffel that may be useful for subsequent similar developments.
Then,the letter summarizes the three worst factors that kept the team from meeting its goals. Usually, these factors are the top three items in the prioritized root cause list created during project history day.
Finally, the letter suggests improvement activities. Collier, DeMarco, and Fearey (1996) suggest that the team select one problem that is so important that it must be fixed before work starts on another project. The letter should describe the problem clearly, and suggest how to fix it. The problem description and solution should be supported by objective measurements, so that the developers can assess the magnitude of the problem and track changes as things improve.


[3]
[SECTION]: Why Software Engineering? > 1.7 Members Of The Development Team
[CONTENT]: The  development  roles  can  be  assumed  by  one  person  or  several. For  small projects, two  or  three  people  may  share  all  roles. However, for  larger  projects, the development team is often separated into distinct groups based on their function in development. Sometimes, those who maintain the system are different from those who design or write the system initially. For a very large development project, the customer can even hire one company to do the initial development and another to do the maintenance. As we discuss the development and maintenance activities in later chapters, we will look at what skills are needed by each type of development role.


[4]
[SECTION]: Planning and Managing the Project > 3.2 Project Personnel > Work Styles
[CONTENT]: Work styles can also involve choice of worker for a given task.For instance,intuitive employees may prefer design and development (requiring new ideas) to maintenance programming and design (requiring attention to detail and analysis of complex results).
",2.279,3.707,0.9999999999,1.0,0.99999999995,1.0,1.0,1
What is a reference model?,"A reference model suggests only how we decompose our system into its major components and how those components interact with each other. There are existing or proposed reference models for a variety of application domains, including operating systems, interpreters, database management systems, process-control systems, integrated tool environments, communication networks, and Web services.","
[0]
[SECTION]: Designing the Architecture > 5.1 The Design Process > Design Is a Creative Process
[CONTENT]: There  are  many  ways  to  leverage  existing  solutions. One  extreme  is cloning , whereby we borrow a whole design, and perhaps even the code, making minor adjustments to fit our particular problem. For example, a developer might clone an existing system to customize it for a new customer-though,as we will see, there are better ways of producing variations of the same product. Slightly less extreme is to base our design on  a reference  model : a  standard  generic  architecture  for  a  particular  application domain.A reference model suggests only how we decompose our system into its major components and how those components interact with each other. The design of the individual components and the details of their interactions will depend on the specific application being developed.As an example, Figure 5.3 shows the reference model for a compiler; the specifics of the parser, semantic analyzer, optimizations, and data repositories will vary greatly with the compiler's programming language. There are existing or proposed reference models for a variety of application domains, including operating systems, interpreters, database  management  systems, process-control  systems, integrated tool environments, communication networks, and Web services.


[1]
[SECTION]: Designing the Architecture > 5.1 The Design Process > Design Is a Creative Process
[CONTENT]: [FIGURE 5.2 Sources of design advice.] 
More typically, our problem does not have a reference model, and we create a design by combining and adapting generic design solutions. In your other courses, you have learned about generic, low-level design solutions such as data structures (e.g., lists, trees) and algorithm paradigms (e.g., divide-and-conquer, dynamic programming) that are useful in addressing entire classes of problems. Software architectures have generic solutions too, called architectural styles . Like reference models, architectural styles give advice about how to decompose a problem into software units and how those units should interact with each other. Unlike reference models, architectural styles are not optimized for specific application domains. Rather, they give generic advice about how to  approach  generic  design  problems  (e.g., how  to  encapsulate  data  shared  by  all aspects of the system).
[FIGURE_DESCRIPTIONS]
[0] Diagram illustrating a central concept labeled Design, with multiple spokes radiating outward. Each spoke ends in a label: Similar Systems, Reference Models, Architectural Styles, Design Patterns, Design Conversations, Design Principles, Experience, and Resources? (text appears as) likely 'Experience' and 'Resources' around the bottom. The center node is an oval/ellipse containing the word 'Design'. Surrounding labels describe related concepts guiding theory and practice. The layout suggests a hub-and-spokes model where Design is the core and various aspects such as Architectural Styles, Design Patterns, and Reference Models feed into or from Design. The surrounding words appear in plain sans-serif font; lines connect the central shape to each peripheral label. The top of the image is blank white, with the diagram occupying the middle. The text is small but legible: 'Similar Systems', 'Reference Models', 'Architectural Styles', 'Design Patterns', 'Design Conversations', 'Design Principles', 'Experience'.



[2]
[SECTION]: Designing the Architecture > 5.1 The Design Process > Design Is a Creative Process
[CONTENT]: [FIGURE 5.3 Reference model for a compiler (adapted from Shaw and Garlan 1996).] 
[FIGURE_DESCRIPTIONS]
[0] Diagram depicting a software architecture/data flow pipeline with a symbol table at the top connected to multiple processing components. Visible components include Lexical analyzer, Parser, Semantic analyzer, Optimizer, and Code generator arranged horizontally. Dashed lines indicate control flow, solid lines indicate data store connections. A Key box labeled Component shows Data store and Data fetch/store vs Control flow distinctions. Arrows illustrate interactions: from the Symbol table down to each processor, and back paths among processors suggesting bidirectional data exchange. The diagram emphasizes orchestration of compilation phases, with a central Symbol table feeding lexical, syntactic, semantic, optimization, and code generation steps, and cross-links among stages implying intermediate representations and attributes propagation. Text elements include labels for each block and the key. 



[3]
[SECTION]: Modeling the Process and Life Cycle > 2.11 Key References
[CONTENT]: As a result of the Fifth International Software Process Workshop,a working group chaired by Kellner formulated a standard problem, to be used to evaluate and compare some of the more popular process modeling techniques.The problem was designed to be complex enough so that it would test a technique's ability to include each of the following:
 - multiple levels of abstraction
 - control flow, sequencing, and constraints on sequencing


[4]
[SECTION]: Capturing the Requirements > 4.5 Modeling Notations > Entity-Relationship Diagrams
[CONTENT]: Early in the requirements phase, it is convenient to build a conceptual model of the problem that identifies what objects or entities are involved, what they look like (by defining their attributes), and how they relate to one another. Such a model designates names for the basic elements of the problem. These elements are then reused in other descriptions of the requirements (possibly written in other notations) that specify how the objects, their attributes, and their relationships would change in the course of the proposed system's execution.Thus, the conceptual model helps to tie together multiple views and descriptions of the requirements.
The entity-relationship diagram (ER diagram) (Chen 1976) is a popular graphical notational paradigm for representing conceptual models.As we will see in Chapter 6, it forms the basis of most object-oriented requirements and design notations, where it is used to model the relationships among objects in a problem description or to model the structure of a software application. This notation paradigm is also popular for describing database schema (i.e., describing the logical structure of data stored in a database).


[5]
[SECTION]: Evaluating Products, Processes, and Resources > 12.4 Evaluating Products > Product Quality Models
[CONTENT]:  - evaluating the model, identifying its weaknesses, and refining or re-creating it Clearly, these steps can be used to produce models for requirements, designs, code, and other development products, and each model will reflect product and project goals.
",2.211,4.513,0.9999999999,1.0,0.99999999995,0.17101545635456764,1.0,1
Contrast the primary development goal of building a throwaway rapid prototype during the requirements elicitation phase versus building one during the software architecture design phase. -Required source types: text -Brief reasoning type label: comparison,"During requirements elicitation, a throwaway rapid prototype is created to learn more about the problem or proposed solution and is not intended to be part of the delivered software.

During software architecture design, if a prototype is intended only to explore design issues, the development may not receive the same care as a real system and the prototype is frequently discarded so the actual system can be built from scratch.","
[0]
[SECTION]: Capturing the Requirements > 4.7 Prototyping Requirements
[CONTENT]: There are two approaches to prototyping: throwaway and evolutionary. A throwaway prototype is software that is developed to learn more about a problem or about a proposed solution, and that is never intended to be part of the delivered software. This approach allows us to write 'quick-and-dirty' software that is poorly structured, inefficient, with no error checking-that, in fact, may be a facade that does not implement any of the desired functionality-but that gets quickly to the heart of questions we have about the problem or about a proposed solution. Once our questions are answered, we throw away the prototype software and start engineering the software that will be delivered. In contrast, an evolutionary prototype is software that is developed not only to help us answer questions but also to be incorporated into the final product. As such, we have to be much more careful in its development, because this software has to eventually exhibit the quality requirements (e.g., response rate, modularity) of the final product, and these qualities cannot be retrofitted.
Both techniques are sometimes called rapid prototyping , because they involve building  software  in  order  to  answer  questions  about  the requirements . The  term 'rapid'distinguishes software prototyping from that in other engineering disciplines, in which a prototype is typically a complete solution, like a prototype car or plane that is built manually according to an already approved design. The purpose of such a prototype is to test the design and product before automating or optimizing the manufacturing step for mass production. In contrast, a rapid prototype is a partial solution that is built to help us understand the requirements or to evaluate design alternatives.


[1]
[SECTION]: Designing the Architecture > 5.7 Architecture Evaluation And Refinement > Prototyping
[CONTENT]: If a prototype is intended only to explore design issues, we may not give its development the same careful attention that we would give to a real system. For this reason, we frequently discard the prototype and build the actual system from scratch, rather than try to salvage parts from the prototype. In these cases, the throw-away prototype is meant to be discarded; its development is intended only to assess the feasibility or particular characteristics in a proposed design. In fact, Brooks (1995) recommends building a system, throwing it away, and building it again.The second version of the system benefits from the learning and the mistakes made in the process of building the first system.
Alternatively, we may attempt to reuse parts of the prototype in the actual system. By taking care in the design and development of the prototype's components, we can produce a prototype that answers questions about the design and at the same time provides building blocks for the final system.The challenge is to ensure that this style of prototyping is still fast. If the prototype cannot be built more quickly than the actual system, then it loses its value. Moreover, if too much effort is invested in developing a quality prototype, we may become too attached to the design decisions and other assets embedded in the prototype,and we may be less open to considering design alternatives.
An extreme version of this approach is called rapid prototyping , in which we progressively refine the prototype until it becomes the final system. We start with a prototype of the requirements, in the form of a preliminary user interface that simulates the system's responses to user input. In successive iterations of the prototype, we flesh out the system's design and implementation, providing the functionality promised by the initial user interface. In many ways, rapid prototyping resembles an agile development process, in that the system's development is iterative and there is continual feedback from the customer. The difference is that the initial prototype is a user-interface shell rather than the core of the operational system.


[2]
[SECTION]: Modeling the Process and Life Cycle > 2.2 Software Process Models > SIDEBAR 2.1 DRAWBACKS OF THE WATERFALL MODEL
[CONTENT]: The software development process can help to control the thrashing by including activities  and  subprocesses  that  enhance  understanding. Prototyping  is  such  a  subprocess; a prototype is a partially developed product that enables customers and developers to examine some aspect of the proposed system and decide if it is suitable or appropriate for the finished product. For example, developers may build a system to implement a small portion of some key requirements to ensure that the requirements are consistent, feasible, and practical; if not, revisions are made at the requirements stage rather than at the more costly testing stage. Similarly, parts of the design may be prototyped, as shown in Figure 2.3. Design prototyping helps developers assess alternative design strategies and decide which is best for a particular project.As we will see in Chapter 5, the designers may address the requirements with several radically different designs to see which has the best properties. For instance, a network may be built as a ring in one prototype and a star in another, and performance characteristics evaluated to see which structure is better at meeting performance goals or constraints.
Often, the user interface is built and tested as a prototype, so that the users can understand what the new system will be like, and the designers get a better sense of how the  users  like  to  interact  with  the  system. Thus, major  kinks  in  the  requirements  are addressed and fixed well before the requirements are officially validated during system testing; validation ensures  that  the  system  has  implemented  all  of  the  requirements, so that  each  system  function  can  be  traced  back  to  a  particular  requirement  in  the specification. System testing also verifies the requirements; verification ensures that each function works correctly.That is, validation makes sure that the developer is building the right product (according to the specification), and verification checks the quality of the implementation. Prototyping is useful for verification and validation, but these activities can occur during other parts of the development process, as we will see in later chapters.
",1.671,6.285,0.9999999999,1.0,0.99999999995,0.38958996502110554,1.0,1
What is the purpose of McCall’s quality model?,"Figure 1.5 is an example of an early quality model built by McCall and his colleagues to show how external quality factors (on the left-hand side) relate to product quality criteria (on the right-hand side).

McCall associated each right-hand criterion with a measurement to indicate the degree to which an element of quality was addressed (McCall, Richards, and Walters 1977).","
[0]
[SECTION]: Evaluating Products, Processes, and Resources > 12.4 Evaluating Products > Product Quality Models
[CONTENT]: There are several quality models that suggest ways to tie together different quality attributes. Each model helps us to understand how the several facets contribute to the whole. Often, we narrow our focus and think only about faults and failures; these models show us that quality is much broader.When we evaluate the quality of development products, we must see this bigger picture.
Boehm's Model. There are many software quality models, and Boehm and colleagues have constructed one of the best-known, shown in Figure 12.2. It is similar to McCall's in that it presents a hierarchy of characteristics, each of which contributes to overall quality (Boehm et al. 1978). Note that Boehm's notion of successful software includes the needs and expectations of users, as does McCall's; however, Boehm also includes characteristics of hardware performance that are missing in the McCall model. Let us examine Boehm's model in more detail.
Boehm's model begins with the general utility of the software. Thus, Boehm and his colleagues are asserting that first and foremost, a software system must be useful. If it is not, then its development has been a waste of time, money, and effort.We can consider utility in several ways, corresponding to the types of users who remain involved once the system is delivered.


[1]
[SECTION]: Evaluating Products, Processes, and Resources > 12.4 Evaluating Products
[CONTENT]: We have seen that software development produces a large number of artifacts: requirements, designs, code components, test cases, test scripts, user guides, cross-references, and more.In each case, we can examine a product to determine if it has desirable attributes.That is, we can ask whether a document, file, or system has certain properties, such as completeness, consistency, reliability, or maintainability. And we can use the notions of quality, such as the McCall model introduced in Chapter 1, to provide a framework for our questions.


[2]
[SECTION]: Why Software Engineering? > 1.3 What Is Good Software? > The Quality of the Product
[CONTENT]: [FIGURE 1.5 McCall's quality model.] 
[FIGURE_DESCRIPTIONS]
[0] Diagram showing a set of labeled rectangular blocks aligned vertically on the left, each connected by arrows to multiple blocks on the right. Left column labels include: Correctness, Reliability, Efficiency, Integrity, Usability, Maintainability, Testability, Flexibility, Portability, Reusability, Interoperability. Right column contains corresponding attributes such as traceability, compliance, consistency, accuracy, error tolerance, resilience, storage efficiency, data integrity, access control, availability, training, communicativeness, simplicity, extensibility, instrumentation, user-facing design, software engineering, management, domain-specific concepts, and dependency relationships. Visual links indicate cross-relations between left-side quality attributes and right-side system properties. The diagram emphasizes quality attributes mapping to system properties, with arrows illustrating dependency and influence relationships. Text appears in standard sans-serif font, left-aligned labels and right-side property terms, suggesting a conceptual model of software quality attributes and their interactions within theory-practice discourse. 



[3]
[SECTION]: Why Software Engineering? > 1.3 What Is Good Software? > The Quality of the Product
[CONTENT]: We can ask people to name the characteristics of software that contribute to its overall quality, but we are likely to get different answers from each person we ask. This difference occurs because the importance of the characteristics depends on who is analyzing the software. Users judge software to be of high quality if it does what they want in a way that is easy to learn and easy to use. However, sometimes quality and functionality are intertwined; if something is hard to learn or use but its functionality is worth the trouble, then it is still considered to have high quality.
We try  to  measure  software  quality  so  that  we  can  compare  one  product  with another. To do so, we identify those aspects of the system that contribute to its overall quality. Thus, when measuring software quality, users assess such external characteristics as the number of failures and type of failures. For example, they may define failures as minor,major,and catastrophic,and hope that any failures that occur are only minor ones.
The software must also be judged by those who are designing and writing the code and by those who must maintain the programs after they are written.These practitioners tend to look at internal characteristics of the products, sometimes even before the product is delivered to the user. In particular, practitioners often look at numbers and types of faults for evidence of a product's quality (or lack of it). For example, developers track the number of faults found in requirements, design, and code inspections and use them as indicators of the likely quality of the final product.
For this reason, we often build models to relate the user's external view to the developer's internal view of the software. Figure 1.5 is an example of an early quality model built by McCall and his colleagues to show how external quality factors (on the left-hand side) relate to product quality criteria (on the right-hand side). McCall associated each right-hand criterion with a measurement to indicate the degree to which an element of quality was addressed (McCall, Richards, and Walters 1977).We will examine several product quality models in Chapter 12.


[4]
[SECTION]: Evaluating Products, Processes, and Resources > 12.4 Evaluating Products > Product Quality Models
[CONTENT]:  - does what the user wants it do
 - uses computer resources correctly and efficiently
 - is easy for the user to learn and use
 - is well-designed, well-coded, and easily tested and maintained The standard recommends measuring the right-hand characteristics directly, but it does not give details about how the measurement is to be done.
One major difference between the ISO model and those of McCall and Boehm is that the ISO hierarchy is strict: each right-hand characteristic is related only to exactly one left-hand attribute. Moreover, the right-hand characteristics are related to the user view of the software, rather than to an internal, developer view.
These models, and many others, are helpful in articulating just what it is that we value in the software we build and use. But none of the models includes a rationale for why some characteristics are included and others left out, and for where in the hierarchy a particular attribute appears. For example, why do none of the models include safety? And why is portability a top-level characteristic in the ISO 9126 model, rather than a subcharacteristic? In addition, there is no guidance about how to compose lower-level characteristics into higher-level ones, to produce an overall assessment of quality.These problems make it difficult for us to determine if a given model is complete or consistent.
",1.478,9.35,0.9999999999,1.0,0.99999999995,0.8039554646413278,1.0,1
What defines a peer-to-peer (P2P) architecture?,"A peer-to-peer (P2P) architecture is one in which each component executes as its own process and acts as both a client of and a server to other peer components, with an interface that specifies both the services it provides and the services it requests from other peers; peers communicate by requesting services from each other, so any component can initiate a request to any other peer component.","
[0]
[SECTION]: Designing the Architecture > 5.4 Architectural Styles And Strategies > Peer-to-Peer
[CONTENT]: Technically, a peer-to-peer (P2P) architecture is one in which each component executes as its own process and acts as both a client of and a server to other peer components. Each component has an interface that specifies not only the services it provides, but also the services that it requests from other peer components. Peers communicate by requesting  services  from  each  other. In  this  way, P2P  communication  is  like  the request/reply communication found in client-server architecture, but any component can initiate a request to any other peer component.
[FIGURE 5.7 Three-tiered client-server architecture.] 
The best known P2P architectures are file-sharing networks, such as Napster and Freenet, in which the components provide similar services to each other. What differs among components are the data each component stores locally.Thus, the system's data are distributed among the components; whenever a component needs information not stored locally, it retrieves it from a peer component.
[FIGURE_DESCRIPTIONS]
[0] Diagram illustrating a multi-layer client-server architecture with labeled components and data flow. The top row shows three client-side elements: Web Browser, Web Browser, Desktop Client Presentation. A central Application Server box connects downward to a Database Server, forming a layered Information System: Business Logic and Information System shown on the right. A small KEY box in the left corner defines arrows: request/reply between client and server, and the server-to-database interaction. Arrows indicate the flow from clients to the Application Server, then to the Database Server. The overall structure highlights distribution of responsibilities: client presentation, application logic on the Application Server, and persistent data in the Database Server, with business logic and information system labels aligning to the right. Readable text includes the component labels and the KEY matter, useful for retrieval by architecture terms.



[1]
[SECTION]: Designing the Architecture > 5.4 Architectural Styles And Strategies > Peer-to-Peer
[CONTENT]: P2P networks are attractive because they scale up well. Although each added component increases demands on the system in the form of additional requests, it also increases the system's capabilities, in the form of new or replicated data and as additional server capacity. P2P networks are also highly tolerant of component and network failures, because data are replicated and distributed over multiple peers. Sidebar 5.4 describes the pros and cons of Napster's P2P architecture.


[2]
[SECTION]: Designing the Architecture > 5.4 Architectural Styles And Strategies > SIDEBAR 5.4 NAPSTER'S P2P ARCHITECTURE
[CONTENT]: N apster, the popular music-sharing system, uses a P2P architecture.Typically, the peers are users' desktop computer systems running general-purpose computing applications, such as electronic mail clients, word processors, Web browsers, and more. Many of these user systems do not have stable Internet protocol (IP) addresses, and they are not always available to the rest of the network. And most users are not sophisticated; they are more interested in content than in the network's configuration and protocols. Moreover, there is great variation in methods for accessing the network, from slow dial-up lines to fast broadband connections.
Napster's sophistication comes instead from its servers, which organize requests and manage content. The actual content is provided by users, in the form of files that are shared from peer to peer, and the sharing goes to other (anonymous) users, not to a centralized file server.
This type of architecture works well when the files are static (i.e., their content does not change often or at all), when file content or quality do not matter, and when the speed and reliability of sharing are not important. But if the file content changes frequently (e.g., stock prices or evaluations), sharing speed is key (e.g., large files are needed quickly), file quality is critical (e.g., photographs or video), or one peer needs to be able to trust another (e.g., the content is protected or contains valuable corporate information), then a P2P architecture may not be the best choice; a centralized server architecture may be more appropriate.


[3]
[SECTION]: Designing the Architecture > 5.5 Achieving Quality Attributes > Security
[CONTENT]: TCP/IP, introduced in 1973, cemented the notion of direct host-to-host communication, with the network handling the mechanics of guiding the packets to their destination. Most of the protocols created since then (HTTP , SMTP , DNS, etc.) build on the idea that a host that needs data connects directly to the host that has it, and that it is the network's task to enable this.The techniques used by P2P file-sharing networking systems are simply an evolution of these principles.
Although a P2P network has advantages such as replication and redundancy, the underlying design encourages data sharing even when the data are not intended for open view.
To see how, consider that a typical P2P network involves users who place shareable items in a designated folder.You may think that a careful user's files would be safe. But there are many ways that data are unintentionally shared:
 - The user accidentally shares files or folders containing sensitive information.
 - Files or data are misplaced.
 - The user interface may be confusing, so the user does not realize that a file is being shared.Good and Krekelberg (2003) found the KaZaA system to have this problem.
 - Files or data are poorly organized.
 - The user relies on software to recognize file or data types and make them available, and the software mistakenly includes a file or data that should have been protected.
 - Malicious software shares files or folders without the user's knowledge.
Indeed, Krebs (2008) describes how an investment firm employee used his company computer to participate in LimeWire, an online P2P file-sharing network for people trading in music and videos. In doing so, he inadvertently exposed his firm's private files. These files included the names, dates of birth, and Social Security numbers for 2000 of the firm's clients, among whom was a U.S. Supreme Court Justice! The head of Tiversa, the company hired to help contain the breach said, 'such breaches are hardly rare.About 40 to 60 percent of all data leaks take place outside of a company's secured network, usually as a result of employees or contractors installing file-sharing software on company computers' (Krebs 2008). Leaked often are files containing confidential company plans or  designs  for  new  products. So  architectural  considerations  should address both conventional and unconventional uses of the system being developed.
",2.357,5.576,0.9999999999,1.0,0.99999999995,0.6665905792333524,1.0,1
"What does a software engineer focus on, as opposed to investigating hardware design or proving algorithms?","a software engineer focuses on the computer as a problemsolving tool, rather than investigating hardware design or proving theorems about how algorithms work.","
[0]
[SECTION]: Why Software Engineering? > 1.1 What Is Software Engineering? > Where Does the Software Engineer Fit In?
[CONTENT]: To understand how a software engineer fits into the computer science world, let us look to another discipline for an example. Consider the study of chemistry and its use to solve problems. The chemist investigates chemicals: their structure, their interactions, and  the  theory  behind  their  behavior. Chemical  engineers  apply  the  results  of  the chemist's studies to a variety of problems. Chemistry as viewed by chemists is the object of study. On the other hand, for a chemical engineer, chemistry is a tool to be used to address a general problem (which may not even be 'chemical' in nature).
We can view computing in a similar light. We can concentrate on the computers and programming languages, or we can view them as tools to be used in designing and implementing a solution to a problem. Software engineering takes the latter view, as shown in  Figure  1.3. Instead  of  investigating  hardware  design  or  proving  theorems about how algorithms work,a software engineer focuses on the computer as a problemsolving tool. We will see later in this chapter that a software engineer works with the functions of a computer as part of a general solution, rather than with the structure or theory of the computer itself.


[1]
[SECTION]: The Future of Software Engineering > 14.4 The Professionalization Of Software Engineering: Licensing, Certification, And Ethics > Software Engineering Education
[CONTENT]: Software  engineering  courses  build  on  these  foundations  in  computing  and engineering, and introduce the concepts that we cover in this book, including requirements elicitation, software design principles, technical documentation, project management, testing, and verification. In addition, a software engineering curriculum is likely to  include  nontechnical  courses  in  communications, humanities, and  social  sciences. Software engineering projects tend to involve large numbers of people, so software engineers need to understand the dynamics of group interaction to know how to motivate individuals to pursue a common goal. They need to consider the impact of their technology on users and on society as a whole, and they may need to make decisions that take human and social values into account. They may also have to interact with specialists  from  other  disciplines  who  have  varied  levels  of  software  expertise. This work calls for strong communication, business, and reasoning skills.
As such, software engineering is more general, is more applied, and has a broader scope than computer science. At its core, computer science focuses on data, data transformation, and algorithms; advanced courses present designs and programming techniques for specific  application  domains. In  contrast, software  engineering  focuses  on building software products. It looks at all the activities involved in developing a software system from initial idea to final product. Moreover, software engineering design concepts tend  to  focus  on  general-purpose  design  principles, patterns, and  criteria; advanced courses present design and analysis techniques that scale to large software systems.


[2]
[SECTION]: Why Software Engineering? > 1.1 What Is Software Engineering?
[CONTENT]: As software engineers, we use our knowledge of computers and computing to help solve problems. Often the problem with which we are dealing is related to a computer or an existing computer system, but sometimes the difficulties underlying the problem have nothing to do with computers.Therefore, it is essential that we first understand the nature of the problem. In particular, we must be very careful not to impose computing machinery or techniques on every problem that comes our way. We must solve the problem first. Then, if need be, we can use technology as a tool to implement our solution. For the remainder of this book, we assume that our analysis has shown that some kind of computer system is necessary or desirable to solve a particular problem at hand.


[3]
[SECTION]: Why Software Engineering? > 1.2 How Successful Have We Been?
[CONTENT]: Writing software is an art as well as a science, and it is important for you as a student of computer science to understand why. Computer scientists and software engineering researchers study computer mechanisms and theorize about how to make them more productive or efficient. However, they also design computer systems and write programs to perform tasks on those systems, a practice that involves a great deal of art, ingenuity, and skill. There may be many ways to perform a particular task on a particular system, but some are better than others. One way may be more efficient, more precise, easier to modify, easier to use, or easier to understand. Any hacker can write code to make something work, but it takes the skill and understanding of a professional software engineer to produce code that is robust, easy to understand and maintain, and does its job in the most efficient and effective way possible. Consequently, software engineering is about designing and developing high-quality software.
Before we examine what is needed to produce quality software systems,let us look back to see how successful we have been. Are users happy with their existing software systems? Yes and no. Software has enabled us to perform tasks more quickly and effectively than ever before. Consider life before word processing, spreadsheets, electronic mail, or sophisticated telephony, for example.And software has supported life-sustaining or life-saving advances in medicine, agriculture, transportation, and most other industries. In addition, software has enabled us to do things that were never imagined in the past: microsurgery, multimedia education, robotics, and more.
However, software is not without its problems. Often systems function, but not exactly as expected.We all have heard stories of systems that just barely work.And we all have written faulty programs: code that contains mistakes, but is good enough for a passing grade or for demonstrating the feasibility of an approach. Clearly, such behavior is not acceptable when developing a system for delivery to a customer.
",1.618,4.214,0.9999999999,1.0,0.99999999995,0.9778199584263063,1.0,1
