question,response,retrieved_context,retrieve_time_sec,generate_time_sec
"According to IEEE Standard 729 terminology, what is a fault?","A fault occurs when a human makes a mistake, called an error , in performing some software activity.","
[0]
for example, a fault may occur when a variable is not initialized.A fault of commission is one that is incorrect; for example, the variable is initialized to the wrong value.

One of the key features of orthogonal defect classification is its orthogonality. That is, a  classification  scheme  is orthogonal if  any  item  being  classified  belongs  to exactly one category. In other words, we want to track the faults in our system in an unambiguous way, so that the summary information about the number of faults in each class is meaningful.We lose the meaning of the measurements if a fault might belong to more than one class. In the same way, the fault classification must be clear, so that any two developers are likely to classify a particular fault in the same way.

TABLE 8.1, 1 = IBMOrthogonal Defect Classification. FaultType, 1 = Meaning. Function, 1 = Fault that affects capability, end-user interfaces, product interfaces, interface with hardware architecture, or global data structure. Interface, 1 = Fault in interacting with other components or drivers via calls, macros, control blocks, or parameter lists. Checking, 1 = Fault in program logic that fails to validate data and values properly before they are used. Assignment, 1 = Fault in data structure or code block initialization. Timing/serialization, 1 = Fault that involves timing of shared and real-time resources. Build/package/merge, 1 = Fault that occurs because of problems in repositories,management changes, or version control. Documentation, 1 = Fault that affects publications and maintenance notes. Algorithm, 1 = Fault involving efficiency or correctness of algorithm or data structure but not design

## SIDEBAR 8.1 HEWLETT-PACKARD'S FAULT CLASSIFICATION

G rady  (1997)  describes  Hewlett-Packard's  approach  to  fault  classification. In  1986, Hewlett-Packard's Software Metrics Council identified several categories in which to track faults. The scheme grew to be the one depicted in Figure 8.1. The developers use this model by selecting three descriptors for each fault found: the origin of the fault (i.e., where the fault was injected in a


[1]
function, but not exactly as expected.We all have heard stories of systems that just barely work.And we all have written faulty programs: code that contains mistakes, but is good enough for a passing grade or for demonstrating the feasibility of an approach. Clearly, such behavior is not acceptable when developing a system for delivery to a customer.

There is an enormous difference between an error in a class project and one in a large software system. In fact, software faults and the difficulty in producing fault-free software are frequently discussed in the literature  and  in  the  hallways. Some  faults are merely annoying; others cost a great deal of time and money. Still others are lifethreatening. Sidebar 1.1 explains the relationships among faults, errors, and failures. Let us look at a few examples of failures to see what is going wrong and why.

## SIDEBAR 1.1 TERMINOLOGY FOR DESCRIBING BUGS

O ften, we talk about 'bugs'in software,meaning many things that depend on the context.A 'bug' can be a mistake in interpreting a requirement, a syntax error in a piece of code, or the (as-yet-unknown) cause of a system crash. The Institute of Electrical and Electronics Engineers (IEEE) has suggested a standard terminology (in IEEE Standard 729) for describing 'bugs' in our software products (IEEE 1983).

A fault occurs when a human makes a mistake, called an error , in performing some software activity. For example, a designer may misunderstand a requirement and create a design that does not match the actual intent of the requirements analyst and the user.This design fault is an encoding of the error, and it can lead to other faults, such as incorrect code and an incorrect description in a user manual.Thus, a single error can generate many faults, and a fault can reside in any development or maintenance product.

A failure is a departure from the system's required behavior. It can be discovered before or after system delivery, during testing, or during operation and maintenance. As we will see in Chapter 4, the requirements documents can contain faults. So a failure may indicate that the system is n


[2]
ossible to replicate a fault after it has occurred.

Throughput or performance faults occur when the system does not perform at the speed prescribed by the requirements. These are timing problems of a different sort: Time constraints are placed on the system's performance by the customer's requirements rather than by the need for coordination.

As we saw during design and programming, we take great care to ensure that the system can recover from a variety of failures. Recovery faults can occur when a failure is encountered and the system does not behave as the designers desire or as the customer requires. For example, if a power failure occurs during system processing, the system should recover in an acceptable manner, such as restoring all files to their state just prior to the failure. For some systems, such recovery may mean that the system will continue full processing by using a backup power source; for others, this recovery means that the system keeps a log of transactions, allowing it to continue processing whenever power is restored.

For many systems, some of the hardware and related system software are prescribed in the requirements, and the components are designed according to the specifications of the reused or purchased programs. For example, if a prescribed modem is used for communications, the modem driver generates the commands expected by the modem and reads commands received from the modem. However, hardware and system software faults can arise when the supplied hardware and system software do not actually work according to the documented operating conditions and procedures.

Finally, the code should be reviewed to confirm that organizational standards and procedures have been followed. Standards and procedure faults may not always affect the running of the programs, but they may foster an environment where faults are created as the system is tested and modified. By failing to follow the required standards, one programmer may make it difficult for another to understand the code's logic or to find the data descriptions needed for solving a problem.

## Orthogonal Defect Classificati
",2.348,11.433
"According to IEEE Standard 729 terminology, what is a failure?",A failure is a departure from the system's required behavior.,"
[0]
function, but not exactly as expected.We all have heard stories of systems that just barely work.And we all have written faulty programs: code that contains mistakes, but is good enough for a passing grade or for demonstrating the feasibility of an approach. Clearly, such behavior is not acceptable when developing a system for delivery to a customer.

There is an enormous difference between an error in a class project and one in a large software system. In fact, software faults and the difficulty in producing fault-free software are frequently discussed in the literature  and  in  the  hallways. Some  faults are merely annoying; others cost a great deal of time and money. Still others are lifethreatening. Sidebar 1.1 explains the relationships among faults, errors, and failures. Let us look at a few examples of failures to see what is going wrong and why.

## SIDEBAR 1.1 TERMINOLOGY FOR DESCRIBING BUGS

O ften, we talk about 'bugs'in software,meaning many things that depend on the context.A 'bug' can be a mistake in interpreting a requirement, a syntax error in a piece of code, or the (as-yet-unknown) cause of a system crash. The Institute of Electrical and Electronics Engineers (IEEE) has suggested a standard terminology (in IEEE Standard 729) for describing 'bugs' in our software products (IEEE 1983).

A fault occurs when a human makes a mistake, called an error , in performing some software activity. For example, a designer may misunderstand a requirement and create a design that does not match the actual intent of the requirements analyst and the user.This design fault is an encoding of the error, and it can lead to other faults, such as incorrect code and an incorrect description in a user manual.Thus, a single error can generate many faults, and a fault can reside in any development or maintenance product.

A failure is a departure from the system's required behavior. It can be discovered before or after system delivery, during testing, or during operation and maintenance. As we will see in Chapter 4, the requirements documents can contain faults. So a failure may indicate that the system is n


[1]
re is a departure from the system's required behavior. It can be discovered before or after system delivery, during testing, or during operation and maintenance. As we will see in Chapter 4, the requirements documents can contain faults. So a failure may indicate that the system is not performing as required, even though it may be performing as specified.

Thus, a  fault  is  an  inside  view  of  the  system, as  seen  by  the  eyes  of  the  developers, whereas a failure is an outside view: a problem that the user sees. Not every fault corresponds to a failure; for example, if faulty code is never executed or a particular state is never entered, then the fault will never cause the code to fail. Figure 1.4 shows the genesis of a failure.

FIGURE 1.4 How human error causes a failure.

In the early 1980s, the United States Internal Revenue Service (IRS) hired Sperry Corporation to build an automated federal income tax form processing system.According to the Washington Post, the 'system . . . proved inadequate to the workload, cost nearly twice what was expected and must be replaced soon' (Sawyer 1985). In 1985, an extra $90 million was needed to enhance the original $103 million worth of Sperry equipment.In addition, because the problem prevented the IRS from returning refunds to taxpayers by the deadline, the IRS was forced to pay $40.2 million in interest and $22.3 million in overtime wages for its employees who were trying to catch up. In 1996, the situation had not improved.The Los Angeles Times reported on March 29 that there was still no master plan for the modernization of IRS computers,only a 6000-page technical document. Congressman Jim Lightfoot called the project 'a $4-billion fiasco that is floundering because of inadequate planning' (Vartabedian 1996).

Situations such as these still occur. In the United States, the Federal Bureau of Investigation's (FBI's) Trilogy project attempted to upgrade the FBI's computer systems. The results were devastating:'After more than four years of hard work and half a billion dollars spent, however, Trilogy has had little impact on the FBI's antiquated ca


[2]
nsider failures that might be affected by design, operation, or even maintenance. We can use a set of guidewords to help us understand how the system might deviate from its intended behavior. Table 5.1 illustrates some of the guidewords  that  might  be  used; you  can  select  your  own  guidewords  or  checklists, based on your system's application domain.

Next, we build an upside-down tree whose root node is some failure that we want to analyze, and whose other nodes are events or faults that realize or lead to the root node's failure. The edges of the graph indicate the relationships among nodes. Parent nodes are drawn as logic gate operators: an and -gate if both of the child nodes' events must occur for the parent node's event to occur; an orgate if one child's event is sufficient to cause the parent's event. Sometimes, an edge is labeled n_of_m if the system

TABLE 5.1, 1 = Guidewords for Identifying Possible Failures. Guideword, 1 = Interpretation. no more less part of other than early late before after, 1 = No data or control signal was sent or received The volume of data is too much or too fast The volume of data is too low or too slow The data or control signal is incomplete The data or control signal has another component The signal arrives too early for the clock The signal arrives too late for the clock The signal arrives too early in the expected sequence The signal arrives too late in the expected sequence

FIGURE 5.11 Fault tree for a security breach.

includes m redundant components, where n faulty components lead to the designated failure. Each node represents an independent event; otherwise, the analysis results may be invalid, especially with respect to compound faults.

For example, consider the fault tree presented in Figure 5.11.The tree shows that a security breach could occur either if a previous logout is not recognized (leaving the previous user logged in) or an unauthorized user gains access to the system. For the latter to happen, both of two basic events must happen: a valid user's password is exposed, and the password is not changed between the time of the exposure a
",0.999,6.472
What is the purpose of McCall’s quality model?,The purpose of McCall’s quality model is to show how external quality factors relate to product quality criteria and to associate each criterion with a measurement that indicates the degree to which an element of quality is addressed.,"
[0]
an

FIGURE 1.5 McCall's quality model.

element of quality was addressed (McCall, Richards, and Walters 1977).We will examine several product quality models in Chapter 12.

## The Quality of the Process

There are many activities that affect the ultimate product quality; if any of the activities go awry, the product quality may suffer. For this reason, many software engineers feel that the quality of the development and maintenance process is as important as product quality. One of the advantages of modeling the process is that we can examine it and look for ways to improve it. For example, we can ask questions such as:

- Where and when are we likely to find a particular kind of fault?
- How can we find faults earlier in the development process?
- How can we build in fault tolerance so that we minimize the likelihood that a fault will become a failure?
- How can we design secure, high-quality systems?
- Are there alternative activities that can make our process more effective or efficient at ensuring quality?

These questions can be applied to the whole development process or to a subprocess, such as configuration management, reuse, or testing; we will investigate these processes in later chapters.

In the 1990s, there was a well-publicized focus on process modeling and process improvement  in  software  engineering. Inspired  by  the  work  of  Deming  and  Juran, and implemented by companies such as IBM, process guidelines such as the Capability

Maturity Model (CMM), ISO 9000, and Software Process Improvement and Capability dEtermination (SPICE) suggested that by improving the software development process, we can improve the quality of the resulting products.In Chapter 2,we will see how to identify relevant process activities and model their effects on intermediate and final products. Chapters 12 and 13 will examine process models and improvement frameworks in depth.

## Quality in the Context of the Business Environment

When the focus of quality assessment is on products and processes, we usually measure quality with mathematical expressions involving faults, failures, and timing. Rarely is t


[1]
use the importance of the characteristics depends on who is analyzing the software. Users judge software to be of high quality if it does what they want in a way that is easy to learn and easy to use. However, sometimes quality and functionality are intertwined; if something is hard to learn or use but its functionality is worth the trouble, then it is still considered to have high quality.

We try  to  measure  software  quality  so  that  we  can  compare  one  product  with another. To do so, we identify those aspects of the system that contribute to its overall quality. Thus, when measuring software quality, users assess such external characteristics as the number of failures and type of failures. For example, they may define failures as minor,major,and catastrophic,and hope that any failures that occur are only minor ones.

The software must also be judged by those who are designing and writing the code and by those who must maintain the programs after they are written.These practitioners tend to look at internal characteristics of the products, sometimes even before the product is delivered to the user. In particular, practitioners often look at numbers and types of faults for evidence of a product's quality (or lack of it). For example, developers track the number of faults found in requirements, design, and code inspections and use them as indicators of the likely quality of the final product.

For this reason, we often build models to relate the user's external view to the developer's internal view of the software. Figure 1.5 is an example of an early quality model built by McCall and his colleagues to show how external quality factors (on the left-hand side) relate to product quality criteria (on the right-hand side). McCall associated each right-hand criterion with a measurement to indicate the degree to which an

FIGURE 1.5 McCall's quality model.

element of quality was addressed (McCall, Richards, and Walters 1977).We will examine several product quality models in Chapter 12.

## The Quality of the Process

There are many activities that affect the ultimate product quality; if any of t


[2]
rrelation between modularity and development costs, modularity may not be the only factor determining development cost. It is tempting to measure what is available and easy to measure, but as scientists, we must build models and capture complex relationships.

Courtney and Gustafson (1993) present a compelling statistical reason why we must be wary of the correlation approach. Unstructured correlation studies can identify spurious associations. For example, with a 0.05 significance level, we can expect a significant but spurious correlation 1 in 20 times by chance. So if we have 5 independent variables and look at the 10 possible pairwise correlations between them, there is a 0.5 probability of getting a spurious correlation! In situations like this, with no hypothesis about the reason for a relationship, we have no real confidence that the relationship is not spurious.

## 12.4 EVALUATING PRODUCTS

We have seen that software development produces a large number of artifacts: requirements, designs, code components, test cases, test scripts, user guides, cross-references, and more.In each case, we can examine a product to determine if it has desirable attributes.That is, we can ask whether a document, file, or system has certain properties, such as completeness, consistency, reliability, or maintainability. And we can use the notions of quality, such as the McCall model introduced in Chapter 1, to provide a framework for our questions.

## Product Quality Models

There are several quality models that suggest ways to tie together different quality attributes. Each model helps us to understand how the several facets contribute to the whole. Often, we narrow our focus and think only about faults and failures; these models show us that quality is much broader.When we evaluate the quality of development products, we must see this bigger picture.

Boehm's Model. There are many software quality models, and Boehm and colleagues have constructed one of the best-known, shown in Figure 12.2. It is similar to McCall's in that it presents a hierarchy of characteristics, each of which contributes to overall quality
",0.323,4.122
"What does a software engineer focus on, as opposed to investigating hardware design or proving algorithms?","Instead of investigating hardware design or proving theorems about how algorithms work, a software engineer focuses on the computer as a problem-solving tool.","
[0]
scope than computer science. At its core, computer science focuses on data, data transformation, and algorithms; advanced courses present designs and programming techniques for specific  application  domains. In  contrast, software  engineering  focuses  on building software products. It looks at all the activities involved in developing a software

system from initial idea to final product. Moreover, software engineering design concepts tend  to  focus  on  general-purpose  design  principles, patterns, and  criteria; advanced courses present design and analysis techniques that scale to large software systems.

Although it is tempting to try to classify software engineering as just another branch of engineering, this 'natural' mapping has a fatal flaw: whereas most engineers produce physical artifacts that are deployed in the real world and obey physical laws, software engineers produce software artifacts that are deployed on computers (which are artificial  worlds)  and  obey  the  laws  and  limits  of  computing. Most  noticeably, a physical artifact has continuous behavior, which means that we can test the product in one situation and extrapolate how it will behave in related situations. Software artifacts cannot  exhibit  continuous  behavior, which  means  that  similar  inputs  may  result  in wildly  different  output  values. Also, software  is  implemented  using  discrete-valued variables, and  the  imprecision  introduced  by  such  variables  can  accumulate  in  long computations.'Off by one' errors in other engineering disciplines are inconsequential, but such errors in software are disastrous. Thus, many of the traditional modeling and evaluation techniques in the engineer's standard toolkit are inappropriate for software. Software's flexibility and malleability belie its complexity; even small changes can have large effects, so design and testing are often far more difficult than in other engineering domains.

A software engineering undergraduate education cannot be completely comprehensive, because there are more courses needed than are possible in a four-year curriculum. Ideally,


[1]
at it is fit for use
- Consideration of nonfunctional properties, such as performance, maintainability, usability, economy, and time-to-market, that often determine whether a software product is acceptable

A traditional engineering education also includes a solid foundation in mathematics and science and an exposure to other engineering disciplines. Engineers use mathematics to model and analyze their designs. A science background is important because engineers must understand how to react to and control the physical world. Exposure to other engineering disciplines helps an engineer to understand and work more effectively with engineers from other disciplines, and to build components that interoperate better with other engineered components.

Software  engineering  courses  build  on  these  foundations  in  computing  and engineering, and introduce the concepts that we cover in this book, including requirements elicitation, software design principles, technical documentation, project management, testing, and verification. In addition, a software engineering curriculum is likely to  include  nontechnical  courses  in  communications, humanities, and  social  sciences. Software engineering projects tend to involve large numbers of people, so software engineers need to understand the dynamics of group interaction to know how to motivate individuals to pursue a common goal. They need to consider the impact of their technology on users and on society as a whole, and they may need to make decisions that take human and social values into account. They may also have to interact with specialists  from  other  disciplines  who  have  varied  levels  of  software  expertise. This work calls for strong communication, business, and reasoning skills.

As such, software engineering is more general, is more applied, and has a broader scope than computer science. At its core, computer science focuses on data, data transformation, and algorithms; advanced courses present designs and programming techniques for specific  application  domains. In  contrast, software  engineering  focuses  on building software products


[2]
ges, and there may be situations when one is more appropriate than another.

Software engineers use tools, techniques, procedures, and paradigms to enhance the  quality  of  their  software  products. Their  aim  is  to  use  efficient  and  productive approaches to generate effective solutions to problems. In the chapters that follow, we will  highlight particular approaches that support the development and maintenance activities we describe. An up-to-date set of pointers to tools and techniques is listed in this book's associated home page on the World Wide Web.

## Where Does the Software Engineer Fit In?

To understand how a software engineer fits into the computer science world, let us look to another discipline for an example. Consider the study of chemistry and its use to solve problems. The chemist investigates chemicals: their structure, their interactions, and  the  theory  behind  their  behavior. Chemical  engineers  apply  the  results  of  the chemist's studies to a variety of problems. Chemistry as viewed by chemists is the object of study. On the other hand, for a chemical engineer, chemistry is a tool to be used to address a general problem (which may not even be 'chemical' in nature).

We can view computing in a similar light. We can concentrate on the computers and programming languages, or we can view them as tools to be used in designing and implementing a solution to a problem. Software engineering takes the latter view, as shown in  Figure  1.3. Instead  of  investigating  hardware  design  or  proving  theorems about how algorithms work,a software engineer focuses on the computer as a problemsolving tool. We will see later in this chapter that a software engineer works with the

FIGURE 1.3 The relationship between computer science and software engineering.

functions of a computer as part of a general solution, rather than with the structure or theory of the computer itself.

## 1.2 HOW SUCCESSFUL HAVE WE BEEN?

Writing software is an art as well as a science, and it is important for you as a student of computer science to understand why. Computer scientists and software engi
",0.415,3.937
What is an abstraction?,An abstraction is a model or representation that omits some details so that it can focus on other details.,"
[0]
rent  purposes, omit  different  kinds  of details. For this reason, it may be easier to understand the general notion of abstraction by reviewing the types of abstractions we have encountered already.

We  discussed  decomposition  in  Chapter  5. Figure  5.5  was  an  example  of  a decomposition hierarchy : a frequently used form of abstraction in which the system is divided into subsystems, which in turn are divided into sub-subsystems, and so on. The top level of the decomposition provides a system-level overview of the solution, hiding details that might otherwise distract us from the design functions and features we want to study and understand.As we move to lower levels of abstraction, we find more detail about each software unit, in terms of its major elements and the relations among those elements. In this way, each level of abstraction hides information about how its elements  are  further  decomposed. Instead, each  element  is  described  by  an interface specification , another type of abstraction that focuses on the element's external behaviors and avoids any reference to the element's internal design details; those details are revealed in models at the next level of decomposition.

As we saw in Chapter 5, there may not be a single decomposition of the system. Rather, we  may  create  several  decompositions  that  show  different  structures. For instance, one view may show the system's different runtime processes and their interconnections, and another view may show the system's decomposition into code units. Each of these views is an abstraction that highlights one aspect of the system's structural  design  (e.g., runtime  processes)  and  ignores  other  structural  information  (e.g., code units) and nonstructural details.

A fourth type of abstraction is the virtual machine , such as that in a layered architecture. Each layer i in the architecture uses the services provided by the layer i -1 below it, to create more powerful and reliable services, which it then offers to the layer i + 1 above it. Recall that in a true layered architecture, a layer can access only those services


[1]
the new units has no dependencies (e.g., unit B2 in Figure 6.9(b)) and the other has no dependents (e.g., unit B1 in Figure 6.9(b)). Sandwiching can be applied more than once, to  break  either  mutual  dependencies  in  tightly  coupled  units  or  long  dependency chains. Figure 6.9(c) shows the results of applying sandwiching twice, once to unit A and  once  to  unit  B, to  transform  a  dependency  loop  into  two  shorter  dependency chains. Of  course, sandwiching  works  only  if  a  unit's  data  and  functionality  can  be cleanly partitioned, which is not always the case. In the next section, we explore a more sophisticated  technique, called dependency inversion , that  uses  OO  technologies  to reverse the direction of dependency between two units, thereby breaking the cycle.

The best uses graph has a tree structure or is a forest of tree structures. In such a structure, every subtree is a subset of our system, so we can incrementally develop our system one software unit at a time. Each completed unit is a correct implementation of part of our system. Each increment is easier to test and correct because faults are more likely to be found in the new code, not in the called units that have already been tested and deemed correct. In addition, we always have a working version of a system subset to demonstrate to our customer. Moreover, morale among developers is high, because they  frequently  make  visible  progress  on  the  system  (Brooks  1995). Contrast  these advantages of incremental development to its alternative, in which nothing works until everything works.

## Abstraction

An abstraction is a model or representation that omits some details so that it can focus on other details. The definition is vague about which details are left out of a model,

because  different  abstractions, built  for  different  purposes, omit  different  kinds  of details. For this reason, it may be easier to understand the general notion of abstraction by reviewing the types of abstractions we have encountered already.

We  discussed  decomposition  in  Chapter  5. Figure  5.5  was  an  example  of


[2]
d architecture. Each layer i in the architecture uses the services provided by the layer i -1 below it, to create more powerful and reliable services, which it then offers to the layer i + 1 above it. Recall that in a true layered architecture, a layer can access only those services offered by the layer directly below it, and cannot access the services of lowerlevel layers (and certainly not the services of the higher-level layers).As such, layer i is a virtual machine that abstracts away the details of the lower-level layers and presents only its services to the next layer; the guiding design principle is that layer i 's services are improvements over the lower-layers' services and thus supersede them.

The key to writing good abstractions is determining, for a particular model, which details  are  extraneous  and  can  therefore  be  ignored. The  nature  of  the  abstraction depends on why we are building the model in the first place: what information we want to communicate, or what analysis we want to perform. Sidebar 6.3 illustrates how we can model different abstractions of an algorithm for different purposes.

## Generality

Recall from Chapter 1 that one of Wasserman's principles of software engineering is reusability : creating software units that may be used again in future software products. The  goal  is  to  amortize  the  cost  of  developing  the  unit  by  using  it  multiple  times. ( Amortization means that we consider the cost of a software unit in terms of its cost per use  rather  than  associate  the  full  cost  with  the  project  that  developed  the  unit.) Generality is the design principle that makes a software unit as universally applicable as possible, to increase the chance that it will be useful in some future system.We make

## SIDEBAR 6.3 USING ABSTRACTION

W e  can  use  abstraction  to  view  different  aspects  of  our  design. Suppose  that  one  of the system functions is to sort the elements of a list L. The initial description of the design is

Sort L in nondecreasing order

The next level of abstraction may be a particular algorithm:

```
DO WHILE I is betwe
",0.331,3.23
What does a process prescribe?,The process prescribes all of the major process activities.,"
[0]
differences in the way people prefer to do things; for instance, he may write his instructions so that Sara can lay bricks whether she is right- or left-handed. Similarly, a software development process can be described in flexible ways that allow people to design and build software using  preferred  techniques  and  tools; a  process  model  may  require  design  to  occur before coding, but may allow many different design techniques to be used. For this reason, the process helps to maintain a level of consistency and quality in products or services that are produced by many different people.

A process is more than a procedure.We saw in Chapter 1 that a procedure is like a recipe: a structured way of combining tools and techniques to produce a product. A process is a collection of procedures, organized so that we build products to satisfy a set of goals or standards. In fact, the process may suggest that we choose from several procedures, as long as the goal we are addressing is met. For instance, the process may require that we check our design components before coding begins. The checking can be done using informal reviews or formal inspections, each an activity with its own procedure, but both addressing the same goal.

The process structure guides our actions by allowing us to examine, understand, control, and improve the activities that comprise the process. To see how, consider the process of making chocolate cake with chocolate icing.The process may contain several procedures, such as buying the ingredients and finding the appropriate cooking utensils.

The recipe describes the procedure for actually mixing and baking the cake. The recipe contains activities (such as 'beat the egg before mixing with other ingredients'), constraints  (such  as  the  temperature  requirement  in 'heat  the  chocolate  to  the  melting point before combining with the sugar'), and resources (such as sugar, flour, eggs, and chocolate). Suppose Chuck bakes a chocolate cake according to this recipe. When the cake is done, he tastes a sample and decides that the cake is too sweet. He looks at the recipe  to  see  w


[1]
s that produce an intended output of some kind.

A process usually involves a set of tools and techniques, as we defined them in Chapter 1.Any process has the following characteristics:

- The process prescribes all of the major process activities.
- The process uses resources, subject to a set of constraints (such as a schedule), and produces intermediate and final products.
- The process may be composed of subprocesses that are linked in some way. The process may be defined as a hierarchy of processes, organized so that each subprocess has its own process model.
- Each process activity has entry and exit criteria, so that we know when the activity begins and ends.
- The activities are organized in a sequence, so that it is clear when one activity is performed relative to the other activities.
- Every process has a set of guiding principles that explain the goals of each activity.
- Constraints  or  controls  may  apply  to  an  activity, resource, or  product. For example, the budget or schedule may constrain the length of time an activity may take or a tool may limit the way in which a resource may be used.

When the process involves the building of some product, we sometimes refer to the process as a life cycle . Thus, the software development process is sometimes called the software life cycle , because it describes the life of a software product from its conception to its implementation, delivery, use, and maintenance.

Processes are important because they impose consistency and structure on a set of activities. These characteristics are useful when we know how to do something well and we want to ensure that others do it the same way. For example, if Sam is a good bricklayer, he may write down a description of the bricklaying process he uses so that Sara can learn how to do it as well. He may take into account the differences in the way people prefer to do things; for instance, he may write his instructions so that Sara can lay bricks whether she is right- or left-handed. Similarly, a software development process can be described in flexible ways that allow people to design and build software


[2]
ting point before combining with the sugar'), and resources (such as sugar, flour, eggs, and chocolate). Suppose Chuck bakes a chocolate cake according to this recipe. When the cake is done, he tastes a sample and decides that the cake is too sweet. He looks at the recipe  to  see  which  ingredient  contributes  to  the  sweetness: sugar. Then, he  bakes another cake, but this time he reduces the amount of sugar in the new recipe. Again he tastes the cake, but now it does not have enough chocolate flavor. He adds a measure of cocoa powder to his second revision and tries again. After several iterations, each time changing an ingredient or an activity (such as baking the cake longer, or letting the chocolate mixture cool before combining with the egg mixture), Chuck arrives at a cake to his liking. Without the recipe to document this part of the process, Chuck would not have been able to make changes easily and evaluate the results.

Processes are also important for enabling us to capture our experiences and pass them along to others.Just as master chefs pass on their favorite recipes to their colleagues and friends, master craftspeople can pass along documented processes and procedures. Indeed, the notions of apprenticeship and mentoring are based on the idea that we share our experience so we can pass down our skills from senior people to junior ones.

In the same way, we want to learn from our past development projects, document the practices that work best to produce high-quality software, and follow a software development process so we can understand, control, and improve what happens as we build products for our customers.We saw in Chapter 1 that software development usually involves the following stages:

- requirements analysis and definition
- system design
- program design
- writing the programs (program implementation)
- unit testing
- integration testing
- system testing
- system delivery
- maintenance

Each stage is itself a process (or collection of processes) that can be described as a set  of  activities. And  each  activity  involves  constraints, outputs, and  resources. For exampl
",0.345,2.764
What does prototyping mean in the context of user interface prototyping?,"Prototyping means building a small version of a system, usually with limited functionality, that can be used to help the user or customer identify the key requirements of a system and demonstrate the feasibility of a design or approach.","
[0]
ystem and to solicit feedback from potential users about what aspects they would like to see improved, which features are not so useful, or what functionality is missing. Building a prototype can also help us determine whether the customer's problem has a feasible solution, or assist us in exploring options for optimizing quality requirements.

To see how prototyping works, suppose we are building a tool to track how much a user exercises each day. Our customers are exercise physiologists and trainers, and their clients will be the users. The tool will help the physiologists and trainers to work with their clients and to track their clients' training progress.The tool's user interface is important, because  the  users  may  not  be  familiar  with  computers. For  example, in entering information about their exercise routines, the users will need to enter the date for each routine. The trainers are not sure what this interface should look like, so we build a quick prototype to demonstrate the possibilities. Figure 4.23 shows a first prototype, in which the user must type the day, month, and year. A more interesting and sophisticated  interface  involves  a  calendar  (see  Figure  4.24), where  the  user  uses  a mouse to select the month and year, the system displays the chart for that month, and the  user  selects  the  appropriate  day  in  the  chart. A  third  alternative  is  depicted  in Figure 4.25, in which, instead of a calendar, the user is presented with three slider bars. As the user then uses the mouse to slide each bar left or right, the box at the bottom of the screen changes to show the selected day, month, and year. This third interface may provide the fastest selection, even though it may be very different from what the users are accustomed to seeing. In this example, prototyping helps us to select the right 'look

and feel' for the user's interaction with the proposed system. The prototype interfaces would be difficult to describe in words or symbols, and they demonstrate how some types of requirements are better represented as pictures or prototypes.

There are two approaches to


[1]
right 'look

and feel' for the user's interaction with the proposed system. The prototype interfaces would be difficult to describe in words or symbols, and they demonstrate how some types of requirements are better represented as pictures or prototypes.

There are two approaches to prototyping: throwaway and evolutionary. A throwaway prototype is software that is developed to learn more about a problem or about a proposed solution, and that is never intended to be part of the delivered software. This approach allows us to write 'quick-and-dirty' software that is poorly structured, inefficient, with no error checking-that, in fact, may be a facade that does not implement any of the desired functionality-but that gets quickly to the heart of questions we have about the problem or about a proposed solution. Once our questions are answered, we throw away the prototype software and start engineering the software that will be delivered. In contrast, an evolutionary prototype is software that is developed not only to help us answer questions but also to be incorporated into the final

product. As such, we have to be much more careful in its development, because this software has to eventually exhibit the quality requirements (e.g., response rate, modularity) of the final product, and these qualities cannot be retrofitted.

Both techniques are sometimes called rapid prototyping , because they involve building  software  in  order  to  answer  questions  about  the requirements . The  term 'rapid'distinguishes software prototyping from that in other engineering disciplines, in which a prototype is typically a complete solution, like a prototype car or plane that is built manually according to an already approved design. The purpose of such a prototype is to test the design and product before automating or optimizing the manufacturing step for mass production. In contrast, a rapid prototype is a partial solution that is built to help us understand the requirements or to evaluate design alternatives.

Questions about the requirements can be explored via either modeling or prototyping. Whether one approach is


[2]
oblems of software engineering today.

Analysis and design methods offer us more than a communication medium.They allow us to build models and check them for completeness and consistency. Moreover, we can more readily reuse requirements and design components from previous projects, increasing our productivity and quality with relative ease.

But there are many open questions to be resolved before we can settle on a common set of methods and tools.As we will see in later chapters, different tools and techniques address different aspects of a problem, and we need to identify the modeling primitives that will allow us to capture all the important aspects of a problem with a single technique. Or we need to develop a representation technique that can be used with all methods, possibly tailored in some way.

User Interface Prototyping. Prototyping means building a small version of a system, usually with limited functionality, that can be used to

- help the user or customer identify the key requirements of a system
- demonstrate the feasibility of a design or approach

Often, the prototyping process is iterative: We build a prototype, evaluate it (with user and customer feedback), consider how changes might improve the product or design, and then build another prototype.The iteration ends when we and our customers think we have a satisfactory solution to the problem at hand.

Prototyping is often used to design a good user interface : the part of the system with which the user interacts. However, there are other opportunities for using prototypes, even in embedded systems (i.e., in systems where the software functions are not explicitly visible to the user). The prototype can show the user what functions will be available, regardless of whether they are implemented in software or hardware. Since the user interface is, in a sense, a bridge between the application domain and the software

development team, prototyping can bring to the surface issues and assumptions that may not have been clear using other approaches to requirements analysis.We will consider the role of user interface prototyping in Chapters
",0.387,6.582
How does incremental development build up a system?,"In incremental development , the system as specified in the requirements  documents  is  partitioned  into  subsystems  by  functionality. The  releases  are defined by beginning with one small,functional subsystem and then adding functionality with each new release.","
[0]
omer and user;the development system is the next version that is being prepared to replace the current production system. Often, we refer to the systems in terms of their release numbers: the developers build Release 1, test it, and turn it over to the users as the first operational release.Then, as the users use Release 1, the developers are building Release 2.Thus, the developers are always working on Release n + 1 while Release n is operational.

There are many ways for the developers to decide how to organize development into releases.The two most popular approaches are incremental development and iterative development. In incremental development , the system as specified in the requirements  documents  is  partitioned  into  subsystems  by  functionality. The  releases  are defined by beginning with one small,functional subsystem and then adding functionality

FIGURE 2.8 The phased-development model.

FIGURE 2.9 The incremental and iterative models.

with each new release.The top of Figure 2.9 shows how incremental development slowly builds up to full functionality with each new release.

However, iterative development delivers a full system at the very beginning and then changes the functionality of each subsystem with each new release.The bottom of Figure 2.9 illustrates three releases in an iterative development.

To understand the difference between incremental and iterative development, consider a word processing package. Suppose the package is to deliver three types of functionality: creating text, organizing text (i.e., cutting and pasting), and formatting text (such as using different type sizes and styles). To build such a system using incremental development, we might provide only the creation functions in Release 1, then both creation and organization in Release 2, and finally creation, organization, and formatting in Release 3. However, using iterative development, we would provide primitive forms of all three types of functionality in Release 1. For example, we can create text and then cut and paste it, but the cutting and pasting functions might be clumsy or slow. So  in  the  nex


[1]
formatting in Release 3. However, using iterative development, we would provide primitive forms of all three types of functionality in Release 1. For example, we can create text and then cut and paste it, but the cutting and pasting functions might be clumsy or slow. So  in  the  next  iteration, Release  2, we  have  the  same  functionality, but  have enhanced  the  quality; now  cutting  and  pasting  are  easy  and  quick. Each  release improves on the previous ones in some way.

In  reality, many  organizations  use  a  combination  of  iterative  and  incremental development. A new release may include new functionality, but existing functionality from the current release may have been enhanced.These forms of phased development are desirable for several reasons:

1. Training can begin on an early release, even if some functions are missing. The training process allows developers to observe how certain functions are executed, suggesting enhancements for later releases. In this way, the developers can be very responsive to the users.
2. Markets can be created early for functionality that has never before been offered.
3. Frequent releases allow developers to fix unanticipated problems globally and quickly, as they are reported from the operational system.
4. The development team can focus on different areas of expertise with different releases. For instance, one release can change the system from a command-driven

## Spiral Model

Boehm (1988) viewed the software development process in light of the risks involved, suggesting that a spiral model could combine development activities with risk management to minimize and control risk. The spiral model, shown in Figure 2.10, is in some sense like the iterative development shown in Figure 2.9. Beginning with the requirements and an initial plan for development (including a budget, constraints, and alternatives for staffing, design, and development environment), the process inserts a step to evaluate risks and prototype alternatives before a 'concept of operations' document is produced to describe at a high level how the system should work. From that do


[2]
some automated record keeping.The second phase adds several automated functions to the first phase, but half of the control room functions are still manual. Successive phases continue to automate selected functions, building on the previous phases until all functions are automated.By expanding the automated system in this way,we allow plant operators slowly to become accustomed to and feel comfortable with the new system.

At any point during the phased development, the plant operators are using the fully tested production system. At the same time, we are working on the next phase, testing the development system. When the development system is completely tested and ready for use by the plant operators, it becomes the production system (i.e., it is used by the plant operators) and we move on to the next phase. When working on the development system, we add functions to the current production or operational system to form the new development system.

While a system is in production, problems may occur and be reported to us.Thus, a development system often serves two purposes: it adds the functionality of the next phase, and it corrects the problems found in previous versions. A development system can therefore involve adding new components as well as changing existing ones. However, this procedure allows faults to be introduced to components that have already been tested.When we write a build plan and test plans, we should address this situation and  consider  the  need  for  controlling  changes  implemented  from  one  version  and release to the next.Additional testing can make sure that the development system performs at least as well as the current production system. However, records must be kept

of the exact changes made to the code from one version to the next, so that we can trace problems to their source. For example, if a user on the production system reports a problem, we must know what version and release of the code are being used.The code may differ dramatically from one version to another. If we work with the wrong listing, we may never locate the problem's cause. Worse yet, we may th
",0.307,5.083
What four characteristics of agility are emphasized by proponents of extreme programming (XP)?,"Proponents of XP emphasize four characteristics of agility: communication, simplicity, courage, and feedback.","
[0]
s to provide the features. Iteration is important, so redoing is as critical is doing; change is embraced, so that a change is viewed not as a correction but as an adjustment to the realities of software development. Fixed delivery times force developers to scope down the requirements essential for each version produced. At the same time, risk is embraced, so that the developers tackle the hardest problems first.

Often, the phrase 'extreme programming' is used to describe the more general concept of agile methods. In fact, XP is a particular form of agile process, with guiding principles that reflect the more general tenets of the agile manifesto. Proponents of XP emphasize four characteristics of agility: communication, simplicity, courage, and feedback. Communication involves  the  continual  interchange  between  customers  and developers. Simplicity encourages developers to select the simplest design or implementation to address the needs of their customers. Courage is described by XP creators as commitment to delivering functionality early and often. Feedback loops are built into the various activities during the development process. For example, programmers work together to give each other feedback on the best way to implement a design, and customers work with developers to perform planning exercises.

These characteristics are embedded in what are known as the twelve facets of XP .

- The planning game: In this aspect of XP , the customer, who is on-site, defines what is meant by 'value,' so that each requirement can be assessed according to how much value is added by implementing it. The users write stories about how the system should work, and the developers then estimate the resources necessary to realize the stories. The stories describe the actors and actions involved, much like the use cases we define in more detail in Chapters 4 and 6. Each story relates one requirement; two or three sentences are all that is needed to explain the value of the requirement in sufficient detail for the developer to specify test cases and estimate resources for implementing the requirement. Once the stor


[1]
modules have been unit-tested.
- Collective ownership: In XP, any developer can make a change to any part of the system as it is being developed. In Chapter 11, we will address the difficulties in managing change, including the errors introduced when two people try to change the same module simultaneously.
- Continuous integration: Delivering functionality quickly means that working systems  can  be  promised  to  the  customer  daily  and  sometimes  even  hourly. The

emphasis is on small increments or improvements rather than on grand leaps from one revision to the next.

- Sustainable pace: XP's emphasis on people includes acknowledging that fatigue can produce errors. So proponents of XP suggest a goal of 40 hours for each work week; pushing developers to devote heroic amounts of time to meeting deadlines is  a  signal  that  the  deadlines  are  unreasonable  or  that  there  are  insufficient resources for meeting them.
- On-site customer: Ideally, a customer should be present on-site, working with the developers to determine requirements and providing feedback about how to test them.
- Coding standards: Many observers think of XP and other agile methods as providing an unconstrained environment where anything goes. But in fact XP advocates clear definition of coding standards, to encourage teams to be able to understand and change each other's work. These standards support other practices, such as testing and refactoring. The result should be a body of code that appears to have been written by one person, and is consistent in its approach and expression.

Extreme programming and agile methods are relatively new.The body of evidence for its effectiveness is small but growing. We will revisit many agile methods and concepts, and their empirical evaluation, in later chapters, as we discuss their related activities.

The process models presented in this chapter are only a few of those that are used or discussed. Other process models can be defined and tailored to the needs of the user, customer,and developer.As Sidebar 2.3 notes,we should really capture the development process as a collection o


[2]
mpose a regulation or standard that affects the software's design or requirements. It is thought  that  by  building  flexibility  into  the  development  process, agile  methods  can enable customers to add or change requirements late in the development cycle.

There are  many  examples  of  agile  processes  in  the  current  literature. Each  is based on a set of principles that implement the tenets of the agile manifesto. Examples include the following.

- Extreme programming (XP), described in detail below, is a set of techniques for leveraging the creativity of developers and minimizing the amount of administrative overhead.
- Crystal is a collection of approaches based on the notion that every project needs a different set of policies, conventions, and methodologies. Cockburn (2002), the creator of Crystal, believes that people have a major influence on software quality, and thus the quality of projects and processes improves as the quality of the

- people involved improves. Productivity increases through better communication and frequent delivery, because there is less need for intermediate work products.
- Scrum was created at Object Technology in 1994 and was subsequently commercialized  by  Schwaber  and  Beedle  (2002). It  uses  iterative  development, where each 30-day iteration is called a 'sprint,' to implement the product's backlog of prioritized requirements. Multiple self-organizing and autonomous teams implement product increments in parallel. Coordination is done at a brief daily status meeting called a 'scrum' (as in rugby).
- Adaptive software development (ASD) has six basic principles.There is a mission that acts as a guideline, setting out the destination but not prescribing how to get there. Features are viewed as the crux of customer value, so the project is organized around building components to provide the features. Iteration is important, so redoing is as critical is doing; change is embraced, so that a change is viewed not as a correction but as an adjustment to the realities of software development. Fixed delivery times force developers to scope down the requirement
",0.471,3.734
What does refactoring refer to in extreme programming?,The chatbot can't answer this question. Please try again with another question.,"
[0]
s to provide the features. Iteration is important, so redoing is as critical is doing; change is embraced, so that a change is viewed not as a correction but as an adjustment to the realities of software development. Fixed delivery times force developers to scope down the requirements essential for each version produced. At the same time, risk is embraced, so that the developers tackle the hardest problems first.

Often, the phrase 'extreme programming' is used to describe the more general concept of agile methods. In fact, XP is a particular form of agile process, with guiding principles that reflect the more general tenets of the agile manifesto. Proponents of XP emphasize four characteristics of agility: communication, simplicity, courage, and feedback. Communication involves  the  continual  interchange  between  customers  and developers. Simplicity encourages developers to select the simplest design or implementation to address the needs of their customers. Courage is described by XP creators as commitment to delivering functionality early and often. Feedback loops are built into the various activities during the development process. For example, programmers work together to give each other feedback on the best way to implement a design, and customers work with developers to perform planning exercises.

These characteristics are embedded in what are known as the twelve facets of XP .

- The planning game: In this aspect of XP , the customer, who is on-site, defines what is meant by 'value,' so that each requirement can be assessed according to how much value is added by implementing it. The users write stories about how the system should work, and the developers then estimate the resources necessary to realize the stories. The stories describe the actors and actions involved, much like the use cases we define in more detail in Chapters 4 and 6. Each story relates one requirement; two or three sentences are all that is needed to explain the value of the requirement in sufficient detail for the developer to specify test cases and estimate resources for implementing the requirement. Once the stor


[1]
t are the key definitions? Can the problem be generalized or made more specific to make it more tractable? Can simplifying assumptions be made?
- Decomposing the problem: What are the essential elements of the problem? Can the data be partitioned into categories, so that each category can be processed separately?

Perkins  (2001)  suggests  ways  to  brainstorm  and  arrive  at  what  he  calls  the 'Eureka' effect: recognizing the best solution. He wants us to rove through many different possibilities, stretching our minds to think even of implausible scenarios.We can also look for subtle clues that signal anomalies-reasons that a possible solution will

not work. In addition to reframing the problem, Perkins suggests 'decentering' from current fixations by examining every assumption and attitude. He tells us to think of creativity as a sophisticated form of questioning everything; we use our creativity to question proposed solutions and to find a better solution to our problem.

Once the plan of attack is chosen, Polyà tells us to carry it out. Step by step, we must verify that the solution-in our case our program-is correct. If necessary, we can use some of the techniques presented in Chapters 8 and 9 to evaluate each step, making sure that each logical statement follows from previous steps.When the solution is done, we look back and examine it, revisiting each part of the argument.At the same time, we evaluate the solution for its applicability to other situations. Is the solution reusable? Can it be used to solve a different problem? Should it become the basis for a pattern?

Any programming process that encourages these steps can enhance the speed at which we find a good solution. Libraries of programs, good documentation, and automated tools support a good process.As we will see in later chapters, reuse repositories, change management, and post-mortems also improve the process, particularly by analyzing our successes and failures and by encoding in our products and processes the recommendations from our analyses, so that programming is easier the next time around.

## Extreme Programming

In


[2]
es, change management, and post-mortems also improve the process, particularly by analyzing our successes and failures and by encoding in our products and processes the recommendations from our analyses, so that programming is easier the next time around.

## Extreme Programming

In Chapter 2, we learned about agile methods and the related philosophy of programming, called extreme programming. In extreme programming, there are two types of participants: customers and programmers. Customers represent the users of the eventual system. In this role, they perform the following activities:

- Define  the  features  that  the  programmers  will  implement, using  stories  to describe the way the system will work
- Describe detailed tests that they will run when the software is ready, to verify that the stories were implemented properly
- Assign priorities to the stories and their tests

In turn, the programmers write code to implement the stories, doing so in the order specified by the customers' priorities. To assist the customers, the programmers must estimate how long it will take to code up each story, so that the customers can plan the acceptance tests. The planning occurs in two-week increments, so that trust builds up between customers and programmers. Martin (2000) points out that extreme programming involves more than just this dialog between programmers and customers; there are also dialogs between programmers as they pair program: sitting side by side at a workstation and collaborating on the construction of a single program.

## Pair Programming

The concept of pair programming is one of the more radical of the agile method techniques, so we examine it in more depth in this chapter. In pair programming, a pair of programmers uses a single keyboard, display, and mouse. Each member of the pair assumes a very specific role. One person is the driver or pilot, controlling the computer and actually writing the code. The other person is the navigator, reviewing the driver's code and providing feedback.The two team members exchange roles periodically.
",0.334,6.217
"In Lai's notation for process modeling, what is ""Control""?","Control: An external influence over process enactment. The controls may be manual or automatic, human or mechanical.","
[0]
as hierarchies of boxes and arrows, to combinations of pictures and text that link the graphical depiction to tables and functions elaborating on the high-level illustration. Many of the modeling notations can also be used for representing requirements and designs; we examine some of them in later chapters.

In this chapter, the notation is secondary to the type of model, and we focus on two major categories, static and dynamic. A static model depicts the process, showing that the inputs are transformed to outputs.A dynamic model enacts the process, so the user can see how intermediate and final products are transformed over time.

## Static Modeling: Lai Notation

There are many ways to model a process statically. In the early 1990s, Lai (1991) developed a comprehensive process notation that is intended to enable someone to model any process at any level of detail. It builds on a paradigm where people perform roles while resources perform activities, leading to the production of artifacts. The process model shows the relationships among the roles, activities, and artifacts, and state tables show information about the completeness of each artifact at a given time.

In particular, the elements of a process are viewed in terms of seven types:

1. Activity: Something that will happen in a process. This element can be related to what  happens  before  and  after, what  resources  are  needed, what  triggers  the activity's start, what rules govern the activity, how to describe the algorithms and lessons learned, and how to relate the activity to the project team.
2. Sequence: The order of activities. The sequence can be described using triggers, programming constructs, transformations, ordering, or satisfaction of conditions.
3. Process model: A view of interest about the system. Thus, parts of the process may be represented as a separate model, either to predict process behavior or to examine certain characteristics.
4. Resource: A necessary item, tool, or person. Resources can include equipment, time, office space, people, techniques, and so on.The process model identifies how much of each resource i


[1]
d as a separate model, either to predict process behavior or to examine certain characteristics.
4. Resource: A necessary item, tool, or person. Resources can include equipment, time, office space, people, techniques, and so on.The process model identifies how much of each resource is needed for each activity.
5. Control: An  external  influence  over  process  enactment. The  controls  may  be manual or automatic, human or mechanical.
6. Policy: A guiding principle. This high-level process constraint influences process enactment. It may include a prescribed development process, a tool that must be used, or a mandatory management style.
7. Organization: The hierarchical structure of process agents, with physical grouping corresponding to logical grouping and related roles. The mapping from physical to logical grouping should be flexible enough to reflect changes in physical environment.

The process description itself has several levels of abstraction, including the software development process that directs certain resources to be used in constructing specific modules, as well as generic models that may resemble the spiral or waterfall models. Lai's  notation  includes  several  templates, such  as  an  Artifact  Definition  Template, which records information about particular artifacts.

Lai's approach can be applied to modeling software development processes; later in  this  chapter, we  use  it  to  model  the  risk  involved  in  development. However, to demonstrate its use and its ability to capture many facets of a complex activity, we apply it to a relatively simple but familiar process, driving an automobile. Table 2.1 contains a description of the key resource in this process, a car.

Other templates define relations, process states, operations, analysis, actions, and roles. Graphical diagrams represent the relationships between elements, capturing the main relationships and secondary ones. For example, Figure 2.11 illustrates the process of starting a car. The 'initiate' box represents the entrance conditions, and the 'park' box represents an exit condition.The left-hand column of a condit


[2]
keyhole of a car. , Car = gear. , Car = The gear of a car. , Car = speed. , Car = The speed of a car. Relations list, Car = Relations list. Relations list, Car = Relations list. car-key, Car = This is the relation between a car and a key.. car-key, Car = This is the relation between a car and a key.. car-driver, Car = This is the relation between a car and a driver.. car-driver, Car = This is the relation between a car and a driver.

FIGURE 2.11 The process of starting a car (Lai 1991).

Transition diagrams supplement the process model by showing how the states are related to one another. For example, Figure 2.12 illustrates the transitions for a car.

Lai's notation is a good example of how multiple structures and strategies can be used to capture a great deal of information about the software development process. But it is also useful in organizing and depicting process information about user requirements, as the car example demonstrates.

FIGURE 2.12 Transition diagram for a car (Lai 1991).

## Dynamic Modeling: System Dynamics

A desirable property of a process model is the ability to enact the process, so that we can watch what happens to resources and artifacts as activities occur. In other words, we want to describe a model of the process and then watch as software shows us how resources flow through activities to become outputs.This dynamic process view enables us  to  simulate  the  process  and  make  changes  before  the  resources  are  actually expended. For example, we can use a dynamic process model to help us decide how many testers we need or when we must initiate testing in order to finish on schedule. Similarly, we can include or exclude activities to see their effects on effort and schedule. For instance, we can add a code-review activity, making assumptions about how many faults we will find during the review, and determine whether reviewing shortens test time significantly.

There are several ways to build dynamic process models. The systems dynamics approach, introduced by Forrester in the 1950s, has been useful for simulating diverse processes, including  ecological, economi
",0.506,3.867
What is the difference between an activity and a milestone?,"An activity is a part of the project that takes place over a period of time, whereas a milestone is the completion of an activity—a particular point in time. Thus, an activity has a beginning and an end, whereas a milestone is the end of a specially designated activity.","
[0]
a solution for each part, and  then  putting  the  pieces  together  to  form  a  coherent  whole. We  can  use  this approach to determine the project schedule. We begin by working with customers and potential users to understand what they want and need.At the same time, we make sure that  they  are  comfortable  with  our  knowledge  of  their  needs. We  list  all  project deliverables , that is, the items that the customer expects to see during project development.Among the deliverables may be

- documents
- demonstrations of function
- demonstrations of subsystems
- demonstrations of accuracy
- demonstrations of reliability, security, or performance

Next, we determine what activities must take place in order to produce these deliverables. We  may  use  some  of  the  process  modeling  techniques  we  learned  in Chapter 2, laying out exactly what must happen and which activities depend on other activities, products, or resources. Certain events are designated to be milestones, indicating to us and our customers that a measurable level of progress has been made. For example, when the requirements are documented, inspected for consistency and completeness, and turned over to the design team, the requirements specification may be a project milestone. Similarly, milestones may include the completion of the user's manual, the performance of a given set of calculations, or a demonstration of the system's ability to communicate with another system.

In our analysis of the project, we must distinguish clearly between milestones and activities. An activity is  a  part  of  the  project  that  takes place over a period of time, whereas a milestone is the completion of an activity-a particular point in time. Thus, an activity has a beginning and an end, whereas a milestone is the end of a specially designated activity. For example, the customer may want the system to be accompanied by an online operator tutorial. The development of the tutorial and its associated programs is an activity; it culminates in the demonstration of those functions to the customer: the milestone.

By examining the project care


[1]
. , 5 = Activity 2.3.2: Install interior electrical work. , 6 = Activity 2.3.2: Install interior electrical work. , 1 = . , 2 = . , 3 = . , 4 = Activity 2.3.3: Install wallboard. , 5 = Activity 2.3.3: Install wallboard. , 6 = Activity 2.3.3: Install wallboard. , 1 = . , 2 = . , 3 = . , 4 = Activity 2.3.4: Paint the interior. , 5 = Activity 2.3.4: Paint the interior. , 6 = Activity 2.3.4: Paint the interior. , 1 = . , 2 = . , 3 = . , 4 = Activity 2.3.5: Install floor covering. , 5 = Activity 2.3.5: Install floor covering. , 6 = Activity 2.3.5: Install floor covering. , 1 = . , 2 = . , 3 = . , 4 = Activity 2.3.6: Install doors and fixtures. , 5 = Activity 2.3.6: Install doors and fixtures. , 6 = Activity 2.3.6: Install doors and fixtures

TABLE 3.2 Milestones in Building a House

- 1.1. Survey complete
- 1.2. Permits issued
- 1.3. Excavation complete
- 1.4. Materials on hand
- 2.1. Foundation laid
- 2.2. Outside walls complete
- 2.3. Exterior plumbing complete
- 2.4. Exterior electrical work complete
- 2.5. Exterior siding complete
- 2.6. Exterior painting complete
- 2.7. Doors and fixtures mounted
- 2.8. Roof complete
- 3.1. Interior plumbing complete
- 3.2. Interior electrical work complete
- 3.3. Wallboard in place
- 3.4. Interior painting complete
- 3.5. Floor covering laid
- 3.6. Doors and fixtures mounted

deliverable.We can illustrate the relationships among activities by using these parameters. In particular, we can draw an activity graph to depict the dependencies; the nodes of the graph are the project milestones, and the lines linking the nodes represent the activities involved. Figure 3.2 is an activity graph for the work described in phase 2 of Table 3.1.

FIGURE 3.2 Activity graph for building a house.

Many important characteristics of the project are made visible by the activity graph. For example, it is clear from Figure 3.2 that neither of the two plumbing activities can start before milestone 2.2 is reached; that is, 2.2 is a precursor to both interior and exterior plumbing. Furthermore, the figure shows us that several things can be done simultaneously. For instance, some of the in


[2]
example, the customer may want the system to be accompanied by an online operator tutorial. The development of the tutorial and its associated programs is an activity; it culminates in the demonstration of those functions to the customer: the milestone.

By examining the project carefully in this way, we can separate development into a succession of phases. Each phase is composed of steps, and each step can be subdivided further if necessary, as shown in Figure 3.1.

To see how this analysis works, consider the phases, steps, and activities of Table 3.1, which describes the building of a house. First, we consider two phases: landscaping the lot and building the house itself. Then, we break each phase into smaller steps, such as

clearing and grubbing, seeding the turf, and planting trees and shrubs. Where necessary, we can divide the steps into activities; for example, finishing the interior involves completing the interior plumbing, interior electrical work, wallboard, interior painting, floor covering, doors, and fixtures. Each activity is a measurable event and we have objective criteria to determine when the activity is complete.Thus, any activity's end can be a milestone, and Table 3.2 lists the milestones for phase 2.

This analytical breakdown gives us and our customers an idea of what is involved in constructing a house. Similarly, analyzing a software development or maintenance project and identifying the phases, steps, and activities, both we and our customers have a  better  grasp  of  what  is  involved  in  building  and  maintaining  a  system. We  saw  in Chapter 2 that a process model provides a high-level view of the phases and steps, so process modeling is a useful way to begin analyzing the project. In later chapters, we will see that the major phases, such as requirements engineering, implementation, or testing, involve many activities, each of which contributes to product or process quality.

## Work Breakdown and Activity Graphs

Analysis of this kind is sometimes described as generating a work breakdown structure for a given project, because it depicts the project as a set of
",0.369,4.683
What is a precursor?,The chatbot can't answer this question. Please try again with another question.,,0.408,4.147
How is slack time computed using available time and real time?,Slack time or float for an activity is the difference between the available time and the real time for that activity: Slack time = available time -real time,"
[0]
her way of looking at slack time is to compare the earliest time an activity may begin  with  the  latest  time  the  activity  may  begin  without  delaying  the  project. For example, surveying may begin on day 1, so the earliest start time is day 1. However, because it will take 15 days to request and receive permits, surveying can begin as late as day 13 and still not hold up the project schedule.Therefore,

## Slack time = latest start time -earliest start time

Let us compute the slack for our example's activities to see what it tells us about the project schedule. We compute slack by examining all paths from the start to the finish. As we have seen, it must take 15 days to complete milestones 1.1 and 1.2.An additional 55 days are used in completing milestones 1.3, 1.4, 2.1, and 2.2. At this point, there are four possible paths to be taken:

1. Following milestones 2.3 through 2.7 on the graph requires 39 days.
2. Following milestones 2.3 through 2.8 on the graph requires 42 days.
3. Following milestones 3.1 through 3.4 on the graph requires 54 days.
4. Following milestones 3.1 through 3.6 on the graph requires 54 days.

Because milestones 2.7, 2.8, 3.4, and 3.6 must be met before the project is finished, our schedule is constrained by the longest path.As you can see from Figure 3.3 and our preceding calculations, the two paths on the right require 124 days to complete, and the two paths on the left require fewer days. To calculate the slack, we can work backward along the path to see how much slack time there is for each activity leading to a node. First, we note that there is zero slack on the longest path.Then, we examine each of the remaining nodes to calculate the slack for the activities leading to them. For example,

54 days are available to complete the activities leading to milestones 2.3, 2.4, 2.5, 2.6, and 2.8, but only 42 days are needed to complete these. Thus, this portion of the graph has 12 days of slack. Similarly, the portion of the graph for activities 2.3 through 2.7 requires only 39 days, so we have 15 days of slack along this route. By working forward through the graph in


[1]
1 = . Activity 1.1: Survey the land, 1 = 3. Activity 1.2:Request permits, 1 = 15. Activity 1.3: Excavate for the foundation, 1 = 10. Activity 1.4:Buy materials, 1 = 10. Step 2: Building the exterior, 1 = . Activity 2.1:Lay the foundation, 1 = 15. Activity 2.2: Build the outside walls, 1 = 20. Activity 2.3: Install exterior plumbing, 1 = 10. Activity 2.4: Install exterior electrical work, 1 = 10. Activity 2.5: Install exterior siding, 1 = 8. Activity 2.6: Paint the exterior, 1 = 5. Activity 2.7: Install doors and fixtures, 1 = 6. Activity 2.8: Install roof, 1 = 9. Step 3: Finishing the interior, 1 = . Activity 3.1: Install interior plumbing, 1 = 12. Activity 3.2: Install interior electrical work, 1 = 15. Activity 3.3: Install wallboard, 1 = 9. Activity 3.4: Paint the interior, 1 = 18. Activity 3.5: Install floor covering, 1 = 11. Activity 3.6: Install doors and fixtures, 1 = 7

To see how CPM works, consider again our house-building example. First, we notice that the activities leading to milestones 1.1 (surveying) and 1.2 (requesting permits) can occur concurrently. Since excavation (the activity culminating in milestone 1.3) cannot begin until day 16, surveying has 15 days in which to be completed, even though it is only 3 days in duration. Thus, surveying has 15 days of available time, but requires only 3 days of real time. In the same way, for each activity in our graph, we can compute a pair of times: real time and available time.The real time or actual time for an activity is the estimated amount of time required for the activity to be completed, and the available time is the amount of time available in the schedule for the activity's completion. Slack time or float for an activity is the difference between the available time and the real time for that activity:

Slack time = available time -real time

FINISH

Another way of looking at slack time is to compare the earliest time an activity may begin  with  the  latest  time  the  activity  may  begin  without  delaying  the  project. For example, surveying may begin on day 1, so the earliest start time is day 1. However, because it will take 1


[2]
SlackTime for Project Activities.Slack = 0. 2.1, TABLE 3.4 SlackTime for Project Activities.Earliest StartTime = 36. 2.1, TABLE 3.4 SlackTime for Project Activities.Latest StartTime = 36. 2.1, TABLE 3.4 SlackTime for Project Activities.Slack = 0. 2.2, TABLE 3.4 SlackTime for Project Activities.Earliest StartTime = 51. 2.2, TABLE 3.4 SlackTime for Project Activities.Latest StartTime = 51. 2.2, TABLE 3.4 SlackTime for Project Activities.Slack = 0. 2.3, TABLE 3.4 SlackTime for Project Activities.Earliest StartTime = 71. 2.3, TABLE 3.4 SlackTime for Project Activities.Latest StartTime = 83. 2.3, TABLE 3.4 SlackTime for Project Activities.Slack = 12. 2.4, TABLE 3.4 SlackTime for Project Activities.Earliest StartTime = 81. 2.4, TABLE 3.4 SlackTime for Project Activities.Latest StartTime = 93. 2.4, TABLE 3.4 SlackTime for Project Activities.Slack = 12. 2.5, TABLE 3.4 SlackTime for Project Activities.Earliest StartTime = 91. 2.5, TABLE 3.4 SlackTime for Project Activities.Latest StartTime = 103. 2.5, TABLE 3.4 SlackTime for Project Activities.Slack = 12. 2.6, TABLE 3.4 SlackTime for Project Activities.Earliest StartTime = 99. 2.6, TABLE 3.4 SlackTime for Project Activities.Latest StartTime = 111. 2.6, TABLE 3.4 SlackTime for Project Activities.Slack = 12. 2.7, TABLE 3.4 SlackTime for Project Activities.Earliest StartTime = 104. 2.7, TABLE 3.4 SlackTime for Project Activities.Latest StartTime = 119. 2.7, TABLE 3.4 SlackTime for Project Activities.Slack = 15. 2.8, TABLE 3.4 SlackTime for Project Activities.Earliest StartTime = 104. 2.8, TABLE 3.4 SlackTime for Project Activities.Latest StartTime = 116. 2.8, TABLE 3.4 SlackTime for Project Activities.Slack = 12. 3.1, TABLE 3.4 SlackTime for Project Activities.Earliest StartTime = 71. 3.1, TABLE 3.4 SlackTime for Project Activities.Latest StartTime = 71. 3.1, TABLE 3.4 SlackTime for Project Activities.Slack = 0. 3.2, TABLE 3.4 SlackTime for Project Activities.Earliest StartTime = 83. 3.2, TABLE 3.4 SlackTime for Project Activities.Latest StartTime = 83. 3.2, TABLE 3.4 SlackTime for Project Activities.Slack = 0. 3.3, TABLE 3.4 SlackTime for Project Activities.E
",0.353,5.528
How do rational extroverts make decisions according to the work styles framework?,"Rational extroverts tend to assert their ideas and not let 'gut feeling' affect their decision making. They tell their colleagues what they want them to know, but they rarely ask for more information before doing so. When reasoning, they rely on logic, not emotion.","
[0]
the more emotions play a part in your decisions, the higher up you go. Thus, we can define four basic work styles, corresponding to the four quadrants of the graph. The rational extroverts tend to assert their ideas and not let 'gut feeling' affect their decision making.They tell their colleagues what they want them to know, but they rarely ask for more information before doing so.When reasoning,they rely on logic, not emotion.The rational introverts also avoid emotional decisions, but they are willing to take time to consider all possible courses of action. Rational introverts are information gatherers; they do not feel comfortable making a decision unless they are convinced that all the facts are at hand.

In  contrast, intuitive  extroverts base  many  decisions  on  emotional  reactions, tending to want to tell others about them rather than ask for input.They use their intuition to be creative, and they often suggest unusual approaches to solving a problem. The intuitive introvert is creative, too, but applies creativity only after having gathered

sufficient information on which to base a decision. Winston Churchill was an intuitive introvert; when he wanted to learn about an issue, he read every bit of material available that addressed it. He often made his decisions based on how he felt about what he had learned (Manchester 1983).

To see how work styles affect interactions on a project, consider several typical staff profiles. Kai, a rational extrovert, judges her colleagues by the results they produce. When making a decision, her top priority is efficiency. Thus, she wants to know only the bottom line. She examines her options and their probable effects, but she does not need to see documents or hear explanations supporting each option. If her time is wasted or her efficiency is hampered in some way, she asserts her authority to regain control of the situation.Thus, Kai is good at making sound decisions quickly.

Marcel, a rational introvert, is very different from his colleague Kai. He judges his peers by how busy they are, and he has little tolerance for those who appear not to be working


[1]
e meeting, when it  will start and end, and what the meeting will accomplish. Second, every meeting should have a written agenda, distributed in advance if possible.Third, someone should take responsibility for keeping discussion on track and for resolving conflicts. Fourth, someone should be responsible for ensuring that each action item decided at the meeting is actually put into practice. Most importantly, minimize the number of meetings, as well as the number of people who must attend them.

## Work Styles

Different people have different preferred styles for interacting with others on the job and for understanding problems that arise in the course of their work. For example, you may prefer to do a detailed analysis of all possible information before making a decision, whereas your colleague may rely on 'gut feeling' for most of his important decisions. You can think of your preferred work style in terms of two components: the way in which your thoughts are communicated and ideas gathered, and the degree to which your emotions affect decision making. When communicating ideas, some people tell others their thoughts, and some people ask for suggestions from others before forming an opinion. Jung (1959) calls the former extroverts and the latter introverts . Clearly, your communication style affects the way you interact with others on a project. Similarly, intuitive people base their decisions on feelings about and emotional reactions to a problem. Others are rational , deciding primarily by examining the facts and carefully considering all options.

We can describe the variety of work styles by considering the graph of Figure 3.10, where communication style forms the horizontal axis and decision style the vertical one.The more extroverted you are, the farther to the right your work style falls on the graph. Similarly, the more emotions play a part in your decisions, the higher up you go. Thus, we can define four basic work styles, corresponding to the four quadrants of the graph. The rational extroverts tend to assert their ideas and not let 'gut feeling' affect their decision making.They tell the


[2]
her authority to regain control of the situation.Thus, Kai is good at making sound decisions quickly.

Marcel, a rational introvert, is very different from his colleague Kai. He judges his peers by how busy they are, and he has little tolerance for those who appear not to be working hard all the time. He is a good worker, admired for the energy he devotes to his work. His reputation as a good worker is very important to him, and he prides himself on being accurate and thorough. He does not like to make decisions without complete information. When asked to make a presentation, Marcel does so only after gathering all relevant information on the subject.

Marcel shares an office with David, an intuitive extrovert. Whereas Marcel will not make a decision without complete knowledge of the situation, David prefers to follow his feelings. Often, he will trust his intuition about a problem, basing his decision on professional judgment rather than a slow, careful analysis of the information at hand. Since he is assertive, David tends to tell the others on his project about his new ideas. He is creative, and he enjoys when others recognize his ideas. David likes to work in an environment where there is a great deal of interaction among the staff members.

Ying, an intuitive introvert, also thrives on her colleagues' attention. She is sensitive and aware of her emotional reactions to people and problems; it is very important that she be liked by her peers. Because she is a good listener, Ying is the project member to whom others turn to express their feelings. Ying takes a lot of time to make a decision, not only because she needs complete information, but also because she wants to make the right decision. She is sensitive to what others think about her ability and ideas. She analyzes situations much as Marcel does, but with a different focus; Marcel looks at all the facts and figures, but Ying examines relational dependencies and emotional involvements, too.

Clearly, not everyone fits neatly into one of the four categories. Different people have different tendencies, and we can use the framework of Figure 3
",0.347,4.678
How does an egoless programming team approach responsibility?,"An egoless programming team holds everyone equally responsible, separates the process from the individuals, and provides that criticism is directed at the product or the result, not the people involved; the egoless team structure is democratic, with all team members voting on decisions such as design considerations or testing techniques.","
[0]
rogramming.

The organization of the chief programmer team is illustrated in Figure 3.11. By placing all responsibility for all decisions with the chief programmer, the team structure minimizes the amount of communication needed during the project.Each team member must communicate often with the chief, but not necessarily with other team members. Thus, if the team consists of programmers plus the chief, the team can establish only paths of communication (one path for each team member's interaction with the chief) out of a potential paths. For example, rather than working out a problem themselves, the programmers can simply approach the chief for an answer. Similarly, the chief reviews all design and code, removing the need for peer reviews. n 1 n -1 2> 2 n -1 n -1

FIGURE 3.11 Chief programmer team organization.

Although a chief programmer team is a hierarchy, groups of workers may be formed to accomplish a specialized task. For instance, one or more team members may form an administrative group to provide a status report on the project's current cost and schedule.

Clearly, the chief programmer must be good at making decisions quickly, so the chief is likely to be an extrovert. However, if most of the team members are introverts, the chief programmer team may not be the best structure for the project. An alternative is based on the idea of 'egoless' programming, as described by Weinberg (1971). Instead of a single point of responsibility, an egoless approach holds everyone equally responsible. Moreover, the process is separated from the individuals; criticism is made of  the  product  or  the  result, not  the  people  involved. The  egoless  team  structure  is democratic, and all team members vote on a decision, whether it concerns design considerations or testing techniques.

Of course, there are many other ways to organize a development or maintenance project, and the two described above represent extremes.Which structure is preferable? The more people on the project, the more need there is for a formal structure. Certainly, a development team with only three or four members does not always ne


[1]
## Attitudes Toward Testing

New programmers are not accustomed to viewing testing as a discovery process.As students, we write programs according to the specifications given by our instructor. After having designed a program, we write the code and compile it to determine if any syntax faults are present. When submitting our program for a grade, we usually present our instructor with a program listing, data used as test input, and any output that shows how our program handled the input. The collection of code, input, and output acts as evidence that our code runs correctly, and we usually choose our input to persuade our instructor that the code functions as directed in our class assignment.

We may have considered our program only as a solution to a problem;we may not have considered the problem itself. If so, our test data may have been chosen to show positive results in certain cases rather than the absence of faults. Programs written and presented in this way are evidence of our programming skill. Thus, psychologically, we may consider a critique of our program to be a critique of our ability. Testing to show that our program works correctly is a way of demonstrating our skills to our instructor.

However,developing a system for customers is different. Customers are not interested in knowing that the system works properly under certain conditions. Rather, they are interested in being sure that the system works properly under all conditions. So our goal as a developer should be to eliminate as many faults as possible, no matter where in the system they occur and no matter who created them. Hurt feelings and bruised egos have no place in the development process as faults are discovered. Hence, many software engineers adopt an attitude known as egoless programming , where programs are viewed as components of a larger system, not as the property of those who wrote them. When a fault is discovered or a failure occurs, the egoless development team is concerned with correcting the fault, not with placing blame on a particular developer.

## Who Performs the Tests?

Even when a system is developed with


[2]
ystem, not as the property of those who wrote them. When a fault is discovered or a failure occurs, the egoless development team is concerned with correcting the fault, not with placing blame on a particular developer.

## Who Performs the Tests?

Even when a system is developed with an egoless approach, we sometimes have difficulty removing our personal feelings from the testing process. Thus, we often use an independent test team to test a system. In this way, we avoid conflict between personal responsibility for faults and the need to discover as many faults as possible.

In addition, several other factors justify an independent team. First, we may inadvertently introduce faults when interpreting the design, determining the program logic, writing descriptive documentation, or implementing the algorithms. Clearly, we would not have submitted our code for testing if we did not think the code performed according to specification. But we may be too close to the code to be objective and to recognize some of the more subtle faults.

Furthermore, an independent test team can participate in reviewing the components throughout development. The team can be part of the requirements and design reviews, can test the code components individually, and can test the system as it is integrated and presented to the customers for acceptance. In this way, testing can proceed concurrently with coding; the test team can test components as they are completed and begin to piece them together while the programming staff continues to code other components.

## Views of the Test Objects

Before we look carefully  at  unit  testing, let  us  consider  the  philosophy  behind  our testing. As  we  test  a  component, group  of  components, subsystem, or  system, our view of the test object (i.e., the component, group, subsystem, or system) can affect the way in which testing proceeds. If we view the test object from the outside as a closed box or black box whose contents are unknown,our testing feeds input to the closed box and notes what output is produced. In this case, the test's goal is to be sure that every kind of input
",0.344,5.19
How do you quantify the risk exposure for an identified risk?,"We can quantify the effects of the risks we identify by multiplying the risk impact by the risk probability, to yield the risk exposure.","
[0]
sociated with not performing regression testing : the assurance that existing functionality still works correctly.

For  each  possible  outcome, we  estimate  two  quantities: the  probability  of  an unwanted  outcome, P(UO), and  the  loss  associated  with  the  unwanted  outcome,

FIGURE 3.16 Example of risk exposure calculation.

L(UO). For instance, there are three possible consequences of performing regression testing: finding a critical fault if one exists, not finding the critical fault (even though it exists), or deciding (correctly) that there is no critical fault. As the figure illustrates, we have estimated the probability of the first case to be 0.75, of the second to be 0.05, and of the third to be 0.20. The loss associated with an unwanted outcome is estimated to be $500,000 if a critical fault is found, so that the risk exposure is $375,000. Similarly, we calculate the risk exposure for the other branches of this decision tree, and we find that our risk exposure if we perform regression testing is almost $2 million. However, the same kind of analysis shows us that the risk exposure if we do not perform regression testing is almost $17 million. Thus, we say (loosely) that more is at risk if we do not perform regression testing.

Risk exposure helps us to list the risks in priority order, with the risks of most concern given the highest priority. Next, we must take steps to control the risks.The notion of control acknowledges that we may not be able to eliminate all risks. Instead, we may be able to minimize the risk or mitigate it by taking action to handle the unwanted outcome in an acceptable way. Therefore, risk control involves risk reduction, risk planning, and risk resolution.

There are three strategies for risk reduction:

- avoiding the risk, by changing requirements for performance or functionality
- transferring the risk, by allocating risks to other systems or by buying insurance to cover any financial loss should the risk become a reality
- assuming the risk, by accepting it and controlling it with the project's resources

To aid decision making about risk reduction, we


[1]
until the new model is delivered.

We can quantify the effects of the risks we identify by multiplying the risk impact by the risk probability, to yield the risk exposure . For example, if the likelihood that the requirements will change after design is 0.3, and the cost to redesign to new requirements is $50,000, then the risk exposure is $15,000. Clearly, the risk probability can change over time, as can the impact, so part of a project manager's job is to track these values over time and plan for the events accordingly.

There  are  two  major  sources  of  risk: generic  risks  and  project-specific  risks. Generic risks are those common to all software projects, such as misunderstanding the requirements, losing key personnel, or allowing insufficient time for testing. Projectspecific  risks are  threats  that  result  from  the  particular  vulnerabilities  of  the  given project. For example, a vendor may be promising network software by a particular date, but there is some risk that the network software will not be ready on time.

## Risk Management Activities

Risk  management  involves  several  important  steps, each  of  which  is  illustrated  in Figure 3.15. First, we assess the risks on a project, so that we understand what may occur during the course of development or maintenance. The assessment consists of three activities: identifying the risks, analyzing them, and assigning priorities to each of them. To identify them, we may use many different techniques.

If the system we are building is similar in some way to a system we have built before, we may have a checklist of problems that may occur; we can review the checklist to determine if the new project is likely to be subject to the risks listed. For systems that are new in some way, we may augment the checklist with an analysis of each of the activities in the development cycle; by decomposing the process into small pieces, we may be able to anticipate problems that may arise. For example, we may decide that

FIGURE 3.15 Steps in risk management (Rook 1993).

there is a risk of the chief designer leaving during the design process.


[2]
onents. Benchmarking; inspections; reference checking; compatibility analysis.
9. Real-time  performance  shortfalls. Simulation; benchmarking; modeling; prototyping; instrumentation; tuning.
10. Straining computer science capabilities. Technical analysis; cost-benefit analysis; prototyping; reference checking.

the design is done, then the project can suffer from loss of control and understanding if  the  new  requirements are for functions or features with which the design team is unfamiliar.And a radical change in requirements is likely to lead to losses  of  time  and  money  if  the  design  is  not  flexible  enough  to  be  changed quickly and easily.The loss associated with a risk is called the risk impact .

2. The likelihood that the event will occur. We must have some idea of the probability that the event will occur. For example, suppose a project is being developed on one machine and will be ported to another when the system is fully tested. If the second machine is a new model to be delivered by the vendor, we must estimate the likelihood that it will not be ready on time. The likelihood of the risk, measured from 0 (impossible) to 1 (certainty) is called the risk probability . When the risk probability is 1, then the risk is called a problem , since it is certain to happen.
3. The degree to which we can change the outcome. For each risk, we must determine what we can do to minimize or avoid the impact of the event. Risk control involves a set of actions taken to reduce or eliminate a risk. For example, if the requirements may change after design, we can minimize the impact of the change by creating a flexible design. If the second machine is not ready when the software is tested, we may be able to identify other models or brands that have the same functionality and performance and can run our new software until the new model is delivered.

We can quantify the effects of the risks we identify by multiplying the risk impact by the risk probability, to yield the risk exposure . For example, if the likelihood that the requirements will change after design is 0.3, and the cost to redesign
",0.608,5.585
What are the three strategies for risk reduction?,"There are three strategies for risk reduction:
- - avoiding the risk, by changing requirements for performance or functionality
- - transferring the risk, by allocating risks to other systems or by buying insurance to cover any financial loss should the risk become a reality
- - assuming the risk, by accepting it and controlling it with the project's resources","
[0]
lity
- transferring the risk, by allocating risks to other systems or by buying insurance to cover any financial loss should the risk become a reality
- assuming the risk, by accepting it and controlling it with the project's resources

To aid decision making about risk reduction, we must take into account the cost of reducing the risk. We call risk leverage the difference in risk exposure divided by the cost of reducing the risk. In other words, risk reduction leverage is

If the leverage value is not high enough to justify the action, then we can look for other less costly or more effective reduction techniques.

/ 1 cost of risk reduction 2 1 Risk exposure before reduction -risk exposure after reduction 2

In some cases, we can choose a development process to help reduce the risk. For example,we saw in Chapter 2 that prototyping can improve understanding of the requirements and design,so selecting a prototyping process can reduce many project risks.

It is useful to record decisions in a risk management plan , so that both customer and development team can review how problems are to be avoided, as well as how they are to be  handled  should  they  arise. Then, we  should  monitor  the  project  as  development progresses, periodically reevaluating the risks, their probability, and their likely impact.

## 3.5 THE PROJECT PLAN

To communicate risk analysis and management, project cost estimates, schedule, and organization to our customers, we usually write a document called a project plan . The plan puts in writing the customer's needs, as well as what we hope to do to meet them. The customer can refer to the plan for information about activities in the development process, making it easy to follow the project's progress during development. We can also use the plan to confirm with the customer any assumptions we are making, especially about cost and schedule.

A good project plan includes the following items:

1. project scope
2. project schedule
3. project team organization
4. technical description of the proposed system
5. project standards, procedures, and proposed techniques and tools
6. quali


[1]
sociated with not performing regression testing : the assurance that existing functionality still works correctly.

For  each  possible  outcome, we  estimate  two  quantities: the  probability  of  an unwanted  outcome, P(UO), and  the  loss  associated  with  the  unwanted  outcome,

FIGURE 3.16 Example of risk exposure calculation.

L(UO). For instance, there are three possible consequences of performing regression testing: finding a critical fault if one exists, not finding the critical fault (even though it exists), or deciding (correctly) that there is no critical fault. As the figure illustrates, we have estimated the probability of the first case to be 0.75, of the second to be 0.05, and of the third to be 0.20. The loss associated with an unwanted outcome is estimated to be $500,000 if a critical fault is found, so that the risk exposure is $375,000. Similarly, we calculate the risk exposure for the other branches of this decision tree, and we find that our risk exposure if we perform regression testing is almost $2 million. However, the same kind of analysis shows us that the risk exposure if we do not perform regression testing is almost $17 million. Thus, we say (loosely) that more is at risk if we do not perform regression testing.

Risk exposure helps us to list the risks in priority order, with the risks of most concern given the highest priority. Next, we must take steps to control the risks.The notion of control acknowledges that we may not be able to eliminate all risks. Instead, we may be able to minimize the risk or mitigate it by taking action to handle the unwanted outcome in an acceptable way. Therefore, risk control involves risk reduction, risk planning, and risk resolution.

There are three strategies for risk reduction:

- avoiding the risk, by changing requirements for performance or functionality
- transferring the risk, by allocating risks to other systems or by buying insurance to cover any financial loss should the risk become a reality
- assuming the risk, by accepting it and controlling it with the project's resources

To aid decision making about risk reduction, we


[2]
events or, if they are inevitable, minimize their negative consequences. A risk is an unwanted event that has negative consequences. Project managers must engage in risk management to understand and control the risks on their projects.

## What Is a Risk?

Many events occur during software development; Sidebar 3.4 lists Boehm's view of some of the riskiest ones.We distinguish risks from other project events by looking for three things (Rook 1993):

1. A loss associated with the event. The event must create a situation where something  negative  happens  to  the  project: a  loss  of  time, quality, money, control, understanding, and so on. For example, if requirements change dramatically after

## SIDEBAR 3.4 BOEHM'S TOP TEN RISK ITEMS

- B oehm (1991) identifies 10 risk items and recommends risk management techniques to address them.
1. Personnel shortfalls. Staffing with top talent; job matching; team building; morale building; cross-training; prescheduling key people.
2. Unrealistic  schedules  and  budgets. Detailed  multisource  cost  and  schedule  estimation; design to cost; incremental development; software reuse; requirements scrubbing.
3. Developing the wrong software functions. Organizational analysis; mission analysis; operational concept formulation; user surveys; prototyping; early user's manuals.
4. Developing the wrong user interface. Prototyping; scenarios; task analysis.
5. Gold plating. Requirements scrubbing;prototyping;cost-benefit analysis; design to cost.
6. Continuing stream of requirements changes. High change threshold; information hiding; incremental development (defer changes to later increments).
7. Shortfalls in externally performed tasks. Reference checking; preaward audits; award-fee contracts; competitive design or prototyping; team building.
8. Shortfalls  in  externally  furnished  components. Benchmarking; inspections; reference checking; compatibility analysis.
9. Real-time  performance  shortfalls. Simulation; benchmarking; modeling; prototyping; instrumentation; tuning.
10. Straining computer science capabilities. Technical analysis; cost-benefit analysis; prot
",0.456,7.541
When are two requirements considered inconsistent?,Two requirements are inconsistent if it is impossible to satisfy both simultaneously.,"
[0]
hen in fact people have different meanings for the same words. It is only by discussing the requirements with everyone who has a stake in the system, coalescing these different views into a coherent set of requirements, and reviewing these documents with the stakeholders that we all come to an agreement about what the requirements are. (See Sidebar 4.3 for an alternative viewpoint.) If we cannot agree on what the requirements are,then the project is doomed to fail.

## SIDEBAR 4.3 USING VIEWPOINTS TO MANAGE INCONSISTENCY

A lthough most software engineers strive for consistent requirements, Easterbrook and Nuseibeh (1996) argue that it is often desirable to tolerate and even encourage inconsistency  during  the  requirements  process. They  claim  that  because  the  stakeholders'  understanding of the domain and their needs evolve over time, it is pointless to try to resolve inconsistencies early in the requirements process. Early resolutions are expensive and often unnecessary (and can occur naturally as stakeholders revise their views). They can also be counter-productive if the resolution process focuses attention on how to come to agreement rather than on the underlying causes of the inconsistency (e.g., stakeholders' misunderstanding of the domain).

Instead, Easterbrook and Nuseibeh propose that stakeholders' views be documented and maintained as separate Viewpoints (Nuseibeh et al. 1994) throughout the software development  process. The  requirements  analyst  defines  consistency  rules  that  should  apply between Viewpoints (e.g., how objects, states, or transitions in one Viewpoint correspond to similar entities in another Viewpoint; or how one Viewpoint refines another Viewpoint), and the Viewpoints are analyzed (possibly automatically) to see if they conform to the consistency rules. If the rules are violated, the inconsistencies are recorded as part of the Viewpoints, so that other software developers do not mistakenly implement a view that is being contested. The recorded inconsistencies are rechecked whenever an associated Viewpoint is modified, to see if the Viewpoints are still in


[1]
successful, it is important that the requirements be of high quality; what is not specified usually is not built.We discuss later in this chapter how to validate and verify requirements. In the meantime, we list below the desirable characteristics for which we should check.

1. Are the requirements correct? Both we and the customer should review the documented requirements, to ensure that they conform to our understanding of the requirements.
2. Are the requirements consistent? That is, are there any conflicting requirements? For example, if one requirement states that a maximum of 10 users can be using the system at one time, and another requirement says that in a certain situation there may be 20 simultaneous users, the two requirements are said to be inconsistent. In general, two requirements are inconsistent if  it  is  impossible  to  satisfy both simultaneously.
3. Are the requirements unambiguous? The requirements are ambiguous if multiple readers of the requirements can walk away with different but valid interpretations. Suppose a customer for a satellite control system requires the accuracy to be sufficient to support mission planning. The requirement does not tell us what mission  planning  requires  for  support. The  customer  and  the  developers  may have very different ideas as to what level of accuracy is needed. Further discussion of the meaning of 'mission planning' may result in a more precise requirement:'In identifying the position of the satellite, position error shall be less then 50 feet along orbit, less than 30 feet off orbit.' Given this more detailed requirement,we can test for position error and know exactly whether or not we have met the requirement.
4. Are the requirements complete? The set of requirements is complete if it specifies required behavior and output for all possible inputs in all possible states under all possible constraints. Thus, a payroll system should describe what happens when an employee takes a leave without pay, gets a raise, or needs an advance. We say that the requirements are externally complete if all states, state changes, inputs,

products,


[2]
trying to elicit all types of requirements from all of the relevant stakeholders, we are bound to encounter conflicting ideas of what the requirements ought to be. It usually helps to ask the customer to prioritize requirements. This task forces the customer to

TABLE 4.2, 1 = Questions to Tease Out Different Types of Requirements. TABLE 4.2, 2 = Questions to Tease Out Different Types of Requirements. Functional Requirements, 1 = Functional Requirements. Functional Requirements, 2 = Quality Requirements Performance. Functionality, 1 = Functionality. Functionality, 2 = . , 1 = . , 2 = • Are there constraints on execution speed,. • • When will the system, 1 = What will the system do?. • • When will the system, 2 = response time, or throughput?. •, 1 = do it? Are there several modes of operation?. •, 2 = • What efficiency measures will apply to resource. •, 1 = What kinds of computations or data transformations must be performed?. •, 2 = usage and response time? • Howmuch data will flow through the system? • Howoften will data be received or sent?. •, 1 = What are the appropriate reactions to possible stimuli?. •, 2 = Usability and Human Factors. Data, 1 = Data. Data, 2 = • What kind of training will be required for each. •, 1 = For both input and output,what should be the format of the data?. •, 2 = type of user? • Howeasy should it be for a user to understand. •, 1 = Must any data be retained for any period of time?. •, 2 = and use the system? • Howdifficult should it be for a user to misuse the. Design Constraints, 1 = Design Constraints. Design Constraints, 2 = system? Security. Physical Environment, 1 = Physical Environment. Physical Environment, 2 = • Must access to the system or information be. • Where is the equipment to be, 1 = located?. • Where is the equipment to be, 2 = controlled?. • Is • Are, 1 = there one location or several? there any environmental restrictions, such. • Is • Are, 2 = • Should each user's data be isolated from the data of other users?. •, 1 = as temperature, humidity, or magnetic interference?. •, 2 = • Should user programs be isolated from other programs and from the op
",0.23,6.023
When are requirements considered externally complete?,"We say that the requirements are externally complete if all states, state changes, inputs, products, and constraints are described by some requirement.","
[0]
ll possible states under all possible constraints. Thus, a payroll system should describe what happens when an employee takes a leave without pay, gets a raise, or needs an advance. We say that the requirements are externally complete if all states, state changes, inputs,

products, and constraints are described by some requirement. A requirements description  is internally  complete if  there  are  no  undefined  terms  among  the requirements.

5. Are the requirements feasible? That is, does a solution to the customer's needs even exist? For example, suppose the customer wants users to be able to access a main computer that is located several thousand miles away and have the response time for remote users be the same as for local users (whose workstations are connected directly to the main computer). Questions of feasibility often arise when the customer requires two or more quality requirements, such as a request for an inexpensive system that analyzes huge amounts of data and outputs the analysis results within seconds.
6. Is every requirement relevant? Sometimes a requirement restricts the developers unnecessarily, or includes functions that are not directly related to the customer's needs. For  example, a  general  may  decide  that  a  tank's  new  software  system should allow soldiers to send and receive electronic mail, even though the main purpose of the tank is to traverse uneven terrain.We should endeavor to keep this 'feature explosion'under control,and to help keep stakeholders focused on their essential and desirable requirements.
7. Are  the  requirements  testable? The  requirements  are testable if  they  suggest acceptance tests that would clearly demonstrate whether the eventual product meets the requirements. Consider how we might test the requirement that a system  provide  real-time  response  to  queries. We  do  not  know  what  'real-time response' is. However, if  fit  criteria  were  given, saying  that  the  system  shall respond to queries in not more than 2 seconds, then we know exactly how to test the system's reaction to queries.
8. Are the requirements traceable? A


[1]
successful, it is important that the requirements be of high quality; what is not specified usually is not built.We discuss later in this chapter how to validate and verify requirements. In the meantime, we list below the desirable characteristics for which we should check.

1. Are the requirements correct? Both we and the customer should review the documented requirements, to ensure that they conform to our understanding of the requirements.
2. Are the requirements consistent? That is, are there any conflicting requirements? For example, if one requirement states that a maximum of 10 users can be using the system at one time, and another requirement says that in a certain situation there may be 20 simultaneous users, the two requirements are said to be inconsistent. In general, two requirements are inconsistent if  it  is  impossible  to  satisfy both simultaneously.
3. Are the requirements unambiguous? The requirements are ambiguous if multiple readers of the requirements can walk away with different but valid interpretations. Suppose a customer for a satellite control system requires the accuracy to be sufficient to support mission planning. The requirement does not tell us what mission  planning  requires  for  support. The  customer  and  the  developers  may have very different ideas as to what level of accuracy is needed. Further discussion of the meaning of 'mission planning' may result in a more precise requirement:'In identifying the position of the satellite, position error shall be less then 50 feet along orbit, less than 30 feet off orbit.' Given this more detailed requirement,we can test for position error and know exactly whether or not we have met the requirement.
4. Are the requirements complete? The set of requirements is complete if it specifies required behavior and output for all possible inputs in all possible states under all possible constraints. Thus, a payroll system should describe what happens when an employee takes a leave without pay, gets a raise, or needs an advance. We say that the requirements are externally complete if all states, state changes, inputs,

products,


[2]
omplete, or overspecified requirements; unverifiable or untestable requirements; poorly presented requirements; and changed requirements. However,Beizer's taxonomy includes no design activities. He says,'Requirements, especially expressed in a specification (or often, as not expressed because there is no specification) are a major source of expensive bugs.The range is from a few percent to more than 50%, depending on application and environment.What hurts most about these bugs is that they're the earliest to invade the system and the last to leave. It's not unusual for a faulty requirement to get through all development testing, beta testing, and initial field use, only to be caught after hundreds of sites have been installed.'

Other summary statistics abound. For example, Perry and Stieg (1993) conclude that 79.6% of interface faults and 20.4% of the implementation faults are due to incomplete or omitted requirements. Similarly, Computer Weekly Report (1994) discussed a study showing that  44.1% of all  system  faults  occurred  in  the  specification  stage. Lutz  (1993b)  analyzed safety-related errors in two NASA spacecraft software systems, and found that 'the primary cause of safety-related interface faults is misunderstood hardware interface specifications' (48% to 67% of such faults), and the 'primary cause of safety-related functional faults is errors in recognizing (understanding) the requirements' (62% to 79% of such faults).What is the right number for your development environment? Only careful record keeping will tell you. These records can be used as a basis for measuring improvement as you institute new practices and use new tools.

## Verification

In verification, we want to check that our requirements-specification document corresponds to our requirements-definition document.This verification makes sure that if we implement a system that meets the specification, then that system will satisfy the customer's requirements. Most often, this is simply a check of traceability, where we ensure that each requirement in the definition document is traceable to the specification.

However, f
",0.565,3.321
What does an entity in an entity-relationship diagram represent?,"An entity, depicted as a rectangle, represents a collection (sometimes called a class) of real-world objects that have common properties and behaviors.","
[0]
to tie together multiple views and descriptions of the requirements.

The entity-relationship diagram (ER diagram) (Chen 1976) is a popular graphical notational paradigm for representing conceptual models.As we will see in Chapter 6, it forms the basis of most object-oriented requirements and design notations, where it is used to model the relationships among objects in a problem description or to model the structure of a software application. This notation paradigm is also popular for describing database schema (i.e., describing the logical structure of data stored in a database).

ER diagrams have three core constructs-entities, attributes, and relations-that are combined to specify a problem's elements and their interrelationships. Figure 4.4 is an ER diagram of the turnstile. An entity , depicted as a rectangle, represents a collection (sometimes called a class) of real-world objects that have common properties and behaviors. For example, the world contains many Coins , but for the purpose of modeling the turnstile problem, we treat all Coins as being equivalent to one another in all aspects (such as size, shape, and weight) except perhaps for their monetary value . A relationship is depicted as an edge between two entities, with a diamond in the middle of  the  edge  specifying  the  type  of  relationship. An attribute is  an  annotation  on  an entity that describes data or properties associated with the entity. For example, in the turnstile problem, we are most interested in the Coins that are inserted into the turnstile's CoinSlot (a relationship), and how their monetary values compare to the price of admission into the zoo (comparison of attribute values).Variant ER notations introduce additional constructs, such as attributes on relationships, one-to-many relationships, many-to-many relationships, special relationships like inheritance, and class-based in addition to individual-entity-based attributes. For example, our turnstile model shows the cardinality (sometimes called the 'arity') of the relationships, asserting  that  the  turnstile  is  to  admit  multiple Visitors . More sophisti


[1]
tionships like inheritance, and class-based in addition to individual-entity-based attributes. For example, our turnstile model shows the cardinality (sometimes called the 'arity') of the relationships, asserting  that  the  turnstile  is  to  admit  multiple Visitors . More sophisticated notations have the concept of a mutable entity , whose membership or whose relations to members of other entities may change over time. For example, in an ER diagram depicting a family, family  members  and  their  interrelations  change  as  they  get  married, have children, and die. By convention, the entities and relationships are laid out so that relationships are read from left to right, or from top to bottom.

FIGURE 4.4 Entity-relationship diagram of turnstile problem.

ER diagrams are popular because they provide an overview of the problem to be addressed (i.e., they depict all of the parties involved), and because this view is relatively  stable  when  changes  are  made  to  the  problem's  requirements. A  change  in requirements is more likely to be a change in how one or more entities behave than to be a change in the set of participating entities. For these two reasons, an ER diagram is likely to be used to model a problem early in the requirements process.

The simplicity of ER notations is deceptive; in fact, it is quite difficult to use ER modeling notations well in practice. It is not always obvious at what level of detail to model a particular problem, even though there are only three major language constructs. For example, should the barrier and coin slot be modeled as entities, or should they  be  represented  by  a  more  abstract  turnstile  entity? Also, it  can  be  difficult  to decide what data are entities and what data are attributes. For example, should the lock be an entity? There are arguments for and against each of these choices. The primary criteria for making decisions are whether a choice results in a clearer description, and whether a choice unnecessarily constrains design decisions.

## Example: UML Class Diagrams

An ER notation is often used by more complex approaches. For


[2]
ainst each of these choices. The primary criteria for making decisions are whether a choice results in a clearer description, and whether a choice unnecessarily constrains design decisions.

## Example: UML Class Diagrams

An ER notation is often used by more complex approaches. For example, the Unified Modeling Language (UML) (OMG 2003) is a collection of notations used to document software  specifications  and  designs. We  will  use  UML  extensively  in  Chapter  6 to describe object-oriented specifications and designs. Because UML was originally conceived  for  object-oriented  systems, it  represents  systems  in  terms  of  objects  and methods. Objects are akin to entities; they are organized in classes that have an inheritance hierarchy. Each object provides methods that perform actions on the object's variables. As  objects  execute, they  send  messages  to  invoke  each  other's  methods, acknowledge actions, and transmit data.

The flagship model in any UML specification is the class diagram , a sophisticated ER diagram relating the classes (entities) in the specification. Although most UML texts treat class diagrams primarily as a design notation, it is possible and convenient to use UML class diagrams as a conceptual modeling notation, in which classes represent real-world entities in the problem to be modeled. It may be that a class in the conceptual model, such as a Customer class, corresponds to a program class in the implementation, such  as  a  CustomerRecord, but  this  need  not  always  be  the  case. It  is  the software designer's task to take a class-diagram specification and construct a suitable design model of the implementation's class structure.

In general, the kinds of real-world entities that we would want to represent in a class diagram include actors (e.g., patrons, operators, personnel); complex data to be stored, analyzed, transformed, or displayed; or records of transient events (e.g., business  transactions, phone  conversations). The  entities  in  our  library  problem  include people, like the patrons and librarians; the items in the library's inventory, lik


[3]
ition's source state are applied, followed by the transition's own actions, followed by the entry actions and activities of the new state.

The semantics of UML diagrams, and how the different diagrams fit together, are intentionally undefined, so that specifiers can ascribe semantics that best fit their problem. However, most practitioners view UML statecharts as communicating finite-state machines with first-in, first-out (FIFO) communication channels. Each object's state machine has an input queue that holds the messages sent to the object from other objects in the model or from the model's environment. Messages are stored in the input
",0.425,5.819
How is a message depicted in a Message Sequence Chart?,"Depicted as an arrow from the sending entity to the receiving entity; the arrow's label specifies the message name and data parameters, if any.","
[0]
meline for a distinct entity, whose name appears at the top of the line. Each horizontal line represents an event or interaction between the two entities bounding the line, usually conceived as a message passed from one entity to another.Time progresses from the top to the bottom of the trace, so if one event appears above another event, then the upper event occurs before the lower event. Each graph depicts a single trace , representing only one of several possible behaviors. Figure 4.6 shows two traces for the turnstile problem: the trace on the left represents typical behavior, whereas the trace on the right shows exceptional behavior of what happens when a Visitor tries to sneak into the zoo by inserting a valueless token (a slug ) into the coin slot.

Event traces are popular among both developers and customers because traces have a semantics that is relatively precise,with the exception of timing issues,yet is simple and easy to understand. Much of the simplicity comes from decomposing requirements descriptions  into  scenarios, and  considering  (modeling, reading, understanding)  each

FIGURE 4.6 Event traces in the turnstile problem.

scenario  separately  as  a  distinct  trace. But  these  very  properties, make  event  traces inefficient for documenting behavior.We would not want to use traces to provide a complete description of required behavior, because the number of scenarios we would have to  draw  can  quickly  become  unwieldy. Instead, traces  are  best  used  at  the  start  of  a project, to  come  to  consensus  on  key  requirements  and  to  help  developers  identify important entities in the problem being modeled.

## Example: Message Sequence Chart

Message Sequence Charts (ITU 1996) are an enhanced event-trace notation, with facilities for creating and destroying entities, specifying actions and timers, and composing traces. Figure 4.7 displays an example Message Sequence Chart (MSC) for a loan transaction in our library problem. Each vertical line represents a participating entity , and a message is  depicted as an arrow from the sending entity to the receiving entity; t


[1]
nd timers, and composing traces. Figure 4.7 displays an example Message Sequence Chart (MSC) for a loan transaction in our library problem. Each vertical line represents a participating entity , and a message is  depicted as an arrow from the sending entity to the receiving entity; the arrow's label specifies the message name and data parameters, if any.A message arrow may slope downwards (e.g., message recall notice ) to reflect the passage of time between when the message is sent and when it is received. Entities may come and go during the course of a trace; a dashed arrow, optionally annotated with data parameters, represents a create event that spawns a new entity, and a cross at the bottom of an entity line represents the end of that entity's execution. In contrast, a solid rectangle at the end of the line represents the end of an entity's specification without meaning the end of its execution. Actions , such as invoked operations or changes to variable values, are specified as labeled rectangles positioned on an entity's execution line, located at

FIGURE 4.7 Message Sequence Chart for library loan transaction.

the point in the trace where the action occurs.Thus, in our MSC model of a library loan, loan requests are sent to the Publication to be borrowed, and the Publication entity is responsible for creating a Loan entity that manages loan-specific data, such as the due date . Reserving an item that is out on loan results in a recall of that item. Returning  the  borrowed  item  terminates  the  loan, but  not  before  calculating  the overdue fine , if any, for returning the item after the loan's due date .

There  are  facilities  for  composing  and  refining  Message  Sequence  Charts. For example, important states in an entity's evolution can be specified as conditions , represented as labeled hexagons.We can then specify a small collection of subtraces between conditions, and derive a variety of traces by composing the charts at points where the entities' states are the same. For example there are multiple scenarios between state publication on loan and the end of the loan transition:


[2]
ween objects as implicit communication channels.As with sequence diagrams, the objects are icons, and arrows are used to depict the messages. However, unlike sequence diagrams, the sequence of

FIGURE 6.23 Sequence diagram for the Refuel use case.

FIGURE 6.24 Communication diagram for the Parking use case.

messages is indicated by a numbering scheme. For example, the communication diagram  in  Figure  6.24 shows  the Parking use  case. First, the parking() message, labeled '1,' is sent from the Customer class to the Service station class.Then, the check_availability() message is sent from Service station to Parking ; it is labeled with a '2.'There are five messages sent within this single use case.

So far, we have used UML diagrams to capture individual scenarios. The UML supports two more kinds of interaction diagrams, state and activity, that are used to model the dynamic behavior of entire objects or operations.A state diagram shows the possible states an object can take, the events that trigger the transition from one state to the next, and the actions that result from each state change. Usually, an object state is related  to  a  set  of  attribute  values, and  events  occur  when  messages  are  sent  or received. Thus, a state diagram is needed only for classes where the objects exhibit dynamic behavior with many changing attribute values and messages.

The notation for a state diagram is similar to that of the state transition diagrams introduced in Chapter 4. As shown in Figure 6.25, the start node is represented by a black dot, and the end node is a smaller black dot inside a white dot.A rectangle represents a state, with an arrow showing a transition from one state to another.A condition is noted with a bracketed expression next to an arrow. For instance, if no payment is made to an account within 90 days, the account becomes delinquent.We can now build state diagrams for the Royal Service Station classes. As examples, Figure 6.25 shows the state diagram for the Account class and Figure 6.26 shows the state diagram for the Fuel class.

We can use activity diagrams to model the flow of


[3]
ition's source state are applied, followed by the transition's own actions, followed by the entry actions and activities of the new state.

The semantics of UML diagrams, and how the different diagrams fit together, are intentionally undefined, so that specifiers can ascribe semantics that best fit their problem. However, most practitioners view UML statecharts as communicating finite-state machines with first-in, first-out (FIFO) communication channels. Each object's state machine has an input queue that holds the messages sent to the object from other objects in the model or from the model's environment. Messages are stored in the input
",0.359,3.033
What happens when a transition fires in a Petri net?,"When a transition fires , it removes tokens from each of its input places and inserts tokens into each of its output places. The firing of this transition produces a new marking, which may enable a different set of transitions.","
[0]
t all must occur before a team of doctors begins a more thorough examination. Once the treatment begins (i.e., once the transition is made from a preliminary examination to a thorough one), the  doctors  start  new  activities. The  orthopedic  doctors  check  for  broken  bones, while the hematologist runs blood tests and the surgeon puts stitches in a bleeding

wound.The doctors' activities are independent of one another, but none can occur until the transition from the preliminary examination takes place.A state-machine model of the emergency room might specify only a single order of events, thereby excluding several acceptable behaviors, or it might specify all possible sequences of events, resulting in an overly complex model for a relatively simple problem. A Petri net model of the same emergency room nicely avoids both of these problems.

Basic Petri nets are fine for modeling how control flows through events or among concurrent entities. But if we want to model control that depends on the value of data (e.g., borrowing a particular book from a collection of books), then we need to use a high-level Petri net notation.A number of extensions to basic Petri nets have been proposed to improve the notation's expressibility, including inhibitor arcs, which enable a transition only if the input place is empty of tokens; priority among transitions; timing constraints; and structured tokens, which have values.

To model our library problem, which tracks information and events for multiple patrons and publications, we need a Petri net notation that supports structured tokens and transition actions (Ghezzi et al. 1991). A transition action constrains which tokens in  the  input  places  can  enable  the  transition  and  specifies  the  values  of  the  output tokens. Figure 4.13 is a high-level Petri net specification for the library problem. Each place stores tokens of a different data type. Avail stores a token for every library item that is not currently out on loan.A token in Fines is an n -tuple (i.e., an ordered set of n elements, sometimes called a tuple for short) that maps a patron to the valu


[1]
o model the property as an attribute. Alternatively, if the events to which the object is ready to react depend on a property (e.g., whether a book is out on loan), then it is best to model the property as a state. Otherwise,choose the representation that results in the simplest model that is easiest to understand.

## Example: Petri Nets

UML statechart diagrams nicely modularize a problem's dynamic behavior into the behaviors of individual class objects, with the effect that it may be easier to consider each class's behavior separately than it is to specify the whole problem in one diagram. This modularization makes it harder, though, to see how objects interact with each other. Looking at an individual statechart diagram, we can see when an object sends a message to another object. However, we have to examine the two objects' diagrams simultaneously to see that a message sent by one object can be received by the other. In fact, to be completely sure, we would have to search the possible executions (event traces) of the two machines, to confirm that whenever one object sends a message to the other, the target object is ready to receive and react to the message.

Petri nets (Peterson 1977) are a form of state-transition notation that is used to model concurrent activities and their interactions. Figure 4.12 shows a basic Petri net specifying the behavior of a book loan. The circles in the net are places that represent

FIGURE 4.12 Petri net of book loan.

activities or conditions, and the bars represent transitions . Directed arrows, called arcs , connect a transition with its input places and its output places . The places are populated with tokens , which act as enabling conditions for the transitions.When a transition fires , it removes tokens from each of its input places and inserts tokens into each of its output places. Each arc can be assigned a weight that specifies how many tokens are removed from the arc's input place, or inserted into the arc's output place, when the transition fires. A transition is enabled if each of its input places contains enough tokens to contribute its arc's weigh


[2]
laces. Each arc can be assigned a weight that specifies how many tokens are removed from the arc's input place, or inserted into the arc's output place, when the transition fires. A transition is enabled if each of its input places contains enough tokens to contribute its arc's weight's worth of tokens, should the enabled transition actually fire.Thus, in  Figure  4.12, transitions Return,Withdraw  Return  Request , and Withdraw Loan Request are all enabled; firing transition Return removes a token from each of the places ReturnRequest and OnLoan , and inserts a token into Avail . The net's marking , which is the distribution of tokens among places, changes as transitions fire. In each execution step, the marking determines the set of enabled transitions; one enabled transition is nondeterministically selected to fire; the firing of this transition produces a new marking, which may enable a different set of transitions.We can model concurrent behavior by combining into a single net the activities, transitions, and tokens for several executing entities. Concurrent entities are synchronized whenever their activities, or places, act as input places to the same transition. This synchronization ensures that all of the pre-transition activities occur before the transition fires, but does not constrain the order in which these activities occur.

These features of concurrency and synchronization are especially useful for modeling events whose order of occurrence is not important. Consider the emergency room in a hospital. Before a patient can be treated, several events must occur.The triage staff must attempt to find out the name and address of the patient and to determine the patient's blood type. Someone must see if the patient is breathing, and also examine the patient for injuries. The events occur in no particular order, but all must occur before a team of doctors begins a more thorough examination. Once the treatment begins (i.e., once the transition is made from a preliminary examination to a thorough one), the  doctors  start  new  activities. The  orthopedic  doctors  check  for  broken  bones, whi
",0.4,5.319
What is a descriptive notation?,"A descriptive notation is a notation that describes a problem or a proposed solution in terms of its properties or its invariant behaviors. For example, ER diagrams are descriptive, in that they express relationship properties among entities.","
[0]
process completion, and variable values. Such models also help the reader to visualize global behavior, in the form of paths representing allowable execution traces through the model.

Operational notations are less effective at expressing global properties or constraints. Suppose we were modeling a traffic light, and we wanted to assert that the lights controlling traffic in cross directions are never green at the same time, or that the lights in each direction are periodically green. We could build an operational model that exhibits these behaviors implicitly, in that all paths through the model satisfy these properties. However, unless the model is closed -meaning that the model expresses all of the desired behavior, and that any implementation that performs additional functionality is incorrect-it is ambiguous as to whether these properties are requirements to be satisfied or simply are accidental effects of the modeling decisions made.

Instead, global properties and constraints are better expressed using a descriptive notation, such as logic. A descriptive notation is a notation that describes a problem or a proposed solution in terms of its properties or its invariant behaviors. For example, ER diagrams are descriptive, in that they express relationship properties among entities.A logic consists of a language for expressing properties, plus a set of inference rules for deriving new, consequent properties from the stated properties. In mathematics, a logical expression, 5 called a formula , evaluates to either true or false, depending on the values of the variables that appear in the formula. In contrast, when logic is used to express a property of a software problem or system, the property is an assertion about the problem or system that should be true . As such, a property specification represents only those values of the property's variables for which the property's expression evaluates to true .

There are multiple variants of logic that differ in how expressive their property notation is, or in what inference rules they provide.The logic commonly used to express properties  of  software


[1]
as hierarchies of boxes and arrows, to combinations of pictures and text that link the graphical depiction to tables and functions elaborating on the high-level illustration. Many of the modeling notations can also be used for representing requirements and designs; we examine some of them in later chapters.

In this chapter, the notation is secondary to the type of model, and we focus on two major categories, static and dynamic. A static model depicts the process, showing that the inputs are transformed to outputs.A dynamic model enacts the process, so the user can see how intermediate and final products are transformed over time.

## Static Modeling: Lai Notation

There are many ways to model a process statically. In the early 1990s, Lai (1991) developed a comprehensive process notation that is intended to enable someone to model any process at any level of detail. It builds on a paradigm where people perform roles while resources perform activities, leading to the production of artifacts. The process model shows the relationships among the roles, activities, and artifacts, and state tables show information about the completeness of each artifact at a given time.

In particular, the elements of a process are viewed in terms of seven types:

1. Activity: Something that will happen in a process. This element can be related to what  happens  before  and  after, what  resources  are  needed, what  triggers  the activity's start, what rules govern the activity, how to describe the algorithms and lessons learned, and how to relate the activity to the project team.
2. Sequence: The order of activities. The sequence can be described using triggers, programming constructs, transformations, ordering, or satisfaction of conditions.
3. Process model: A view of interest about the system. Thus, parts of the process may be represented as a separate model, either to predict process behavior or to examine certain characteristics.
4. Resource: A necessary item, tool, or person. Resources can include equipment, time, office space, people, techniques, and so on.The process model identifies how much of each resource i


[2]
izes  a  scenario's  temporal  ordering  of  messages because it organizes messages along a timeline. On the other hand, the collaboration  diagram  emphasizes  the  classes'  relationships, and  treats  the  messages  as elaborations  of  those  relationships  in  the  way  that  it  represents  messages  as arrows between classes in the class diagram.
- Statechart diagram (a state-machine model): A UML statechart diagram specifies how each instance of one class in the specification's class diagram behaves. Before writing a statechart for a class (more specifically, for a representative object of that class), we should identify the states in the object's life cyle, the events that this object sends to and receives from other objects, the order in which these states and events occur, and the operations that the object invokes. Because such information is fairly detailed, a statechart diagram should not be attempted until late in the requirements phase, when the problem's details are better understood.
- OCL properties (logic): OCL expressions are properties about a model's elements (e.g., objects, attributes, events, states, messages). OCL properties can be used in any of the above models, to explicate the model's implicit behavior or to impose constraints on the model's specified behavior.

Most of these notations were discussed in the preceding section, as examples of different notation paradigms. In Chapter 6, we will see more details about how UML works, by applying it to a real-world problem for both specification and design.

## Specification and Description Language (SDL)

The Specification and Description Language (SDL) (ITU 2002) is a language standardized  by  the  International  Telecommunications  Union  for  specifying  precisely  the behavior of real-time, concurrent, distributed processes that communicate with each other via unbounded message queues. SDL comprises three graphical diagrams, plus algebraic specifications for defining complex data types:

- SDL system diagram (a DFD): An SDL system diagram,shown in Figure 4.21(a), depicts the top-level blocks of the specification and the
",0.508,5.263
What do early design decisions regarding a system's architecture explain?,"Early design decisions address the system's architecture , explaining how to decompose the system into units, how the units relate to one another, and describing any externally visible properties of the units (Bass, Clements, and Kazman 2003).","
[0]
t types of decomposition. Just as buildings are sometimes constructed of prefabricated sections based on commonly needed architectural constructs, some prefabricated software architectural styles can be used as guidelines for decomposing a new system. Often,there will be multiple ways to design the architecture, so we explore how to compare competing designs and choose the one that best suits our needs. We learn how to document our decisions in a software architecture document (SAD) as the architecture starts  to  stabilize, and  how  to  verify  that  this  architecture  will  meet  the  customer's requirements.The steps we lay out result in a software architecture that guides the rest of the system's development.

## 5.1 THE DESIGN PROCESS

At this point in the development process, we have a good understanding of our customer's  problem, and  we  have  a  requirements  specification  that  describes  what  an

acceptable software solution would look like. If the specification was done well, it has focused on function, not form; that is, it gives few hints about how to build the proposed system. Design is the creative process of figuring out how to implement all of the customer's requirements; the resulting plan is also called the design .

Early  design  decisions  address  the  system's architecture , explaining  how  to decompose the system into units, how the units relate to one another, and describing any externally visible properties of the units (Bass, Clements, and Kazman 2003). Later design decisions address how to implement the individual units. To see how architecture  relates  to  both  design  and  requirements, consider  again  the  example  in  which Chuck and Betsy Howell want to build a new house.Their requirements include

- rooms for them and their three children to sleep
- a place for the children to play
- a kitchen and a large dining room that will hold an extendable table
- storage for bicycles, lawn mower, ladder, barbecue, patio furniture, and more
- a place for a piano
- heating and air conditioning

and so on. From the requirements, an architect produces preliminary desig


[1]
in ways that harmonize customer needs with the realities of materials, cost, and availability. They are the earliest design decisions to be made and, once implemented, are the hardest to change. In contrast, later design decisions, such as those regarding flooring, cabinetry, wall paint, or paneling, are relatively localized and easy to modify.

Difficult to change does not mean impossible. It is not unusual or unreasonable for the architecture or specifications to change as the house is being built. Modifications may not be proposed on a whim, but instead on a change in perception or need, or in reaction to new information. In the Howells' house, engineers may suggest changes to reduce costs, such as moving bathrooms or the location of the kitchen sink, so that they can share water pipes and drains. As the Howells think about how rooms will be used, they may ask that a heating duct be rerouted, so that it does not run along the wall where they plan to put their piano. If there are construction-cost overruns, they may scale back their plans to stay within their budget. It makes sense for the Howells to raise these issues and to change their specifications now, rather than be stuck with a house  that  displeases  them, does  not  suit  their  needs, or  costs  more  than  they  can afford. Indeed, a customer, in concert with the developers, will often modify requirements well after the initial requirements analysis is complete.

In  many  ways, designing  software  resembles  the  process  of  designing  a  new house. We are obligated to devise a solution that meets the customer's needs, as documented in the requirements specification. However, as with the Howells' house, there may not be a single 'best' or 'correct' architecture, and the number of possible solutions may be limitless. By gleaning ideas from past solutions and by seeking regular feedback from the customer, designers create a good architecture, one that is able to accommodate and adapt to change, that results in a product that will make the customer happy, and that is a useful reference and source of guidance throughout the product's


[2]
ou may want to build a prototype to evaluate several options or to demonstrate possibilities to your customers.

The goal is not to design the ideal software architecture for a system, because such an architecture might not even exist. Rather, the goal is to design an architecture

that meets all of the customer's requirements while staying within the cost and schedule constraints that we discussed in Chapter 3.

## 5.14 WHAT THIS CHAPTER MEANS FOR YOUR DEVELOPMENT TEAM

There are many team activities involved in architecture and design. Because designs are usually expressed as collections of components, the interrelationships among components and data must be well documented. Part of the design process is to have frequent  discussions  with  other  team  members, not  only  to  coordinate  how  different components will interact but also to gain a better understanding of the requirements and of the implications of each design decision you make.

You must also work with users to decide how to design the system's interfaces. You may develop several prototypes to show users the possibilities, to determine what meets performance requirements, or to evaluate for yourself the best 'look and feel.'

Your choice of architectural strategy and documentation must be made in the context  of  who  will  read  your  designs  and  who  must  understand  them. Mappings among views help explain which parts of the design affect which components and data. It is essential that you document your design clearly and completely, with discussions of the options you had and the choices you made.

As a team member, you will participate in architectural reviews, evaluating the architecture and making suggestions for improvement. Remember that you are criticizing the architecture, not the architect, and that software development works best when egos are left out of the discussion.

## 5.15 WHAT THIS CHAPTER MEANS FOR RESEARCHERS

The architectures in this chapter are depicted as simple box-and-line diagrams, and we note that the modeling techniques discussed in Chapters 4 and 6 may also be useful in modeling the system. Howeve
",0.346,4.883
How do components interact in a publish-subscribe architecture?,"Components interact by broadcasting and reacting to events. A component expresses interest in an event by subscribing to it. Then, when another component announces ( publishes ) that the event has taken place, the subscribing components are notified. The underlying publish-subscribe infrastructure is responsible both for registering event subscriptions and delivering published events to the appropriate components. Implicit invocation is a common form of publish-subscribe architecture, in which a subscribing component associates one of its procedures with each event of interest (called registering the procedure). In this case, when the event occurs, the publish-subscribe infrastructure invokes all of the event's registered procedures. In contrast to client-server and P2P components, publish-subscribe components know nothing about each other. Instead, the publishing component simply announces events and then waits for interested components to react; each subscribing component simply reacts to event announcements, regardless of how they are published. In models of this kind of architecture, the underlying infrastructure is often represented as an event bus to which all publish-subscribe components are connected.","
[0]
line at a time. When it recognizes that it has reached a set breakpoint, it announces the event 'reached breakpoint'; then, the system forwards the event to all registered tools, including the editor, and the editor reacts to the event by automatically scrolling to the source-code line that corresponds  to  the  breakpoint. Other  events  that  the  debugger  might  announce  include entry and exit points of functions, runtime errors, and comments to clear or reset the program's execution. However, the debugger is not aware of which tools, if any, have registered for the different events, and it has no control over what the other tools will do in response to one of its events. For this reason, a publish-subscribe system will often include  some  explicit  invocations  (e.g., calls  to  access  methods)  when  a  component wants to enforce or confirm a specific reaction to a critical event.

Publish-subscribe  systems  have  several  strengths  and  weaknesses  (Shaw  and Garlan 1996):

- Such  systems  provide  strong  support  for  system  evolution  and  customization. Because  all  interactions  are  orchestrated  using  events, any  publish-subscribe

- component can be added to the system and can register itself without affecting other components.
- For the same reason, we can easily reuse publish-subscribe components in other event-driven systems.
- Components can pass data at the time they announce events. But if components need to share persistent data, the system must include a shared repository to support  that  interaction. This  sharing  can  diminish  the  system's  extensibility  and reusability.
- Publish-subscribe systems are difficult to test, because the behavior of a publishing component will depend on which subscribing components are monitoring its events.Thus, we cannot test the component in isolation and infer its correctness in an integrated system.

## Repositories

A repository style of architecture consists of two types of components: a central data store and associated data-accessing components. Shared data are stockpiled in the data store, and the data accessors are comp


[1]
graphs or video), or one peer needs to be able to trust another (e.g., the content is protected or contains valuable corporate information), then a P2P architecture may not be the best choice; a centralized server architecture may be more appropriate.

## Publish-Subscribe

In a publish-subscribe architecture, components interact by broadcasting and reacting to events. A component expresses interest in an event by subscribing to it. Then, when another component announces ( publishes ) that the event has taken place, the subscribing components are notified.The underlying publish-subscribe infrastructure is responsible both for registering event subscriptions and for delivering published events to the appropriate components. Implicit invocation is  a  common form of publish-subscribe architecture, in which a subscribing component associates one of its procedures with each event of interest (called registering the procedure). In this case, when the event occurs, the publish-subscribe infrastructure invokes all of the event's registered procedures. In contrast to client-server and P2P components, publish-subscribe components know nothing about each other. Instead, the publishing component simply announces events and then waits for interested components to react; each subscribing component simply reacts to event announcements, regardless of how they are published. In models of this kind of architecture, the underlying infrastructure is often represented as an event bus to which all publish-subscribe components are connected.

This is a common architectural style for integrating tools in a shared environment. For example, Reiss (1990) reports on an environment called Field, where tools such as editors register for events that might occur during a debugger's functioning.To see how, consider that the debugger processes code, one line at a time. When it recognizes that it has reached a set breakpoint, it announces the event 'reached breakpoint'; then, the system forwards the event to all registered tools, including the editor, and the editor reacts to the event by automatically scrolling to the source-code l


[2]
For  instance, we  might  decompose  one  architecture's  publish-subscribe  interactions to elaborate the components and protocols used to manage event subscriptions and to notify subscribing components of event announcements.

- Our architecture  may  use  a  mixture  of  architectural  styles  to  model  different components or different types of interactions among components, such as the architecture  shown  in  Figure  5.10. In  this  example, several  client  components interact  with  each  other  using  publish-subscribe  communications. These  same components  use  server  components  via  request/reply  protocols; in  turn, the server components interact with a shared data repository. In this example, the architecture integrates different styles into a single model by allowing components to play multiple roles (e.g., client, publisher, and subscriber) and to engage in multiple types of interactions.
- Integration of different architectural styles is easier if the styles are compatible. For example, all the styles being combined might relate runtime components, or all might relate code units. Alternatively, we may create and maintain different views  of  the  architecture, as  building  architects  do  (e.g., the  electrical  wiring view, the plumbing view, the heating and air conditioning view, and so on). This approach is appropriate if integrating the views would result in an overly complex model,such as when components interact with each other in multiple ways (e.g., if pairs of components interact using both implicit invocation and explicit method calls), or if the mapping between the views' components is messy (i.e., is a manyto-many relationship).

If the resulting architecture is expressed as a collection of models, we must document how the models relate to one another. If one model simply shows the decomposition of an element from a more abstract model, then this relationship is straightforward. If, instead, two models show different views of the system, and if there is no obvious mapping between the two views' software units,then documenting the views' correspondence is all the m
",0.429,9.186
What information is mapped in a deployment view of an architecture?,"The deployment view maps runtime entities, such as components and connectors, onto computer resources, such as processors, data stores, and communication networks. It helps the architect analyze the quality attributes of a design, such as performance, reliability, and security.","
[0]
s.
- Deployment view: This view maps runtime entities, such as components and connectors, onto computer resources, such as processors, data stores, and communication networks. It helps the architect analyze the quality attributes of a design, such as performance, reliability, and security.
- Work-assignment  view: This  view  decomposes  the  system's  design  into  work tasks that can be assigned to project teams. It helps project managers plan and allocate project resources, as well as track each team's progress.

Each view is a model of some aspect of the system's structure, such as code structure, runtime structure, file structure, or project team structure. A system's architecture represents  the  system's  overall  design  structure; thus, it  is  the  full  collection  of  these views. Normally, we do not attempt to combine views into a single integrated design, because such a description-comprising multiple overlays of different decompositionswould be too difficult to read and keep up-to-date. Later in this chapter, we discuss how to document a system's architecture as a collection of views.The documentation includes mappings among views so that we can understand the big picture.

## 5.4 ARCHITECTURAL STYLES AND STRATEGIES

Creating  a  software  architectural  design  is  not  a  straightforward  task. The  design progresses in bursts of activity, with the design team often alternating between top-down

and bottom-up analysis. In top-down design, the team tries to partition the system's key functions into distinct modules that can be assigned to separate components. However, if the team recognizes that a known, previously implemented design solution might be useful, the team may switch to a bottom-up design approach, adapting a prepackaged solution.

Often, our approaches to solving some problems have common features, and we can  take  advantage  of  the  commonality  by  applying  generalized  patterns. Software architectural styles are established, large-scale patterns of system structure.Analogous to architectural styles for buildings, software architectural styles have defining rules, e


[1]
s traditional view of a system's decomposition portrays the system as programmable units.As depicted in Figure 5.5, this view is likely to be

- hierarchical and may be represented by multiple models. For example, a software unit in one model may be expanded in another model to show its constituent units.
- Dependencies view: This view shows dependencies among software units, such as when one unit calls another unit's procedures or when one unit relies on data produced by one or more other units.This view is useful in project planning, to identify which software units are dependency free and thus can be implemented and tested in isolation. It is also useful for assessing the impact of making a design change to some software unit.
- Generalization view: This view shows software units that are generalizations or specializations of one another. An obvious example is an inheritance hierarchy among  object-oriented  classes. In  general, this  view  is  useful  when  designing abstract or extendible software units: the general unit encapsulates common data and functionality, and  we  derive  various  specialized  units  by  instantiating  and extending the general unit.
- Execution view: This view is the traditional box-and-arrow diagram that software architects draw, showing the runtime structure of a system in terms of its components and connectors. Each component is a distinct executing entity, possibly with its  own  program  stack. A connector is  some  intercomponent  communication mechanism, such as a communication channel, shared data repository, or remote procedure call.
- Implementation view: This view maps code units, such as modules, objects, and procedures, to the source file that contains their implementation. This view helps programmers find the implementation of a software unit within a maze of sourcecode files.
- Deployment view: This view maps runtime entities, such as components and connectors, onto computer resources, such as processors, data stores, and communication networks. It helps the architect analyze the quality attributes of a design, such as performance, reliability, and sec


[2]
in this case, the stakeholder.

Given the many uses of the SAD,we have many readers to satisfy with a single document. As such,we may choose to split the SAD into different but related documents,where each piece addresses a different type of reader.Alternatively, we can try to merge all information into a single document, with directions to guide different readers to their information of interest. For example, we may suggest that customers read the system overview plus summaries of each view. By contrast, developers would be expected to read details of the software units they are to implement, the uses view to see how the units relate to the rest of the system, any other view that uses the corresponding architectural elements, and the mappings among views to see if the units correspond to other architectural elements.

## Mappings among Views

How many and which views to include in the SAD depends on the structure of the system being designed and the quality attributes that we want to measure. At the very least, the SAD should contain a decomposition view showing the design's constituent code units, plus an execution view showing the system's runtime structure. In addition, a deployment view that assigns software units to computing resources is essential if we want to reason about the system's performance.Alternatively, we may include multiple execution  views, each  based  on  a  different  architectural  style, if  each  of  the  styles reflects  useful  ways  of  thinking  about  the  system's  structure  and  interactions. For example, if our design is based on a publish-subscribe style, in which components are triggered by events, we may also include a pipe-and-filter view that depicts the order in which components are to be invoked.

Because our design is documented as a collection of views, we should show how the views relate to one another. If one view details an element that is a software unit in a more abstract view, then this relationship is straightforward. However, if two views show different aspects of the same part of the design, and if there is no obvious correspondence between the e


[3]
t as each type of diagram or chart reveals an issue or perspective that enhances our understanding of the problem or solution,each metric provides a different perspective on the design's quality and complexity that can help us anticipate and address problem areas of the software during development and maintenance.

## 6.8 DESIGN DOCUMENTATION

In  Chapter 5, we discussed how to capture the details of the system architecture in a Software Architecture Document (SAD).The SAD acts as a bridge between the requirements and the design.In the same way,the program design acts as a bridge from the architectural design to the code, describing the modules in enough detail that programmers can
",0.458,3.953
How do layered systems organize software units?,"Layered systems organize the system's software units into layers, each of which provides services to the layer above it and acts as a client to the layer below. In a 'pure' layered system, a software unit in a given layer can access only the other units in the same layer and services offered by the interface to the layer immediately below it.","
[0]
oard, where people (knowledge sources) iteratively improve the write-up by walking up to the blackboard, erasing some part of the writing, and replacing it with new writing (Shaw and Garlan 1996).

An important property of this style of architecture is the centralized management of the system's key data. In the data store, we can localize responsibility for storing persistent data, managing concurrent access to the data, enforcing security and privacy policies, and protecting the data against faults (e.g., via backups). A key architectural decision is whether to map data to more than one data store. Distributing or replicating data may improve system performance, but often there are costs: adding complexity, keeping data stores consistent, and reducing security.

## Layering

Layered systems organize the system's software units into layers, each of which provides services to the layer above it and acts as a client to the layer below. In a 'pure' layered system, a software unit in a given layer can access only the other units in the same layer and services offered by the interface to the layer immediately below it. To improve performance, this constraint may be relaxed in some cases, allowing a layer to access the services of layers below its lower neighbor; this is called layer bridging . However, if a design includes a lot of layer bridging, then it loses some of the portability and maintainability that the layering style offers. Under no circumstances does a layer access the services offered by a higher-level layer; the resulting architecture would no longer be called layered.

To see how this type of system works, consider Figure 5.9, which depicts the Open Systems Interconnection (OSI) reference model for network communications (International  Telecommunication  Union  1994). The  bottom  layer  provides  facilities  for transferring data bits over a physical link, like a cable-possibly unsuccessfully. The next layer, the Data Link Layer, provides more complex facilities: it transmits fixedsized data frames, routes data frames to local addressable machines, and recovers from simple transmission


[1]
est level encapsulates the software's interactions with the platform. Moreover, because a layer can interact only  with  its  neighboring  layers, layer  modification  is  relatively  easy; such  changes should affect at most only the two adjacent layers.

On the other hand, it is not always easy to structure a system into distinct layers of increasingly powerful services, especially when software units are seemingly interdependent. Also, it may appear that layers introduce a performance cost from the set of calls  and  data  transfers  between  system  layers. Fortunately, sophisticated  compilers, linkers, and loaders can reduce this overhead (Clements et al. 2003).

## Combining Architectural Styles

It is easiest to think about an architectural style and its associated properties when we consider the style in its purest form. However, actual software architectures are rarely based purely on a single style. Instead, we build our software architecture by combining different architectural styles, selecting and adapting aspects of styles to solve particular problems in our design.

Architectural styles can be combined in several ways:

- We might use different styles at different levels of our system's decomposition. For example, we might view our system's overall structure as a client-server architecture, but subsequently decompose the server component into a series of layers. Or a simple intercomponent connection at one level of abstraction may be refined to be a collection of components and connectors at a lower level of decomposition.


[2]
s traditional view of a system's decomposition portrays the system as programmable units.As depicted in Figure 5.5, this view is likely to be

- hierarchical and may be represented by multiple models. For example, a software unit in one model may be expanded in another model to show its constituent units.
- Dependencies view: This view shows dependencies among software units, such as when one unit calls another unit's procedures or when one unit relies on data produced by one or more other units.This view is useful in project planning, to identify which software units are dependency free and thus can be implemented and tested in isolation. It is also useful for assessing the impact of making a design change to some software unit.
- Generalization view: This view shows software units that are generalizations or specializations of one another. An obvious example is an inheritance hierarchy among  object-oriented  classes. In  general, this  view  is  useful  when  designing abstract or extendible software units: the general unit encapsulates common data and functionality, and  we  derive  various  specialized  units  by  instantiating  and extending the general unit.
- Execution view: This view is the traditional box-and-arrow diagram that software architects draw, showing the runtime structure of a system in terms of its components and connectors. Each component is a distinct executing entity, possibly with its  own  program  stack. A connector is  some  intercomponent  communication mechanism, such as a communication channel, shared data repository, or remote procedure call.
- Implementation view: This view maps code units, such as modules, objects, and procedures, to the source file that contains their implementation. This view helps programmers find the implementation of a software unit within a maze of sourcecode files.
- Deployment view: This view maps runtime entities, such as components and connectors, onto computer resources, such as processors, data stores, and communication networks. It helps the architect analyze the quality attributes of a design, such as performance, reliability, and sec
",0.481,5.09
What is layer bridging?,"Layer bridging is when, to improve performance, the constraint that a layer can only access services of the layer immediately below it is relaxed, allowing a layer to access the services of layers below its lower neighbor.","
[0]
oard, where people (knowledge sources) iteratively improve the write-up by walking up to the blackboard, erasing some part of the writing, and replacing it with new writing (Shaw and Garlan 1996).

An important property of this style of architecture is the centralized management of the system's key data. In the data store, we can localize responsibility for storing persistent data, managing concurrent access to the data, enforcing security and privacy policies, and protecting the data against faults (e.g., via backups). A key architectural decision is whether to map data to more than one data store. Distributing or replicating data may improve system performance, but often there are costs: adding complexity, keeping data stores consistent, and reducing security.

## Layering

Layered systems organize the system's software units into layers, each of which provides services to the layer above it and acts as a client to the layer below. In a 'pure' layered system, a software unit in a given layer can access only the other units in the same layer and services offered by the interface to the layer immediately below it. To improve performance, this constraint may be relaxed in some cases, allowing a layer to access the services of layers below its lower neighbor; this is called layer bridging . However, if a design includes a lot of layer bridging, then it loses some of the portability and maintainability that the layering style offers. Under no circumstances does a layer access the services offered by a higher-level layer; the resulting architecture would no longer be called layered.

To see how this type of system works, consider Figure 5.9, which depicts the Open Systems Interconnection (OSI) reference model for network communications (International  Telecommunication  Union  1994). The  bottom  layer  provides  facilities  for transferring data bits over a physical link, like a cable-possibly unsuccessfully. The next layer, the Data Link Layer, provides more complex facilities: it transmits fixedsized data frames, routes data frames to local addressable machines, and recovers from simple transmission


[1]
for transferring data bits over a physical link, like a cable-possibly unsuccessfully. The next layer, the Data Link Layer, provides more complex facilities: it transmits fixedsized data frames, routes data frames to local addressable machines, and recovers from simple transmission errors.The Data Link Layer uses the bottom Physical Layer's facilities to perform the actual transmission of bits between physically connected machines. The Network Layer adds the ability to transmit variable-sized data packets, by breaking packets into fixed-sized data frames which are then sent using the Data Link facilities; the Network Layer also expands the routing of data packets to nonlocal machines. The Transport Layer adds reliability, by recovering from routing errors, such as when data frames are lost or reordered as they are routed (along possibly different paths) through the network.The Session Layer uses the Transport Layer's reliable data-transfer services  to  provide  long-term  communication  connections, over  which  lengthy  data exchanges can take place.The Presentation Layer provides translation among different data representations, to support data exchanges among components that use different data formats. The Application Layer provides application-specific services, such as file transfers if the application is a file-transfer program.

In the OSI example, each layer raises the level of abstraction of the communication services that are available to the next layer, and hides all of the details about how

FIGURE 5.9 Layered architecture of OSI model for network communications.

those services are implemented. In general, the layering style is useful whenever we can decompose our system's functionality into steps, each of which builds on previous steps. The resulting design is easier to port to other platforms, if the lowest level encapsulates the software's interactions with the platform. Moreover, because a layer can interact only  with  its  neighboring  layers, layer  modification  is  relatively  easy; such  changes should affect at most only the two adjacent layers.

On the other hand, it is no


[2]
est level encapsulates the software's interactions with the platform. Moreover, because a layer can interact only  with  its  neighboring  layers, layer  modification  is  relatively  easy; such  changes should affect at most only the two adjacent layers.

On the other hand, it is not always easy to structure a system into distinct layers of increasingly powerful services, especially when software units are seemingly interdependent. Also, it may appear that layers introduce a performance cost from the set of calls  and  data  transfers  between  system  layers. Fortunately, sophisticated  compilers, linkers, and loaders can reduce this overhead (Clements et al. 2003).

## Combining Architectural Styles

It is easiest to think about an architectural style and its associated properties when we consider the style in its purest form. However, actual software architectures are rarely based purely on a single style. Instead, we build our software architecture by combining different architectural styles, selecting and adapting aspects of styles to solve particular problems in our design.

Architectural styles can be combined in several ways:

- We might use different styles at different levels of our system's decomposition. For example, we might view our system's overall structure as a client-server architecture, but subsequently decompose the server component into a series of layers. Or a simple intercomponent connection at one level of abstraction may be refined to be a collection of components and connectors at a lower level of decomposition.
",0.562,3.167
"In a fault tree, when is a parent node drawn as an and-gate?",A parent node is drawn as an and-gate when both of the child events must occur for the parent event to occur.,"
[0]
nsider failures that might be affected by design, operation, or even maintenance. We can use a set of guidewords to help us understand how the system might deviate from its intended behavior. Table 5.1 illustrates some of the guidewords  that  might  be  used; you  can  select  your  own  guidewords  or  checklists, based on your system's application domain.

Next, we build an upside-down tree whose root node is some failure that we want to analyze, and whose other nodes are events or faults that realize or lead to the root node's failure. The edges of the graph indicate the relationships among nodes. Parent nodes are drawn as logic gate operators: an and -gate if both of the child nodes' events must occur for the parent node's event to occur; an orgate if one child's event is sufficient to cause the parent's event. Sometimes, an edge is labeled n_of_m if the system

TABLE 5.1, 1 = Guidewords for Identifying Possible Failures. Guideword, 1 = Interpretation. no more less part of other than early late before after, 1 = No data or control signal was sent or received The volume of data is too much or too fast The volume of data is too low or too slow The data or control signal is incomplete The data or control signal has another component The signal arrives too early for the clock The signal arrives too late for the clock The signal arrives too early in the expected sequence The signal arrives too late in the expected sequence

FIGURE 5.11 Fault tree for a security breach.

includes m redundant components, where n faulty components lead to the designated failure. Each node represents an independent event; otherwise, the analysis results may be invalid, especially with respect to compound faults.

For example, consider the fault tree presented in Figure 5.11.The tree shows that a security breach could occur either if a previous logout is not recognized (leaving the previous user logged in) or an unauthorized user gains access to the system. For the latter to happen, both of two basic events must happen: a valid user's password is exposed, and the password is not changed between the time of the exposure a


[1]
for forming the cut-set tree are as follows:

1. Assign the top node of the cut-set tree to match the logic gate at the top of the fault tree.
2. Working from the top down, expand the cut-set tree as follows:
- Expand an or -gate node to have two children, one for each or -gate child.
- Expand an and -gate node to have a child composition node listing both of the and -gate children.
- Expand  a  composition  node  by  propagating  the  node  to  its  children, but expanding one of the gates listed in the node.
3. Continue until all leaf nodes are basic events or composition nodes of basic events.

The cut-set is the set of leaf nodes in the cut-set tree. For example, consider the fault tree on the left side of Figure 5.12. G1 is the top logic gate in the fault tree, and its or condition leads us to expand its corresponding node in the cut-set tree to have two child nodes, G2 and G3. In turn, G2 in the fault tree is composed of both G4 and G5,so G2 in the cut-set tree is expanded to have a composition child node with label {G4, G5}. Continuing in this manner, we end up with the cut-set {A1,A3}, {A1,A4}, {A2,A3}, {A2, A4}, {A4,A5}.The cut-set represents the set of minimal event combinations that could lead to the failure listed at the top of the cut-set tree.Thus, if any member of the cut-set is a singleton event set, {A i }, then the top failure could be caused by a single event, A i . Similarly, the  cut-set  element  {A i , A j }  means  that  the  top  failure  can  occur  if  both events A i and A j occur, and cut-set element {A i , A j , . . ., A n }  means that failure can occur only if all of the composite events occur.Thus, we have reasoned from a failure to all possible causes of it.

FIGURE 5.12 Cut-set tree generated from a fault tree.

Once we know the points of failure in our design, we can redesign to reduce the vulnerabilities.We have several choices when we find a fault in a design:

- Correct the fault.
- Add components or conditions to prevent the conditions that cause the fault.
- Add components that detect the fault or failure and recover from the damage.

Although the first opti


[2]
us logout is not recognized (leaving the previous user logged in) or an unauthorized user gains access to the system. For the latter to happen, both of two basic events must happen: a valid user's password is exposed, and the password is not changed between the time of the exposure and the time an unauthorized user attempts to use it.

The concepts we have described can be applied to any system's hardware or software. The  challenge  is  to  identify  key  possible  failures, and  then  trace  backwards through the design, looking for data and computations that could contribute to the failure. Data-flow and control-flow graphs can help us trace through a design.As we saw in Chapter 4, a data-flow graph depicts the transfer of data from one process to another. The same ideas can be applied to an architectural design, to show what kinds of data flow among the design's software units. In this way, if one of the failures we are analyzing is data related, we can trace backwards through the data-flow graph to find the software  units  that  could  affect  the  data  and  thereby  cause  the  fault. Similarly, a control-flow graph depicts possible transfers of control among software units. When applied to a design, a control-flow graph can show how a control thread progresses from one unit to the next during execution. If we are analyzing a failure that is related to computation or to a quality attribute, we can trace backwards through the controlflow graph to find the software units involved in that computation.

Once  the  fault  tree  is  constructed, we  can  search  for  design  weaknesses. For example, we can derive another tree, called a cut-set tree , that reveals which event combinations can cause the failure. A cut-set tree is especially useful when the fault tree is

complex and difficult to analyze by eye. The rules for forming the cut-set tree are as follows:

1. Assign the top node of the cut-set tree to match the logic gate at the top of the fault tree.
2. Working from the top down, expand the cut-set tree as follows:
- Expand an or -gate node to have two children, one for each or -gate chil
",0.387,3.357
How is the return on investment (ROI) of a design change calculated?,The return on investment of making one of these design changes is the ratio of the benefits gained from making the change to the cost of its implementation. An ROI of 1 or greater means that the design's benefits outweigh its costs.,"
[0]
-- formula-not-decoded -->

The second design option would improve the system's throughput beyond what will be needed (the system will receive at most 200 requests per second). Therefore, the value added by changing to bin-based indexing is the maximum possible value:

<!-- formula-not-decoded -->

If there are multiple attributes to consider (e.g., the time it takes to update, reindex, and re-sort  the  catalogue), then  a  design's  total  financial  added  value  is  the  sum  of  the added values ascribed to each of the attributes-some of whose added values may be negative if a design improves one attribute at the expense of a conflicting attribute.

Computing Return on Investment (ROI). The return on investment of making one of these design changes is the ratio of the benefits gained from making the change to the cost of its implementation:

<!-- formula-not-decoded -->

These costs are estimated using the techniques described in Chapter 3. The estimated costs of the proposed design changes in our example are shown in Table 5.4. In general,

an ROI of 1 or greater means that the design's benefits outweigh its costs. The higher the ROI value, the more effective the design.

Another useful measure is the payback period : the length of time before accumulated benefits recover the costs of implementation. In our example, the payback period for restructuring the sorted-index module (design 2) is

$300,000/$280,000 = 1.07 of a year = approximately 13 months

We return to calculations such as these in Chapter 12, where we investigate the best techniques for evaluating the return on investing in software reuse.

## Prototyping

Some design questions are best answered by prototyping.A prototype is an executable model of the system we are developing, built to answer specific  questions  we  have about the system. For example, we may want to test that our protocols for signaling, synchronizing, coordinating, and  sharing  data  among  concurrent  processes  work  as expected. We can develop a prototype that implements processes as stubs and that exercises our communication protocols, so that we can work o


[1]
lowance for risk' (Putnam and Myers 1992). Usually, the business  community  uses  one  of  three  models  to  assess  ROI: a  payback  model, an accounting rate-of-return model, and a discounted cash flow model.

However, Brodman and Johnson (1995) found that the U.S. government and U.S. industry interpret ROI in very different ways, each different from the other, and both different from the standard business school approaches.The government views ROI in terms of dollars,looking at reducing operating costs,predicting dollar savings,and calculating the cost of employing new technologies. Government investments are also expressed in dollars, such as the cost of introducing new technologies or process improvement initiatives.

On the other hand, industry viewed investment in terms of effort, rather than cost or dollars. That is, companies were interested in saving time or using fewer people, and their  definition  of  return  on  investment  reflected  this  focus  on  decreasing  effort. Among the companies surveyed, return on investment included such items as

- training
- schedule
- risk
- quality
- productivity
- process
- customer
- costs
- business

The cost issues included in the definition involve meeting cost predictions, improving cost performance, and staying within budget, rather than reducing operating costs or streamlining  the  project  or  organization. Figure  1.6 summarizes the frequency with which many organizations included an investment item in their definition of ROI. For example, about 5 percent of those interviewed included a quality group's effort in the ROI effort calculation, and approximately 35 percent included software costs when considering number of dollars invested.

The difference in views is disturbing, because it means that calculations of ROI cannot be compared across organizations. But there are good reasons for these differing views. Dollar savings from reduced schedule, higher quality, and increased productivity are returned to the government rather than the contractor. On the other hand, contractors are usually looking for a competitive edge and increased work


[2]
there are good reasons for these differing views. Dollar savings from reduced schedule, higher quality, and increased productivity are returned to the government rather than the contractor. On the other hand, contractors are usually looking for a competitive edge and increased work capacity as well as greater profit; thus, the contractor's ROI is more effort- than cost-based. In particular, more accurate cost and schedule estimation can mean customer satisfaction and repeat business.And decreased time to market as well as improved product quality are perceived as offering business value, too.

FIGURE 1.6 Terms included in industry definition of return on investment.

Even though the different ROI calculations can be justified for each organization, it is worrying that software technology return on investment is not the same as financial ROI. At some point, program success must be reported to higher levels of management, many of which are related not to software but to the main company business, such as telecommunications or banking. Much confusion will result from the use of the same terminology to mean vastly different things.Thus, our success criteria must make sense not only for software projects and processes, but also for the more general business practices they support.We will examine this issue in more detail in Chapter 12 and look at using several common measures of business value to choose among technology options.

## 1.4 WHO DOES SOFTWARE ENGINEERING?

A key component of software development is communication between customer and developer; if that fails, so too will the system. We must understand what the customer wants and needs before we can build a system to help solve the customer's problem.To do this, let us turn our attention to the people involved in software development.

The  number  of  people  working  on  software  development  depends  on  the project's  size  and  degree  of  difficulty. However, no  matter  how  many  people  are involved, the roles played throughout the life of the project can be distinguished.Thus, for a large project, one person or a group may be assign
",0.388,3.984
How is the payback period defined?,The chatbot can't answer this question. Please try again with another question.,"
[0]
lowance for risk' (Putnam and Myers 1992). Usually, the business  community  uses  one  of  three  models  to  assess  ROI: a  payback  model, an accounting rate-of-return model, and a discounted cash flow model.

However, Brodman and Johnson (1995) found that the U.S. government and U.S. industry interpret ROI in very different ways, each different from the other, and both different from the standard business school approaches.The government views ROI in terms of dollars,looking at reducing operating costs,predicting dollar savings,and calculating the cost of employing new technologies. Government investments are also expressed in dollars, such as the cost of introducing new technologies or process improvement initiatives.

On the other hand, industry viewed investment in terms of effort, rather than cost or dollars. That is, companies were interested in saving time or using fewer people, and their  definition  of  return  on  investment  reflected  this  focus  on  decreasing  effort. Among the companies surveyed, return on investment included such items as

- training
- schedule
- risk
- quality
- productivity
- process
- customer
- costs
- business

The cost issues included in the definition involve meeting cost predictions, improving cost performance, and staying within budget, rather than reducing operating costs or streamlining  the  project  or  organization. Figure  1.6 summarizes the frequency with which many organizations included an investment item in their definition of ROI. For example, about 5 percent of those interviewed included a quality group's effort in the ROI effort calculation, and approximately 35 percent included software costs when considering number of dollars invested.

The difference in views is disturbing, because it means that calculations of ROI cannot be compared across organizations. But there are good reasons for these differing views. Dollar savings from reduced schedule, higher quality, and increased productivity are returned to the government rather than the contractor. On the other hand, contractors are usually looking for a competitive edge and increased work


[1]
esive teams that understand more about Chase Manhattan's business.

Denis O'Leary, executive vice-president and CIO, noted that 'the challenge really is to get the business and IS groups to coalesce around a partnership that will endure and a technical infrastructure that is sturdy' (Field 1997b).

the rate of return expected from an equivalent investment in capital markets; this rate may change over time. In other words, the discount rate reflects how much money an organization can make if it invests its money in the bank or a financial vehicle instead of in software technology. Hewlett-Packard used NPV to evaluate investment in two multiyear corporate reuse projects.

The net present value is the present value of the benefits minus the value of the initial investment. For example, to invest in a new tool, a company may spend money for training and learning time, as well as for the tool itself. The NPV calculation subtracts these initial investment costs from the projected benefits.

TABLE 12.14 Net Present Value Calculation for TwoAlternatives, 1 = TABLE 12.14 Net Present Value Calculation for TwoAlternatives. TABLE 12.14 Net Present Value Calculation for TwoAlternatives, 2 = TABLE 12.14 Net Present Value Calculation for TwoAlternatives. Cash Flows, 1 = COTS. Cash Flows, 2 = Reuse. Initial investment, 1 = - 9000. Initial investment, 2 = - 4000. Year 1, 1 = 5000. Year 1, 2 = - 2000. Year 2, 1 = 6000. Year 2, 2 = 2000. Year 3, 1 = 7000. Year 3, 2 = 4500. Year 4, 1 = - 4000. Year 4, 2 = 6000. Sum of all cash flows, 1 = 5000. Sum of all cash flows, 2 = 6500. NPVat 15%, 1 = 2200. NPVat 15%, 2 = 2162

The acceptance rule for NPV is simple: invest in a project if its NPV is greater than zero. To see how NPV works, consider the following situation. A company can create a new product line in two ways:

1. Base  it  on  commercial  off-the-shelf  software  (COTS). This  choice  involves  a large initial procurement cost, with subsequent high returns (based on avoided work), but the COTS product will be outdated and must be replaced after three years.
2. Build the product with a reusable design. The reuse re
",0.481,4.137
"When is the term ""software unit"" used by developers?",We use the term software unit when we want to talk about a system's composite parts without being precise about what type of part.,"
[0]
units, such  as component, subsystem, runtime  process, module, class, package, library , or procedure . The different terms describe different aspects of a design. For example, we use the term module to refer to a structural unit of the software's code; a module could be an atomic unit, like a Java class, or it could be an aggregation of other modules. We use the term component to refer to an identifiable runtime element (e.g., the parser is a component in a compiler)-although this term sometimes has a specific meaning, as explained in Sidebar 5.2. Some of the above terms designate software units at different levels of abstraction. For example, a system may be made up of subsystems, which may be made up of packages, which are in turn made up of classes. In other cases, the terms may overlap and present different views of the same entity (e.g., a parser might be both a component and a high-level module). We use the term software unit when we want to talk about a system's composite parts without being precise about what type of part.

## SIDEBAR 5.2 COMPONENT-BASED SOFTWARE ENGINEERING

C omponent-based software engineering (CBSE) is  a  method  of  software  development whereby systems are created by assembling together preexisting components. In this setting, a component is 'a self-contained piece of software with a well-defined set of interfaces' (Herzum and Sims 2000) that can be developed, bought, and sold as a distinct entity.The goal of CBSE is to support the rapid development of new systems, by reducing development to component integration , and to ease the maintenance of such systems by reducing maintenance to component replacement .

At this point, CBSE is still more of a goal than a reality.There are software components for sale, and part of software design is deciding which aspects of a system we should buy off the shelf and which we should build ourselves. But there is still considerable research being done on figuring out how to

- specify components, so that buyers can determine whether a particular component fits their needs
- certify that a component performs as claimed
- reason  ab


[1]
.

Given a particular change to a system, Bass, Clements, and Kazman (2003) distinguish between the software units that are directly affected by the change and those that are indirectly affected.The directly affected units are those whose responsibilities change to accommodate a system modification.We can structure our code to minimize the number  of  units  requiring  change. The  indirectly  affected  units  are  those  whose  responsibilities do not change, but whose implementations must be revised to accommodate changes in the directly affected units. The difference is subtle. Both types aim to reduce the number of altered software units, but the tactics associated with each are different.

Tactics for minimizing the number of software units directly affected by a software change focus on clustering anticipated changes in the design:

- Anticipate  expected  changes: Identify  design  decisions  that  are  most  likely  to change, and encapsulate each in its own software unit. Anticipated changes are not limited to future features that the customer would like to see implemented. Any service, functionality, or internal check that the system performs is susceptible to future improvement or obsolescence, and as such is a candidate for future changes.
- Cohesion: We will see in Chapter 6 that a software unit is cohesive if its pieces, data, and functionality all contribute to the unit's purpose and responsibilities. By keeping our software units highly cohesive, we increase the chances that a change to the system's responsibilities is confined to the few units that are assigned those responsibilities.
- Generality: The more general our software units, the more likely we can accommodate change by modifying a unit's inputs rather than modifying the unit itself. This  characteristic  is  particularly  true  of  servers, which  ought  to  be  general enough to accommodate all variants of requests for their services. For example,

an  object  that  encapsulates  a  data  structure  should  provide  sufficient  access methods to enable other objects to easily retrieve and update data values.

By  contrast


[2]
ample, unit A may depend on unit B to populate a data structure, stored in a separate unit C, that unit A subsequently queries. In general, we say that a software unit A 'uses' a software unit B if A 'requires the presence of a correct version of B' in order for A to complete its task, as specified in its interface (Parnas 1978b).Thus,a unit A uses a unit B if A does not work correctly unless B works. The above discussion assumes that we can determine a system's uses relation from its units' interface specifications. If the interface specifications do not completely describe the units' dependencies, then we will need to know enough about each unit's planned implementations to know which other units it will use.

Figure 6.8 depicts the uses relation of a system as a uses graph , in which nodes represent software units, and directed edges run from the using units, such as A, to the used units, such as B. Such a uses graph can help us to identify progressively larger subsets of our system that we can implement and test incrementally.A subset of our system is some useful subprogram together with all of the software units that it uses, and all of the software units that those units use, and so on.'Conceptually, we pluck a program P1 out from the uses graph, and then see what programs come dangling beneath it.This is our subset' (Clements et al. 2003). Thus, the degree to which our system can be constructed incrementally depends on the degree to which we can find useful small subsets that we can implement and test early.

A  uses  graph  can  also  help  us  to  identify  areas  of  the  design  that  could  be improved, with respect to enabling incremental development. For example, consider Designs 1 and 2 in Figure 6.8 as two possible designs of the same system. We use the term fan-in to refer to the number of units that use a particular software unit, and the term fan-out to refer to the number of units used by a software unit.Thus, unit A has a fan-out of three in Design 1 but a fan-out of five in Design 2. In general, we want to minimize the number of units with high fan-out. High fan-out usually ind
",0.381,3.991
"When visually mapping requirements versus specifications, what domain sits exactly at the intersection where the Environment domain overlaps with the System domain?","Environmental assumptions (assumptions about what inputs the system will receive, or about how the environment will react to outputs).","
[0]
y refer only to those real-world objects (states, events, actions) that are sensed or actuated by the proposed system:

1. In  documenting  the  system's  interface, we  describe  all  inputs  and  outputs  in detail, including  the  sources  of  inputs, the  destinations  of  outputs, the  value ranges and data formats of input and output data, protocols governing the order in  which  certain  inputs  and  outputs  must  be  exchanged, window  formats  and organization, and any timing constraints. Note that the user interface is rarely the only system interface; the system may interact with other software components (e.g., a database), special-purpose hardware, the Internet, and so on.
2. Next, we restate the required functionality in terms of the interfaces' inputs and outputs. We may use a functional notation or data-flow diagrams to map inputs to outputs, or use logic to document functions' pre-conditions and post-conditions.We may use state machines or event traces to illustrate exact sequences of operations

## SIDEBAR 4.7 HIDDEN ASSUMPTIONS

Z ave and Jackson (1997) have looked carefully at problems in software requirements and specification, including undocumented assumptions about how the real world behaves.

There are actually two types of environmental behavior of interest: desired behavior to be  realized  by  the  proposed  system  (i.e., the  requirements)  and  existing  behavior  that  is unchanged by the proposed system.The latter type of behavior is often called assumptions or domain knowledge . Most requirements writers consider assumptions to be simply the conditions under which the system is guaranteed to operate correctly.While necessary, these conditions are not the only assumptions. We also make assumptions about how the environment will behave in response to the system's outputs.

Consider a railroad-crossing  gate  at  the  intersection  of  a  road  and  a  set  of  railroad tracks. Our requirement is that trains and cars do not collide in the intersection. However, the trains and cars are outside the control of our system; all our system can do is lower the crossing gate


[1]
e that if we implement a system that meets the specification, then that system will satisfy the customer's requirements. Most often, this is simply a check of traceability, where we ensure that each requirement in the definition document is traceable to the specification.

However, for critical systems, we may want to do more, and actually demonstrate that  the  specification  fulfills  the  requirements. This  is  a  more  substantial  effort, in which we prove that the specification realizes every function, event, activity, and constraint in the requirements. The specification by itself is rarely enough to make this kind of argument, because the specification is written in terms of actions performed at the system's interface, such as force applied to an unlocked turnstile, and we may want  to  prove  something  about  the  environment  away  from  the  interface, such  as about the number of entries into the zoo. To bridge this gap, we need to make use of our assumptions  about  how  the  environment  behaves-assumptions  about  what inputs the  system  will  receive, or  about  how  the  environment  will  react  to  outputs (e.g., that if an unlocked turnstile is pushed with sufficient force, it will rotate a halfturn, nudging  the  pusher  into  the  zoo). Mathematically, the  specification  (S)  plus our environmental assumptions (A) must be sufficient to prove that the requirements (R) hold:

<!-- formula-not-decoded -->

For example, to show that a thermostat and furnace will control air temperature, we have to assume that air temperature changes continuously rather than abruptly, although the sensors may detect discrete value changes, and that an operating furnace will raise the air temperature.These assumptions may seem obvious, but if a building is sufficiently porous and the outside temperature is sufficiently cold, then our second assumption will not hold. In such a case, it would be prudent to set some boundaries on the requirement: as long as the outside temperature is above -100ºC, the thermostat and furnace will control the air temperature.

This use of environmental assumptions get


[2]
do not stray into the solution space is to describe requirements and specifications in terms of environmental phenomena.
- There are a variety of sources and means for eliciting requirements. There are both functional and quality requirements to keep in mind.The functional requirements explain what the system will do, and the quality requirements constrain solutions in terms of safety, reliability, budget, schedule, and so on.
- There are many different types of definition and specification techniques. Some are descriptive, such as entity-relationship diagrams and logic, while others are behavioral, such as event traces, data-flow diagrams, and functions. Some have graphical notations, and some are based on mathematics. Each emphasizes a different  view  of  the  problem, and  suggests  different  criteria  for  decomposing  a problem into subproblems. It is often desirable  to  use  a  combination  of  techniques to specify the different aspects of a system.
- The specification techniques also differ in terms of their tool support, maturity, understandability, ease of use, and mathematical formality. Each one should be judged for the project at hand, as there is no best universal technique.
- Requirements questions can be answered using models or prototypes.In either case, the goal is to focus on the subproblem that is at the heart of the question, rather than necessarily modeling or prototyping the entire problem. If prototyping, you need to decide ahead of time whether the resulting software will be kept or thrown away.
- Requirements must be validated to ensure that they accurately reflect the customer's expectations.The requirements should also be checked for completeness,
",0.397,8.518
"In the reference architecture model for a compiler, which specific component bridges the gap between the Semantic analyzer and the Code generator?",The chatbot can't answer this question. Please try again with another question.,"
[0]
configuration management. A compiler checks code for syntax faults, in many cases pointing out the location and type of fault. Compilers for some languages, such  as  Modula-2  and Ada, also  check  for  consistency  across  separately compiled components.

When the code has compiled properly, the linker (also called a link editor) links the code with the other components needed for running the program. For example, a linker connects a filename.h file with its corresponding filename.c file in C. Or a linker can note subroutine, library, and macro calls, automatically bringing in the necessary files to make a compilable whole. Some linkers also track the version numbers of each of the required components, so that only appropriate versions are linked together.This technique helps eliminate problems caused by using the wrong copy of a system or subsystem when testing a change.

Debugging Tools. Debugging tools aid maintenance by allowing us to trace the logic of a program step by step, examining the contents of registers and memory areas, and setting flags and pointers.

Cross-Reference Generators. Earlier in this chapter, we noted the importance of traceability.Automated systems generate and store cross-references to give both the development and maintenance teams tighter control over system modifications. For example, some cross-reference tools act as a repository for the system requirements and also hold links to other system documents and code that relate to each requirement.When a change to a requirement is proposed, we can use the tool to tell us which other requirements, design, and code components will be affected.

Some cross-reference tools contain a set of logical formulas called verification conditions; if all formulas yield a value of 'true,' then the code satisfies the specifications that generated it.This feature is especially useful during maintenance, to assure us that changed code still complies with its specifications.

Static Code Analyzers. Static code analyzers calculate information about structural attributes of the code, such as depth of nesting, number of spanning paths, cyclom


[1]
Static Analysis. Several  tools  can  analyze  a  source  program  before  it  is  run. Tools that investigate the correctness of a program or set of components can be grouped into four types:

1. Code analyzer: The components are evaluated automatically for proper syntax. Statements can be highlighted if the syntax is wrong, if a construction is faultprone, or if an item has not been defined.
2. Structure checker: This tool generates a graph from the components submitted as input.The graph depicts the logic flow, and the tool checks for structural flaws.
3. Data analyzer: The tool reviews the data structures, data declarations, and component interfaces, and then notes improper linkage among components, conflicting data definitions, and illegal data usage.
4. Sequence checker: The tool checks sequences of events; if coded in the wrong sequence, the events are highlighted.

For example, a code analyzer can generate a symbol table to record where a variable is first defined and when it is used, supporting test strategies such as definition-use testing. Similarly, a structure checker can read a program and determine the location of all loops, mark statements that are never executed, note the presence of branches from the middle of a loop, and so on.A data analyzer can notify us when a denominator may be set to zero; it can also check to see whether subroutine arguments are passed properly.


[2]
r ways of producing variations of the same product. Slightly less extreme is to base our design on  a reference  model : a  standard  generic  architecture  for  a  particular  application domain.A reference model suggests only how we decompose our system into its major

FIGURE 5.2 Sources of design advice.

components and how those components interact with each other. The design of the individual components and the details of their interactions will depend on the specific application being developed.As an example, Figure 5.3 shows the reference model for a compiler; the specifics of the parser, semantic analyzer, optimizations, and data repositories will vary greatly with the compiler's programming language. There are existing or proposed reference models for a variety of application domains, including operating systems, interpreters, database  management  systems, process-control  systems, integrated tool environments, communication networks, and Web services.

More typically, our problem does not have a reference model, and we create a design by combining and adapting generic design solutions. In your other courses, you have learned about generic, low-level design solutions such as data structures (e.g., lists, trees) and algorithm paradigms (e.g., divide-and-conquer, dynamic programming) that are useful in addressing entire classes of problems. Software architectures have generic solutions too, called architectural styles . Like reference models, architectural styles give advice about how to decompose a problem into software units and how those units should interact with each other. Unlike reference models, architectural styles are not optimized for specific application domains. Rather, they give generic advice about how to  approach  generic  design  problems  (e.g., how  to  encapsulate  data  shared  by  all aspects of the system).

Sometimes, improving one aspect of a software system has an adverse effect on another aspect. For this reason, creating a software system design can raise several orthogonal issues. Good software architectural design is about selecting, adapting, and integrating
",0.506,6.508
"In the messy UML statechart diagram for the Publication class, what specific input event triggers the transition directly from the onloan state to the recall state?",The transition to state recall is enabled if the publication is in state onloan when a request to put the item on reserve is received.,"
[0]
oan and needs to be recalled; this behavior cannot be modeled as a transition from onloan to reserveloan , because state reserveloan has a transition cancel (used to disallow a loan request if the Patron has outstanding fines) that would be inappropriate in this situation.This special case is modeled in Figure 4.9 by testing on entry (keyword entry is explained below) to state reserve whether the concurrent submachine is In state onloan and issuing a recall event if it is.

FIGURE 4.10 Messy UML statechart diagram for Publication class.

State transitions are labeled with their enabling events and conditions and with their side effects.Transition labels have syntax

```
event(args) [condition] /action* ^Object.event(args)*
```

where  the  triggering event is  a  message  that  may  carry  parameters. The  enabling condition , delimited by square brackets, is a predicate on the object's attribute values. If the transition is taken, its actions , each prefaced with a slash (/), specify assignments made to the object's attributes; the asterisk indicates that a transition may have arbitrarily  many  actions. If  the  transition  is  taken, it  may  generate  arbitrarily  many output events , /^Object.event , each prefaced with a caret an output event may carry parameters and is either designated for a target Object or is broadcast to all objects. For example, in the messy Publication statechart (Figure 4.10), the transition to state recall is enabled if the publication is in state onloan when a request to put the item on reserve is received.When the transition is taken, it sends an event to the Loan object, which in turn will notify the borrower that the item must be returned to the library sooner than the loan's due date. Each of the transition-label elements is optional. For example, a transition need not be enabled by an input event; it could be enabled  only  by  a  condition  or  by  nothing, in  which  case  the  transition  is  always enabled. 1 ¿ 2 ; ' '*''

The UML statechart diagram for the Loan association class in Figure 4.11 illustrates how states can be annotated with local variables (e.g


[1]
input event; it could be enabled  only  by  a  condition  or  by  nothing, in  which  case  the  transition  is  always enabled. 1 ¿ 2 ; ' '*''

The UML statechart diagram for the Loan association class in Figure 4.11 illustrates how states can be annotated with local variables (e.g., variable num renews ), actions, and activities. Variables that are local to a state are declared and initialized in

FIGURE 4.11 UML statechart diagram for Loan class.

the center section of the state.The state's lower section lists actions and activities on the state's  local  variables  as  well  as  on  the  object's  attributes. The  distinction  between actions and activities is subtle: an action is a computation that takes relatively no time to complete and that is uninterruptible, such as assigning an expression to a variable or sending a message. An action can be triggered by a transition entering or exiting the state, in which case it is designated by keyword entry or exit followed by arbitrarily many actions and generated events; or it  can  be  triggered  by  the  occurrence  of  an event, in which case it is designated by the event name followed by arbitrarily many actions and generated events. In our Loan statechart, variable num renews is incremented every time state item  on  loan is  entered, that is, every time the loan is renewed; and  a recallNotify event  is  sent  to  the Patron whenever a recall event is received in that state. In contrast to actions, an activity is a more complex computation that executes over a period of time and that may be interruptible, such as executing an operation. Activities are initiated on entry to the state. When a transition, including a looping transition like the one triggered by renew , executes, the order in which actions are applied is as follows: first, the exit actions of the transition's source state are applied, followed by the transition's own actions, followed by the entry actions and activities of the new state.

The semantics of UML diagrams, and how the different diagrams fit together, are intentionally undefined, so that specifiers can ascribe semantic


[2]
can think of a superstate

FIGURE 4.9 UML statechart diagram for the Publication class.

as a submachine, with its own set of states and transitions. A transition whose destination state is a superstate acts as a transition to the superstate's default initial state, designated  by  an  arrow  from  the  superstate's  internal  black  circle. A  transition  whose source state is a superstate acts as a set of transitions, one from each of the superstate's internal states. For example, in the Publication state diagram, the transition triggered by event lose can be enabled from any of the superstate's internal states; this transition ends in a final state and designates the end of the object's life.

A superstate can actually comprise multiple concurrent submachines, separated by dashed lines.The UML statechart for Publication includes two submachines:one that indicates  whether  or  not  the  publication  is  out  on  loan, and  another  that  indicates whether  or  not  the  publication  is  on  reserve. The  submachines  are  said  to  operate concurrently , in that a Publication instance could at any time receive and respond to events of interest to either or both submachines. In general, concurrent submachines are used  to  model  separate, unrelated  subbehaviors, making  it  easier  to  understand  and consider each subbehavior. An equivalent statechart for Publication in Figure 4.10 that does not make use of state hierarchy or concurrency is comparatively messy and repetitive. Note  that  this  messy  statechart  has  a  state  for  each  combination  of  states from Figure 4.9 ( stacks = Publication is in library and not on reserve, onloan = Publication is on loan and not on reserve, etc.). 3

3 The messy statechart also has a recall state that covers the case where a publication that is being put on reserve is on loan and needs to be recalled; this behavior cannot be modeled as a transition from onloan to reserveloan , because state reserveloan has a transition cancel (used to disallow a loan request if the Patron has outstanding fines) that would be inappropriate in this situation.This specia


[3]
ition's source state are applied, followed by the transition's own actions, followed by the entry actions and activities of the new state.

The semantics of UML diagrams, and how the different diagrams fit together, are intentionally undefined, so that specifiers can ascribe semantics that best fit their problem. However, most practitioners view UML statecharts as communicating finite-state machines with first-in, first-out (FIFO) communication channels. Each object's state machine has an input queue that holds the messages sent to the object from other objects in the model or from the model's environment. Messages are stored in the input
",0.478,5.235
"In the Petri net model of the library problem, what specific variables or tuples are shown being passed as inputs into the Process Payment transition?",The inputs to the Process Payment transition are a payment and the patron's current fines.,"
[0]
t all must occur before a team of doctors begins a more thorough examination. Once the treatment begins (i.e., once the transition is made from a preliminary examination to a thorough one), the  doctors  start  new  activities. The  orthopedic  doctors  check  for  broken  bones, while the hematologist runs blood tests and the surgeon puts stitches in a bleeding

wound.The doctors' activities are independent of one another, but none can occur until the transition from the preliminary examination takes place.A state-machine model of the emergency room might specify only a single order of events, thereby excluding several acceptable behaviors, or it might specify all possible sequences of events, resulting in an overly complex model for a relatively simple problem. A Petri net model of the same emergency room nicely avoids both of these problems.

Basic Petri nets are fine for modeling how control flows through events or among concurrent entities. But if we want to model control that depends on the value of data (e.g., borrowing a particular book from a collection of books), then we need to use a high-level Petri net notation.A number of extensions to basic Petri nets have been proposed to improve the notation's expressibility, including inhibitor arcs, which enable a transition only if the input place is empty of tokens; priority among transitions; timing constraints; and structured tokens, which have values.

To model our library problem, which tracks information and events for multiple patrons and publications, we need a Petri net notation that supports structured tokens and transition actions (Ghezzi et al. 1991). A transition action constrains which tokens in  the  input  places  can  enable  the  transition  and  specifies  the  values  of  the  output tokens. Figure 4.13 is a high-level Petri net specification for the library problem. Each place stores tokens of a different data type. Avail stores a token for every library item that is not currently out on loan.A token in Fines is an n -tuple (i.e., an ordered set of n elements, sometimes called a tuple for short) that maps a patron to the valu


[1]
he library problem. Each place stores tokens of a different data type. Avail stores a token for every library item that is not currently out on loan.A token in Fines is an n -tuple (i.e., an ordered set of n elements, sometimes called a tuple for short) that maps a patron to the value

FIGURE 4.13 Petri net of the library problem.

of his or her total outstanding library fines.A token in OnLoan is another type of tuple that maps a patron and a library item to a due date . A few of the transition predicates and actions are shown in Figure 4.13, such as the action on Process Payment , where the inputs are a payment and the patron's current fines , and the output is a new Fines tuple. The predicates not shown assert that if the token elements in a transition's input or output tokens have the same name, they must have the same value. So in  transition Borrow , the patron making  the Loan  Request must  match  the patron with no outstanding Fines and match the patron who appears in the generated OnLoan tuple; at the same time, the item being borrowed must match an item in Avail . Otherwise, those tuples do not enable the transition. The net starts with an initial marking of item tuples in Avail and ( patron, 0 ) tuples in Fines . As library users trigger input transitions Pay , Initiate Loan , and Initiate Return , new tokens are introduced to the system, which enable the library transitions, which in turn fire and update the Fines tokens and the Avail and OnLoan tokens, and so on.

## Data-Flow Diagrams

The notation paradigms discussed so far promote decomposing a problem by entity (ER diagram); by scenario (event trace); and by control state (i.e., equivalence classes of scenarios) (state machines). However, early requirements tend to be expressed as

- Tasks to be completed
- Functions to be computed
- Data to be analyzed, transformed, or recorded

Such requirements, when decomposed by entity, scenario, or state, devolve into collections  of  lower-level  behaviors  that  are  distributed  among  multiple  entities  and  that must be coordinated. This modular structure makes it harder to see a model'


[2]
o model the property as an attribute. Alternatively, if the events to which the object is ready to react depend on a property (e.g., whether a book is out on loan), then it is best to model the property as a state. Otherwise,choose the representation that results in the simplest model that is easiest to understand.

## Example: Petri Nets

UML statechart diagrams nicely modularize a problem's dynamic behavior into the behaviors of individual class objects, with the effect that it may be easier to consider each class's behavior separately than it is to specify the whole problem in one diagram. This modularization makes it harder, though, to see how objects interact with each other. Looking at an individual statechart diagram, we can see when an object sends a message to another object. However, we have to examine the two objects' diagrams simultaneously to see that a message sent by one object can be received by the other. In fact, to be completely sure, we would have to search the possible executions (event traces) of the two machines, to confirm that whenever one object sends a message to the other, the target object is ready to receive and react to the message.

Petri nets (Peterson 1977) are a form of state-transition notation that is used to model concurrent activities and their interactions. Figure 4.12 shows a basic Petri net specifying the behavior of a book loan. The circles in the net are places that represent

FIGURE 4.12 Petri net of book loan.

activities or conditions, and the bars represent transitions . Directed arrows, called arcs , connect a transition with its input places and its output places . The places are populated with tokens , which act as enabling conditions for the transitions.When a transition fires , it removes tokens from each of its input places and inserts tokens into each of its output places. Each arc can be assigned a weight that specifies how many tokens are removed from the arc's input place, or inserted into the arc's output place, when the transition fires. A transition is enabled if each of its input places contains enough tokens to contribute its arc's weigh
",0.524,2.834
"In the use-case diagram for the library system, which two specific use cases are connected to the reserve item use case via an <<extend>> relationship?",The chatbot can't answer this question. Please try again with another question.,"
[0]
e. Use cases are not meant to model all the tasks that the system should provide. Rather, they are used to specify user views of essential system behavior. As such, they model only

FIGURE 4.15 Library use cases.

system  functionality  that  can  be  initiated  by  some  actor  in  the  environment. For example, in Figure 4.15, key library uses include borrowing a book, returning a borrowed book, and paying a library fine.

Each use case encompasses several possible scenarios, some successful and some not, but all related to some usage of the system. External to the use-case diagram, the use cases and their variants are detailed as textual event traces. Each use case identifies pre-conditions and alternative behavior if the pre-conditions are not met, such as looking for a lost book; post-conditions, which summarize the effects of the use case; and a normal, error-free scenario comprising a sequence of steps performed by actors or by the system.A completely detailed use case specifies all possible variations of each step in the normal scenario, including both valid behaviors and errors. It also describes the possible scenarios that stem from the valid variations and from recoverable failures. If there is a sequence of steps common to several use cases, the sequence can be extracted out to form a subcase that can be called by a base use case like a procedure call. In the use-case diagram, we draw a dashed arrow from a base case to each of its subcases and annotate  these  arrows  with  stereotype <<include>> . 4 A  use  case  can  also  be appended with an extension subcase that adds functionality to the end of the use case. In the use-case diagram, we draw a dashed arrow from the extension subcase to the base  use  case  and  annotate  the  arrow  with  stereotype <<extend>> . Examples  of stereotypes are included in Figure 4.15.

4 In UML, a stereotype is a meta-language facility for extending a modeling notation, allowing the user to augment one of the notation's constructs with a new < <keyword> >.

## Functions and Relations

The notational paradigms discussed so far are representational and re


[1]
IGURE 4.14 Data-flow diagram of the library problem.

One of the strengths of data-flow diagrams is that they provide an intuitive model of a proposed system's high-level functionality and of the data dependencies among the various processes. Domain experts find them easy to read and understand. However, a data-flow diagram can be aggravatingly ambiguous to a software developer who is less familiar with the problem being modeled. In particular, there are multiple ways of interpreting a DFD process that has multiple input flows (e.g., process Borrow ): are all inputs needed to compute the function, is only one of the inputs needed, or is some subset of the inputs needed? Similarly, there are multiple ways of interpreting a DFD process that has multiple output flows: are all outputs generated every time the process executes, is only one of the outputs generated, or is some subset generated? It is also not obvious that two data flows with the same annotation represent the same values: are the Items Returned that flow from Return to Loan Records the same as the Items Returned that flow from Return to Process Fines ? For these reasons, DFDs are best used by users who are familiar with the application domain being modeled, and as early models of a problem, when details are less important.

## Example: Use Cases

A UML use-case diagram (OMG 2003) is similar to a top-level data-flow diagram that depicts observable, user-initiated functionality in terms of interactions between the system and its environment.A large box represents the system boundary. Stick figures outside the box portray actors, both humans and systems, and each oval inside the box is a use  case  that  represents  some  major  required  functionality  and  its  variants. A  line between an actor and a use case indicates that the actor participates in the use case. Use cases are not meant to model all the tasks that the system should provide. Rather, they are used to specify user views of essential system behavior. As such, they model only

FIGURE 4.15 Library use cases.

system  functionality  that  can  be  initiated  by  some  actor  in


[2]
); complex data to be stored, analyzed, transformed, or displayed; or records of transient events (e.g., business  transactions, phone  conversations). The  entities  in  our  library  problem  include people, like the patrons and librarians; the items in the library's inventory, like books and periodicals; and loan transactions.

Figure 4.5 depicts a simple UML class diagram for such a library. Each box is a class that represents a collection of similarly typed entities; for example, a single class represents all of the library's books. A class has a name ; a set of attributes , which are simple data variables whose values can vary over time and among different entities of

FIGURE 4.5 UML class model of the library problem.

the class; and a set of operations on the class's attributes. By 'simple data variable,' we mean a variable whose values are too simple for the variable to be a class by itself.Thus, we model a Patron's address as an attribute, likely as one or more string values, whereas we would model a Patron 's credit card information, credit institution, credit card number, expiration date, or billing address as a separate class (not shown). Note that  many attributes we might expect in the library class diagram are missing (e.g., records and films) or are imprecisely defined (e.g., periodical, which doesn't distinguish between newspapers and magazines), and operations are omitted (e.g., dealing with book repair or loss). This imprecision is typical in early conceptual diagrams. The idea is to  provide  enough attributes and operations, and in sufficient detail, that anyone who reads the specification can grasp what the class represents and what its responsibilities are.

UML also allows the specifier to designate attributes and operations as being associated  with  the  class  rather  than  with  instances  of  the  class. A class-scope  attribute , represented as an underlined attribute,is a data value that is shared by all instances of the class. In the library class diagram, the attributes reserve loan period and reserve fine rate are values that apply to all publications on reserve. T
",0.381,6.634
"In the fault tree analyzing a security breach, what are the two specific basic events that must both occur (linked by an AND-gate) for an Illegal access granted condition to be met?","For the latter to happen, both of two basic events must happen: a valid user's password is exposed, and the password is not changed between the time of the exposure and the time an unauthorized user attempts to use it.","
[0]
nsider failures that might be affected by design, operation, or even maintenance. We can use a set of guidewords to help us understand how the system might deviate from its intended behavior. Table 5.1 illustrates some of the guidewords  that  might  be  used; you  can  select  your  own  guidewords  or  checklists, based on your system's application domain.

Next, we build an upside-down tree whose root node is some failure that we want to analyze, and whose other nodes are events or faults that realize or lead to the root node's failure. The edges of the graph indicate the relationships among nodes. Parent nodes are drawn as logic gate operators: an and -gate if both of the child nodes' events must occur for the parent node's event to occur; an orgate if one child's event is sufficient to cause the parent's event. Sometimes, an edge is labeled n_of_m if the system

TABLE 5.1, 1 = Guidewords for Identifying Possible Failures. Guideword, 1 = Interpretation. no more less part of other than early late before after, 1 = No data or control signal was sent or received The volume of data is too much or too fast The volume of data is too low or too slow The data or control signal is incomplete The data or control signal has another component The signal arrives too early for the clock The signal arrives too late for the clock The signal arrives too early in the expected sequence The signal arrives too late in the expected sequence

FIGURE 5.11 Fault tree for a security breach.

includes m redundant components, where n faulty components lead to the designated failure. Each node represents an independent event; otherwise, the analysis results may be invalid, especially with respect to compound faults.

For example, consider the fault tree presented in Figure 5.11.The tree shows that a security breach could occur either if a previous logout is not recognized (leaving the previous user logged in) or an unauthorized user gains access to the system. For the latter to happen, both of two basic events must happen: a valid user's password is exposed, and the password is not changed between the time of the exposure a


[1]
us logout is not recognized (leaving the previous user logged in) or an unauthorized user gains access to the system. For the latter to happen, both of two basic events must happen: a valid user's password is exposed, and the password is not changed between the time of the exposure and the time an unauthorized user attempts to use it.

The concepts we have described can be applied to any system's hardware or software. The  challenge  is  to  identify  key  possible  failures, and  then  trace  backwards through the design, looking for data and computations that could contribute to the failure. Data-flow and control-flow graphs can help us trace through a design.As we saw in Chapter 4, a data-flow graph depicts the transfer of data from one process to another. The same ideas can be applied to an architectural design, to show what kinds of data flow among the design's software units. In this way, if one of the failures we are analyzing is data related, we can trace backwards through the data-flow graph to find the software  units  that  could  affect  the  data  and  thereby  cause  the  fault. Similarly, a control-flow graph depicts possible transfers of control among software units. When applied to a design, a control-flow graph can show how a control thread progresses from one unit to the next during execution. If we are analyzing a failure that is related to computation or to a quality attribute, we can trace backwards through the controlflow graph to find the software units involved in that computation.

Once  the  fault  tree  is  constructed, we  can  search  for  design  weaknesses. For example, we can derive another tree, called a cut-set tree , that reveals which event combinations can cause the failure. A cut-set tree is especially useful when the fault tree is

complex and difficult to analyze by eye. The rules for forming the cut-set tree are as follows:

1. Assign the top node of the cut-set tree to match the logic gate at the top of the fault tree.
2. Working from the top down, expand the cut-set tree as follows:
- Expand an or -gate node to have two children, one for each or -gate chil


[2]
e the vulnerabilities.We have several choices when we find a fault in a design:

- Correct the fault.
- Add components or conditions to prevent the conditions that cause the fault.
- Add components that detect the fault or failure and recover from the damage.

Although the first option is preferable, it is not always possible.

We can also use fault trees to calculate the probability that a given failure will occur by estimating the probability of the basic events and propagating these computations up through the tree. But there are some drawbacks to fault-tree analysis. First, constructing the graphs can be time consuming. Second, many systems involve many dependencies, which means that analysis of the design's data-flow and control-flow graphs yields a large number of suspect software units to explore; it is difficult to focus only on the most critical parts of the design unless we have very low coupling. Moreover, the number and kinds of preconditions that are necessary for each failure are daunting and not always easy to spot, and there is no measurement to help us sort them out. However, researchers continue to seek ways to automate the tree building and analysis. In the United States and Canada, fault-tree analysis is used for critical aviation and nuclear applications, where the risk of failure is worth the intense and substantial effort to build and evaluate the fault trees.

## Security Analysis

In  Chapter 3, we saw how risk analysis is used to determine the likely threats to a project's cost and schedule. When designing the system's architecture, we must carry out a similar analysis, this time to address security risks.Allen et al. (2008) describe the six steps in performing a security analysis:

1. Software characterization. In the first step, we review the software requirements, business case, use cases, SAD, test plans, and other available documents to give us a complete understanding of what the system is supposed to do and why.
2. Threat analysis. Next, we look for threats to the system: Who might be interested in attacking the system, and when might those attacks occur? NIST (2002)
",0.44,8.955
"In the diagram illustrating the relationship between computer science and software engineering, what specific component directly connects SOFTWARE ENGINEERING to the Problem?",the computer as a problem-solving tool.,"
[0]
pertise  needed  to  create  and  manipulate  software  artifacts: programming  principles; data  structures; algorithm  paradigms; programming  languages; grammars, parsing, and translation; concurrency and control structures; and the theoretical limits of computing. In addition, computer science and computer engineering courses cover key system components (e.g., computer architecture, operating system, middleware, networks)  and  key  software  components  (e.g., databases, user interfaces), and how the design and implementation of these components can affect the performance, usability, and quality of our software.

TABLE 14.6, 1 = Software Engineering Involves Both Computer Science and Engineering. TABLE 14.6, 2 = Software Engineering Involves Both Computer Science and Engineering. Computer Science, 1 = Computer Science. Computer Science, 2 = Engineering. Data management Data patterns Data transformation Algorithm paradigms Programming languages Human-computer interaction, 1 = Data management Data patterns Data transformation Algorithm paradigms Programming languages Human-computer interaction. Data management Data patterns Data transformation Algorithm paradigms Programming languages Human-computer interaction, 2 = Disciplined processes Large, integrated systems Coordinated teams Nonfunctional properties (e.g., performance, reliability, maintainability, ease of use)

From engineering, a software engineering curriculum borrows and adapts principles and practices that scale to large systems and that are aimed at producing successful products:

- Early planning and development activities that help to reveal errors early in the development process, when they are cheaper and easier to fix
- Systematic, predictable design and development processes that help to ensure that a software product is developed economically and that it is fit for use
- Consideration of nonfunctional properties, such as performance, maintainability, usability, economy, and time-to-market, that often determine whether a software product is acceptable

A traditional engineering education also includes a solid foundation in mathe


[1]
ARE ENGINEERING?

As software engineers, we use our knowledge of computers and computing to help solve problems. Often the problem with which we are dealing is related to a computer or an existing computer system, but sometimes the difficulties underlying the problem have nothing to do with computers.Therefore, it is essential that we first understand the nature of the problem. In particular, we must be very careful not to impose computing machinery or techniques on every problem that comes our way. We must solve the problem first. Then, if need be, we can use technology as a tool to implement our solution. For the remainder of this book, we assume that our analysis has shown that some kind of computer system is necessary or desirable to solve a particular problem at hand.

## Solving Problems

Most problems are large and sometimes tricky to handle, especially if they represent something new that has never been solved before. So we must begin investigating a problem by analyzing it, that is, by breaking it into pieces that we can understand and try to deal with. We can thus describe the larger problem as a collection of small problems and their interrelationships. Figure 1.1 illustrates how analysis works. It is important  to  remember  that  the  relationships  (the  arrows  in  the  figure, and  the  relative positions of the subproblems) are as essential as the subproblems themselves. Sometimes, it is the relationships that hold the clue to how to solve the larger problem, rather than simply the nature of the subproblems.

Once we have analyzed the problem, we must construct our solution from components that address the problem's various aspects. Figure 1.2 illustrates this reverse process: Synthesis is the putting together of a large structure from small building blocks.As with analysis, the composition of the individual solutions may be as challenging as the process of finding the solutions. To see why, consider the process of writing a novel. The dictionary contains all the words that you might want to use in your writing. But the most difficult part of writing is deciding how to organize and


[2]
ges, and there may be situations when one is more appropriate than another.

Software engineers use tools, techniques, procedures, and paradigms to enhance the  quality  of  their  software  products. Their  aim  is  to  use  efficient  and  productive approaches to generate effective solutions to problems. In the chapters that follow, we will  highlight particular approaches that support the development and maintenance activities we describe. An up-to-date set of pointers to tools and techniques is listed in this book's associated home page on the World Wide Web.

## Where Does the Software Engineer Fit In?

To understand how a software engineer fits into the computer science world, let us look to another discipline for an example. Consider the study of chemistry and its use to solve problems. The chemist investigates chemicals: their structure, their interactions, and  the  theory  behind  their  behavior. Chemical  engineers  apply  the  results  of  the chemist's studies to a variety of problems. Chemistry as viewed by chemists is the object of study. On the other hand, for a chemical engineer, chemistry is a tool to be used to address a general problem (which may not even be 'chemical' in nature).

We can view computing in a similar light. We can concentrate on the computers and programming languages, or we can view them as tools to be used in designing and implementing a solution to a problem. Software engineering takes the latter view, as shown in  Figure  1.3. Instead  of  investigating  hardware  design  or  proving  theorems about how algorithms work,a software engineer focuses on the computer as a problemsolving tool. We will see later in this chapter that a software engineer works with the

FIGURE 1.3 The relationship between computer science and software engineering.

functions of a computer as part of a general solution, rather than with the structure or theory of the computer itself.

## 1.2 HOW SUCCESSFUL HAVE WE BEEN?

Writing software is an art as well as a science, and it is important for you as a student of computer science to understand why. Computer scientists and software engi
",0.52,6.452
"According to the decision table for library functions, if the input conditions are that the event is reserve and the item is out on loan, what are the exact three actions that must be performed?",- - (Re-)Calculate due date; Put item in stacks; Send recall notice,"
[0]
= . shelf, 5 = X. shelf, 6 = X. shelf, 7 = X. shelf, 8 = . Reject event, 1 = . Reject event, 2 = X. Reject event, 3 = X. Reject event, 4 = . Reject event, 5 = . Reject event, 6 = . Reject event, 7 = . Reject event, 8 = 

## Example: Decision Tables

A decision table (Hurley 1983) is a tabular representation of a functional specification that maps events and conditions to appropriate responses or actions. We say that the specification  is informal because  the  inputs  (events  and  conditions)  and  outputs (actions) may be expressed in natural language, as mathematical expressions, or both.

Figure 4.16 shows a decision table for the library functions borrow , return , reserve , and unreserve . All of the possible input events (i.e., function invocations), conditions, and actions are listed along the left side of the table, with the input events and conditions listed above the horizontal line and the actions listed below the line. Each  column  represents  a  rule  that  maps  a  set  of  conditions  to  its  corresponding result(s). An entry of 'T' in a cell means that the row's input condition is true, 'F' means that the input condition is false, and a dash indicates that the value of the condition does not matter. An entry of 'X' at the bottom of the table means that the row's action should be performed whenever its corresponding input conditions hold. Thus, column 1 represents the situation where a library patron wants to borrow a book, the book is not already out on loan, and the patron has no outstanding fine; in this situation, the loan is approved and a due date is calculated. Similarly, column 7 illustrates the case where there is a request to put a book on reserve but the book is currently out on loan; in this case, the book is recalled and the due date is recalculated to reflect the recall.

This kind of representation can result in very large tables, because the number of conditions to consider is equal to the number of combinations of input conditions.That is, if there are n input conditions, there are possible combinations of conditions. Fortunately, many combinations map to the same


[1]
oan and needs to be recalled; this behavior cannot be modeled as a transition from onloan to reserveloan , because state reserveloan has a transition cancel (used to disallow a loan request if the Patron has outstanding fines) that would be inappropriate in this situation.This special case is modeled in Figure 4.9 by testing on entry (keyword entry is explained below) to state reserve whether the concurrent submachine is In state onloan and issuing a recall event if it is.

FIGURE 4.10 Messy UML statechart diagram for Publication class.

State transitions are labeled with their enabling events and conditions and with their side effects.Transition labels have syntax

```
event(args) [condition] /action* ^Object.event(args)*
```

where  the  triggering event is  a  message  that  may  carry  parameters. The  enabling condition , delimited by square brackets, is a predicate on the object's attribute values. If the transition is taken, its actions , each prefaced with a slash (/), specify assignments made to the object's attributes; the asterisk indicates that a transition may have arbitrarily  many  actions. If  the  transition  is  taken, it  may  generate  arbitrarily  many output events , /^Object.event , each prefaced with a caret an output event may carry parameters and is either designated for a target Object or is broadcast to all objects. For example, in the messy Publication statechart (Figure 4.10), the transition to state recall is enabled if the publication is in state onloan when a request to put the item on reserve is received.When the transition is taken, it sends an event to the Loan object, which in turn will notify the borrower that the item must be returned to the library sooner than the loan's due date. Each of the transition-label elements is optional. For example, a transition need not be enabled by an input event; it could be enabled  only  by  a  condition  or  by  nothing, in  which  case  the  transition  is  always enabled. 1 ¿ 2 ; ' '*''

The UML statechart diagram for the Loan association class in Figure 4.11 illustrates how states can be annotated with local variables (e.g


[2]
serve (event) unreserve, 5 = F. (event) borrow (event) return (event) reserve (event) unreserve, 6 = F. (event) borrow (event) return (event) reserve (event) unreserve, 7 = F. (event) borrow (event) return (event) reserve (event) unreserve, 8 = F. , 1 = F. , 2 = F. , 3 = F. , 4 = T. , 5 = T. , 6 = F. , 7 = F. , 8 = F. , 1 = F. , 2 = F. , 3 = F. , 4 = F. , 5 = F. , 6 = T. , 7 = T. , 8 = F. , 1 = F. , 2 = F. , 3 = F. , 4 = F. , 5 = F. , 6 = F. , 7 = F. , 8 = T. item out on loan, 1 = F. item out on loan, 2 = T. item out on loan, 3 = -. item out on loan, 4 = -. item out on loan, 5 = -. item out on loan, 6 = F. item out on loan, 7 = T. item out on loan, 8 = F. item on reserve, 1 = -. item on reserve, 2 = -. item on reserve, 3 = -. item on reserve, 4 = F. item on reserve, 5 = T. item on reserve, 6 = -. item on reserve, 7 = -. item on reserve, 8 = -. patron.fines > $0.00, 1 = F. patron.fines > $0.00, 2 = -. patron.fines > $0.00, 3 = T. patron.fines > $0.00, 4 = -. patron.fines > $0.00, 5 = -. patron.fines > $0.00, 6 = -. patron.fines > $0.00, 7 = -. patron.fines > $0.00, 8 = -. (Re-)Calculate due date Put item in stacks Put item on reserve Send recall notice, 1 = X. (Re-)Calculate due date Put item in stacks Put item on reserve Send recall notice, 2 = . (Re-)Calculate due date Put item in stacks Put item on reserve Send recall notice, 3 = . (Re-)Calculate due date Put item in stacks Put item on reserve Send recall notice, 4 = X. (Re-)Calculate due date Put item in stacks Put item on reserve Send recall notice, 5 = . (Re-)Calculate due date Put item in stacks Put item on reserve Send recall notice, 6 = . (Re-)Calculate due date Put item in stacks Put item on reserve Send recall notice, 7 = X. (Re-)Calculate due date Put item in stacks Put item on reserve Send recall notice, 8 = X. shelf, 1 = . shelf, 2 = . shelf, 3 = . shelf, 4 = . shelf, 5 = X. shelf, 6 = X. shelf, 7 = X. shelf, 8 = . Reject event, 1 = . Reject event, 2 = X. Reject event, 3 = X. Reject event, 4 = . Reject event, 5 = . Reject event, 6 = . Reject event, 7 = . Reject event, 8 = 

## Example: Decision Tables

A decision table (Hurley 1983) is
",1.294,10.035
"In the data-module solution architecture for KWIC, what are the four specific data access operations (represented as an annotated arrow) used by the Master control module to interact with the Index module?",The chatbot can't answer this question. Please try again with another question.,"
[0]
primary functions: input, circular shift, alphabetize, and output. Thus, the system's functionality is decomposed and modularized. These four modules are coordinated by a master program that calls them in sequence. Because the data are localized in their own modules, and not replicated or passed among the computational modules, the design is efficient. However, as Parnas points out, this design is difficult to change. Because the computational modules access and manipulate the data directly, via read and write operations, any change to the data and data format will affect all modules.Also, none of the elements in the design are particularly reusable.

Figure 5.14 illustrates a second design that has a similar decomposition of functionality into sequentially called modules. However, in this design, the data computed by each computational module is stored in that module. For example, the circular-shift module maintains the index to keywords in the text, and the alphabetic-shift module maintains a sorted (alphabetized) version of this index. Each module's data are accessible via access methods, rather than directly.Thus, the modules form data abstractions . In a data abstraction, the methods' interfaces give no hint of the module's data or data representations, making  it  easier  to  modify  data-related  design  decisions  without affecting other modules. And because data-abstraction modules encompass both the

FIGURE 5.13 Shared-data solution for KWIC (Shaw and Garlan 1996).

FIGURE 5.14 Data-module solution for KWIC (Shaw and Garlan 1996).

data to be maintained and the operations for maintaining the data, these modules are easier to reuse in other applications than modules from our first design. On the downside, changes to the system's functionality may not be so easy, because the functionality is so tightly coupled with the data. For example, omitting indices whose circular shifts start with noise words means either (1) enhancing an existing module, making it more complex, more context specific, and less reusable; or (2) inserting a new module to remove useless indices after they have been creat


[1]
ith the data. For example, omitting indices whose circular shifts start with noise words means either (1) enhancing an existing module, making it more complex, more context specific, and less reusable; or (2) inserting a new module to remove useless indices after they have been created, which is inefficient, and modifying existing modules to call the new module (Garlan, Kaiser, and Notkin 1992).

Instead, Garlan, Kaiser, and  Notkin  (1992)  propose  a  third  design, shown  in Figure 5.15, in which the data are stored in ADTs that manage generic data types, such

FIGURE 5.15 ADT solution for KWIC (Shaw and Garlan 1996).

as  lines  of  text  and  sets  of  indices, rather  than  in  KWIC-based  data  abstractions. Because ADTs are generic, they are even more reusable than data abstractions. Moreover, the data and operations on data are encapsulated in the ADT modules, so changes to data representation are confined to these modules. This design resembles the first design, in that the system's functionality is decomposed and modularized into computational modules. However, in this design, many of the computational modules are triggered by the occurrence of events rather than by explicit procedure invocation. For example, the circular-shift module is activated whenever a new line of text is input.The design can be easily extended, via new computational modules whose methods are triggered by system events; existing modules do not need to be modified to integrate the new modules into the system.

One complication with an implicit-invocation design is that multiple computational methods may be triggered by the same event. If that happens, all the triggered methods will execute, but in what order? If we do not impose an order, then the triggered methods may execute in any arbitrary order, which may not be desired (e.g., a method that expands macros in new lines of text should execute before a method that inserts a new line into the ADT). However, to control execution order, we must devise some generic strategy that applies to both current and future sets of methods triggered by the same event, and we cann


[2]
de-off Analysis

Often, there are several alternative designs to consider. In fact, as professionals, it is our duty to explore design alternatives and not simply implement the first design that comes to mind.For example,it may not be immediately obvious which architectural styles to use as the basis for a design.This is especially true if the design is expected to achieve quality attributes that conflict with one another. Alternatively, different members of our design team may promote competing designs, and it is our responsibility to decide which one to pursue.We need a measurement-based method for comparing design alternatives,so that we can make informed decisions and can justify our decisions to others.

One Specification, Many Designs. To see how different architecture styles can be used to solve the same problem, consider the problem posed by Parnas (1972):

The [key word in context] KWIC system accepts an ordered set of lines; each line is an ordered set of  words, and  each  word  is  an  ordered  set  of  characters. Any  line  may  be

'circularly shifted' by repeatedly removing the first word and appending it at the end of the line.The KWIC index system outputs a list of all circular shifts of all lines in alphabetical order.

Such  systems  are  used  to  index  text, supporting  rapid  searching  for  keywords. For example, KWIC is used in electronic library catalogues (e.g., find all titles that contain the  name 'Martin Luther King Jr.') and in online help systems (e.g., find all index entries that contain the word 'customize').

Shaw and Garlan (1996) present four different architectural designs to implement KWIC: repository, data abstraction, implicit invocation (a type of publish-subscribe), and pipe-and-filter. The  repository-based  solution, shown  in  Figure  5.13, breaks  the problem into its four primary functions: input, circular shift, alphabetize, and output. Thus, the system's functionality is decomposed and modularized. These four modules are coordinated by a master program that calls them in sequence. Because the data are localized in their own modules, and not replica
",0.497,8.481
"How does the chronological relationship between errors, faults, and failures described in Chapter 1 fundamentally differ from the analytical direction used when constructing a fault-tree analysis as described in Chapter 5? -Required source types: both -Brief reasoning type label: comparison","A fault occurs when a human makes a mistake, called an error, in performing some software activity. This design fault is an encoding of the error, and it can lead to other faults, such as incorrect code and an incorrect description in a user manual. Thus, a single error can generate many faults, and a fault can reside in any development or maintenance product. A failure is a departure from the system's required behavior.

By contrast, fault-tree analysis builds fault trees that trace backwards through a design, along the logical path from effect to cause. The trees are then used to help us decide which faults to correct or avoid, and which faults to tolerate.","
[0]
nsider failures that might be affected by design, operation, or even maintenance. We can use a set of guidewords to help us understand how the system might deviate from its intended behavior. Table 5.1 illustrates some of the guidewords  that  might  be  used; you  can  select  your  own  guidewords  or  checklists, based on your system's application domain.

Next, we build an upside-down tree whose root node is some failure that we want to analyze, and whose other nodes are events or faults that realize or lead to the root node's failure. The edges of the graph indicate the relationships among nodes. Parent nodes are drawn as logic gate operators: an and -gate if both of the child nodes' events must occur for the parent node's event to occur; an orgate if one child's event is sufficient to cause the parent's event. Sometimes, an edge is labeled n_of_m if the system

TABLE 5.1, 1 = Guidewords for Identifying Possible Failures. Guideword, 1 = Interpretation. no more less part of other than early late before after, 1 = No data or control signal was sent or received The volume of data is too much or too fast The volume of data is too low or too slow The data or control signal is incomplete The data or control signal has another component The signal arrives too early for the clock The signal arrives too late for the clock The signal arrives too early in the expected sequence The signal arrives too late in the expected sequence

FIGURE 5.11 Fault tree for a security breach.

includes m redundant components, where n faulty components lead to the designated failure. Each node represents an independent event; otherwise, the analysis results may be invalid, especially with respect to compound faults.

For example, consider the fault tree presented in Figure 5.11.The tree shows that a security breach could occur either if a previous logout is not recognized (leaving the previous user logged in) or an unauthorized user gains access to the system. For the latter to happen, both of two basic events must happen: a valid user's password is exposed, and the password is not changed between the time of the exposure a


[1]
a class). For  each  class  in  a  design, they  defined  metrics  that  count  the  interactions between  the  class  and  other  classes  or  methods. Then, using  empirical  information about the design for a real system and the resulting system's faults and failures, they analyzed the relationship between the type of coupling and the kinds of faults that were found. For  example, they  report  that  when  a  class  depended  on  a  large  number  of attributes  that  belonged  to  other  classes  that  were  not  ancestors, descendants, or friends of that class, then the resulting code was more fault prone than usual. Similarly, when many methods belonging to friend classes depended on the methods of a particular class, then that class was more fault prone. In this way, design information can be used to predict which parts of the software are most likely to be problematic. We can take steps during the design stage to build in fault prevention or fault tolerance, and we can focus more of our initial testing efforts on the most fault-prone parts of the design.

## Safety Analysis

We learned earlier about the importance of fault identification, correction, and tolerance in creating reliable and robust designs.There are several techniques that can be used during design to identify possible faults or their likely locations. Fault-tree analysis , a method originally  developed  for  the  U.S. Minuteman  missile  program, helps  us  to  examine  a design and look for faults that might lead to failure.We build fault trees that trace backwards through a design, along the logical path from effect to cause. The trees are then used to help us decide which faults to correct or avoid, and which faults to tolerate.

We begin our analysis by identifying possible failures.Although our identification takes place during design, we consider failures that might be affected by design, operation, or even maintenance. We can use a set of guidewords to help us understand how the system might deviate from its intended behavior. Table 5.1 illustrates some of the guidewords  that  might  be  used; you  can  select  your


[2]
function, but not exactly as expected.We all have heard stories of systems that just barely work.And we all have written faulty programs: code that contains mistakes, but is good enough for a passing grade or for demonstrating the feasibility of an approach. Clearly, such behavior is not acceptable when developing a system for delivery to a customer.

There is an enormous difference between an error in a class project and one in a large software system. In fact, software faults and the difficulty in producing fault-free software are frequently discussed in the literature  and  in  the  hallways. Some  faults are merely annoying; others cost a great deal of time and money. Still others are lifethreatening. Sidebar 1.1 explains the relationships among faults, errors, and failures. Let us look at a few examples of failures to see what is going wrong and why.

## SIDEBAR 1.1 TERMINOLOGY FOR DESCRIBING BUGS

O ften, we talk about 'bugs'in software,meaning many things that depend on the context.A 'bug' can be a mistake in interpreting a requirement, a syntax error in a piece of code, or the (as-yet-unknown) cause of a system crash. The Institute of Electrical and Electronics Engineers (IEEE) has suggested a standard terminology (in IEEE Standard 729) for describing 'bugs' in our software products (IEEE 1983).

A fault occurs when a human makes a mistake, called an error , in performing some software activity. For example, a designer may misunderstand a requirement and create a design that does not match the actual intent of the requirements analyst and the user.This design fault is an encoding of the error, and it can lead to other faults, such as incorrect code and an incorrect description in a user manual.Thus, a single error can generate many faults, and a fault can reside in any development or maintenance product.

A failure is a departure from the system's required behavior. It can be discovered before or after system delivery, during testing, or during operation and maintenance. As we will see in Chapter 4, the requirements documents can contain faults. So a failure may indicate that the system is n
",0.374,10.001
Contrast how the traditional Waterfall process model and the Extreme Programming (XP) agile method handle the documentation of requirements and the adaptation to changing requirements late in the development cycle. -Required source types: text -Brief reasoning type label: comparison,The chatbot can't answer this question. Please try again with another question.,"
[0]
ical systems, where a system's correctness and safety are more important than its release date.

However, for problems where the requirements are uncertain, it can be cumbersome to employ a heavy process and have to update the models with every change to the requirements.As an alternative approach, agile methods gather and implement the requirements in increments.The initial release implements the most essential requirements, as defined by the stakeholders' business goals.As new requirements emerge with use of the system or with better understanding of the problem, they are implemented in subsequent releases of the system. This incremental development allows for 'early and continuous delivery of valuable software' (Beck et al. 2004) and accommodates emergent and late-breaking requirements.

Extreme programming (XP) takes agile requirements processes to the extreme, in that the system is built to the requirements that happen to be defined at the time, with no planning or designing for possible future requirements. Moreover, XP forgoes traditional requirements documentation, and instead encodes the requirements as test cases that the eventual implementation must pass.Berry (2002a) points out that the trade-off for agile methods' flexibility is the difficulty of making changes to the system as requirements are added, deleted, or changed. But there can be additional problems: XP uses test cases to specify requirements, so a poorly written test case can lead to the kinds of misunderstandings described in this chapter.

assumptions  with  which  we  may  not  be  familiar. Likewise, we  as  developers  know about computer solutions, but not always about how possible solutions will affect our customers' business activities.We, too, have our jargon and assumptions, and sometimes we think everyone is speaking the same language, when in fact people have different meanings for the same words. It is only by discussing the requirements with everyone who has a stake in the system, coalescing these different views into a coherent set of requirements, and reviewing these documents with the stakeholders that we all


[1]
s to provide the features. Iteration is important, so redoing is as critical is doing; change is embraced, so that a change is viewed not as a correction but as an adjustment to the realities of software development. Fixed delivery times force developers to scope down the requirements essential for each version produced. At the same time, risk is embraced, so that the developers tackle the hardest problems first.

Often, the phrase 'extreme programming' is used to describe the more general concept of agile methods. In fact, XP is a particular form of agile process, with guiding principles that reflect the more general tenets of the agile manifesto. Proponents of XP emphasize four characteristics of agility: communication, simplicity, courage, and feedback. Communication involves  the  continual  interchange  between  customers  and developers. Simplicity encourages developers to select the simplest design or implementation to address the needs of their customers. Courage is described by XP creators as commitment to delivering functionality early and often. Feedback loops are built into the various activities during the development process. For example, programmers work together to give each other feedback on the best way to implement a design, and customers work with developers to perform planning exercises.

These characteristics are embedded in what are known as the twelve facets of XP .

- The planning game: In this aspect of XP , the customer, who is on-site, defines what is meant by 'value,' so that each requirement can be assessed according to how much value is added by implementing it. The users write stories about how the system should work, and the developers then estimate the resources necessary to realize the stories. The stories describe the actors and actions involved, much like the use cases we define in more detail in Chapters 4 and 6. Each story relates one requirement; two or three sentences are all that is needed to explain the value of the requirement in sufficient detail for the developer to specify test cases and estimate resources for implementing the requirement. Once the stor


[2]
re detail in Chapters 4 and 6. Each story relates one requirement; two or three sentences are all that is needed to explain the value of the requirement in sufficient detail for the developer to specify test cases and estimate resources for implementing the requirement. Once the stories are written, the prospective users prioritize requirements, splitting and merging them until consensus is reached on what is needed, what is testable, and what can be done with the resources available. The planners then generate a map of each release, documenting what the release includes and when it will be delivered.
- Small releases: The system is designed so that functionality can be delivered as soon as possible. Functions are decomposed into small parts, so that some functionality

- can be delivered early and then improved or expanded on in later releases. The small releases require a phased-development approach, with incremental or iterative cycles.
- Metaphor: The development team agrees on a common vision of how the system will operate. To support its vision, the team chooses common names and agrees on a common way of addressing key issues.
- Simple design: Design is kept simple by addressing only current needs.This approach reflects the philosophy that anticipating future needs can lead to unnecessary functionality. If a particular portion of a system is very complex, the team may build a spike-a quick and narrow implementation-to help it decide how to proceed.
- Writing tests first: To ensure that the customer's needs are the driving force behind development, test cases are written first, as a way of forcing customers to specify requirements that can be tested and verified once the software is built.Two kinds of tests are used in XP: functional tests that are specified by the customer and executed by both developers and users, and unit tests that are written and run by developers. In XP , functional tests are automated and, ideally, run daily.The functional tests are considered to be part of the system specification. Unit tests are written both before and after coding, to verify that each modular portion
",0.462,6.317
"According to the V-model of software development, how do the specific objectives of validation and verification map to the different testing phases on the right side of the ""V"" relative to the analysis and design phases on the left? -Required source types: both -Brief reasoning type label: synthesis","On the right side of the V, verification corresponds to unit and integration testing (which address the correctness of programs), while validation corresponds to system testing and acceptance testing (which verify that the system meets requirements and that the customer validates the requirements).","
[0]
l for verification and validation, but these activities can occur during other parts of the development process, as we will see in later chapters.

## V Model

The V model is a variation of the waterfall model that demonstrates how the testing activities are related to analysis and design (German Ministry of Defense 1992). As shown in Figure 2.4, coding forms the point of the V, with analysis and design on the left, testing and maintenance on the right. Unit and integration testing addresses the correctness of programs, as we shall see in later chapters. The V model suggests that unit and integration testing can also be used to verify the program design. That is, during unit and integration testing, the coders and test team members should ensure that all aspects of the program design have been implemented correctly in the code. Similarly, system testing should verify the system design, making sure that all system design aspects are correctly implemented. Acceptance testing, which is conducted by the customer rather than the developer, validates the requirements by associating a testing step with each element of the specification; this type of testing checks to see that all requirements have been fully implemented before the system is accepted and paid for.

The model's linkage of the left side with the right side of the V implies that if problems are found during verification and validation, then the left side of the V can be reexecuted to fix and improve the requirements, design, and code before the testing steps on the right side are reenacted. In other words, the V model makes more explicit some of the iteration and rework that are hidden in the waterfall depiction. Whereas

FIGURE 2.4 The V model.

the focus of the waterfall is often documents and artifacts, the focus of the V model is activity and correctness.

## Prototyping Model

We have seen how the waterfall model can be amended with prototyping activities to improve understanding. But prototyping need not be solely an adjunct of a waterfall; it can itself be the basis for an effective process model, shown in Figure 2.5. Since the

FIGURE


[1]
e  designers, detailing what they are to build. Thus, before the requirements can be turned over to the  designers, we  and  our  customers  must  be  absolutely  sure  that  each  knows  the other's intent, and that our intents are captured in the requirements documents. To establish this certainty, we validate the requirements and verify the specification.

We have been using the terms 'verify' and 'validate' throughout this chapter without formally defining them. In requirements validation , we check that our requirements definition accurately reflects the customer's-actually, all of the stakeholders'needs. Validation is tricky because there are only a few documents that we can use as the basis for arguing that the requirements definitions are correct. In verification , we check that one document or artifact conforms to another. Thus, we verify that our code conforms to our design,and that our design conforms to our requirements specification;at the requirements level, we verify that our requirements specification conforms to the


[2]
to examine some aspect of the proposed system and decide if it is suitable or appropriate for the finished product. For example, developers may build a system to implement a small portion of some key requirements to ensure that the requirements are consistent, feasible, and practical; if not, revisions are made at the requirements stage rather than at the more costly testing stage. Similarly, parts of the design may be prototyped, as shown in Figure 2.3. Design prototyping helps developers assess alternative design strategies and decide which is best for a particular project.As we will see in Chapter 5, the designers may address the requirements with several radically different designs to see which has the best properties. For instance, a network may be built as a ring in one prototype and a star in another, and performance characteristics evaluated to see which structure is better at meeting performance goals or constraints.

Often, the user interface is built and tested as a prototype, so that the users can understand what the new system will be like, and the designers get a better sense of how the  users  like  to  interact  with  the  system. Thus, major  kinks  in  the  requirements  are addressed and fixed well before the requirements are officially validated during system testing; validation ensures  that  the  system  has  implemented  all  of  the  requirements, so that  each  system  function  can  be  traced  back  to  a  particular  requirement  in  the specification. System testing also verifies the requirements; verification ensures that each function works correctly.That is, validation makes sure that the developer is building the

FIGURE 2.3 The waterfall model with prototyping.

right product (according to the specification), and verification checks the quality of the implementation. Prototyping is useful for verification and validation, but these activities can occur during other parts of the development process, as we will see in later chapters.

## V Model

The V model is a variation of the waterfall model that demonstrates how the testing activities are related to analysis and d


[3]
testing was to ensure that the code implemented the design properly; that is, that the programmers wrote code to do what the designers intended.In system testing, we have a very different objective: to ensure that the system does what the customer wants it to do. To understand how to meet this objective, we first must understand where faults in the system come from.

## Sources of Software Faults

Recall that a software fault causes a failure only when accompanied by the right conditions. That is, a fault may exist in the code, but if the code is never executed, or if the code is not executed long enough or in the appropriate configuration to cause a
",0.492,6.344
"Why might a Chief Programmer team be a poor organizational choice if the majority of the team members are categorized as ""Rational Introverts"" in Jung's work styles framework, and what alternative team structure is recommended for highly uncertain projects? -Required source types: both -Brief reasoning type label: causal reasoning","A Chief Programmer team is centered on fast, top-down decision making by the chief, while rational introverts are information gatherers who do not feel comfortable making a decision unless all the facts are at hand. When the majority of the team are Rational Introverts, decisions may be delayed or blocked because they avoid emotional decisions and prefer to gather information before deciding, whereas the chief expects rapid decisions and centralizes them.

For highly uncertain projects, the text recommends a more democratic approach, i.e., an egoless team structure where everyone is equally responsible and decisions are made collectively by voting.","
[0]
rogramming.

The organization of the chief programmer team is illustrated in Figure 3.11. By placing all responsibility for all decisions with the chief programmer, the team structure minimizes the amount of communication needed during the project.Each team member must communicate often with the chief, but not necessarily with other team members. Thus, if the team consists of programmers plus the chief, the team can establish only paths of communication (one path for each team member's interaction with the chief) out of a potential paths. For example, rather than working out a problem themselves, the programmers can simply approach the chief for an answer. Similarly, the chief reviews all design and code, removing the need for peer reviews. n 1 n -1 2> 2 n -1 n -1

FIGURE 3.11 Chief programmer team organization.

Although a chief programmer team is a hierarchy, groups of workers may be formed to accomplish a specialized task. For instance, one or more team members may form an administrative group to provide a status report on the project's current cost and schedule.

Clearly, the chief programmer must be good at making decisions quickly, so the chief is likely to be an extrovert. However, if most of the team members are introverts, the chief programmer team may not be the best structure for the project. An alternative is based on the idea of 'egoless' programming, as described by Weinberg (1971). Instead of a single point of responsibility, an egoless approach holds everyone equally responsible. Moreover, the process is separated from the individuals; criticism is made of  the  product  or  the  result, not  the  people  involved. The  egoless  team  structure  is democratic, and all team members vote on a decision, whether it concerns design considerations or testing techniques.

Of course, there are many other ways to organize a development or maintenance project, and the two described above represent extremes.Which structure is preferable? The more people on the project, the more need there is for a formal structure. Certainly, a development team with only three or four members does not always ne


[1]
the more emotions play a part in your decisions, the higher up you go. Thus, we can define four basic work styles, corresponding to the four quadrants of the graph. The rational extroverts tend to assert their ideas and not let 'gut feeling' affect their decision making.They tell their colleagues what they want them to know, but they rarely ask for more information before doing so.When reasoning,they rely on logic, not emotion.The rational introverts also avoid emotional decisions, but they are willing to take time to consider all possible courses of action. Rational introverts are information gatherers; they do not feel comfortable making a decision unless they are convinced that all the facts are at hand.

In  contrast, intuitive  extroverts base  many  decisions  on  emotional  reactions, tending to want to tell others about them rather than ask for input.They use their intuition to be creative, and they often suggest unusual approaches to solving a problem. The intuitive introvert is creative, too, but applies creativity only after having gathered

sufficient information on which to base a decision. Winston Churchill was an intuitive introvert; when he wanted to learn about an issue, he read every bit of material available that addressed it. He often made his decisions based on how he felt about what he had learned (Manchester 1983).

To see how work styles affect interactions on a project, consider several typical staff profiles. Kai, a rational extrovert, judges her colleagues by the results they produce. When making a decision, her top priority is efficiency. Thus, she wants to know only the bottom line. She examines her options and their probable effects, but she does not need to see documents or hear explanations supporting each option. If her time is wasted or her efficiency is hampered in some way, she asserts her authority to regain control of the situation.Thus, Kai is good at making sound decisions quickly.

Marcel, a rational introvert, is very different from his colleague Kai. He judges his peers by how busy they are, and he has little tolerance for those who appear not to be working


[2]
organize a development or maintenance project, and the two described above represent extremes.Which structure is preferable? The more people on the project, the more need there is for a formal structure. Certainly, a development team with only three or four members does not always need an elaborate organizational structure. However, a team of several dozen workers must have a welldefined organization.In fact, your company or your customer may impose a structure on the development team, based on past success, on the need to track progress in a certain way, or on the desire to minimize points of contact. For example, your customer may insist that the test team be totally independent of program design and development.

Researchers continue to investigate how project team structure affects the resulting product and how to choose the most appropriate organization in a given situation. A National Science Foundation (1983) investigation found that projects with a high degree  of  certainty, stability, uniformity, and  repetition  can  be  accomplished  more effectively  by  a  hierarchical  organizational  structure  such  as  the  chief  programmer team.These projects require little communication among project members, so they are well-suited to an organization that stresses rules, specialization, formality, and a clear definition of organizational hierarchy.

TABLE 3.5, 1 = Comparison of Organizational Structures. TABLE 3.5, 2 = Comparison of Organizational Structures. Highly Structured, 1 = Highly Structured. Highly Structured, 2 = Loosely Structured. High certainty, 1 = High certainty. High certainty, 2 = Uncertainty. Repetition, 1 = Repetition. Repetition, 2 = New techniques or technology. Large projects, 1 = Large projects. Large projects, 2 = Small projects

On the other hand, when there is much uncertainty involved in a project, a more democratic approach may be better. For example, if the requirements may change as development proceeds, the project has a degree of uncertainty. Likewise, suppose your customer is building a new piece of hardware to interface with a system; if the exact specification
",0.348,8.807
"How does the Object Constraint Language (OCL) supplement a standard UML class diagram to enforce that no two publications can share the same call number, and what specific OCL navigational constructs are used to express this invariant? -Required source types: both -Brief reasoning type label: structure interpretation","OCL supplements a UML class diagram by adding an invariant on the Publication class that enforces unique call numbers.

Navigational constructs used to express this invariant
- - Construct allinstances, which returns all instances of the Publication class
- - Constructs forall, and, and implies, which correspond to the first-order connectives described above","
[0]
e unique.This constraint introduces

- Construct allinstances, which returns all instances of the Publication class
- Symbol which applies the attribute or operation of its right operand to all of the objects in its left operand : ,
- Constructs forall, and, and implies, which correspond to the first-order connectives described above

Thus, the constraint literally says that for any two publications, p1 and p2 , returned by allinstances, if p1 and p2 are not the same publication, then they have different call numbers.The third constraint, attached to the method borrow() , expresses the operation's pre- and post-conditions. One of the pre-conditions concerns an attribute in the Patron class, which is accessible via the borrow association; the patron object can be referenced either by its role name, borrower , or by the class name written in lowercase letters, if the association's far end has no role name. If the association's multiplicity were greater than 0..1, then  navigating  the  association  would  return  a  collection  of objects, and we would use notation, rather than dot notation, to access the objects' attributes. :

Although not originally designed as part of UML, OCL is now tightly coupled with UML and is part of the UML standard.OCL can augment many of UML's models. For example, it can be used to express invariants, preconditions, and post-conditions in class diagrams, or invariants and transition conditions in statechart diagrams. It can also express conditions on events in Message Sequence Charts (Warmer and Kleppe 1999). OCL annotations of UML require a relatively  detailed  class  model, complete  with attribute types, operation signatures, role names, multiplicities, and state enumerations of the class's statechart diagram. OCL expressions can appear in UML diagrams as UML notes,or they can be listed in a supporting document.

## Example: Z

Z (pronounced 'zed') is a formal requirements-specification language that structures set-theoretic  definitions  of  variables  into  a  complete  abstract-data-type  model  of  a problem, and uses logic to express the pre- and post-conditions


[1]
```
(insert_coin ⇒ (may_enter  W  push)) n(insert_coin ∧ num_coins=n) ⇒ (num_coins = n+1)) ~ n ( 5 ~ n
```

Properties  are  often  used  to  augment  a  model-based  specification, either  to impose constraints on the model's allowable behaviors or simply to express redundant but nonobvious global properties of the specification. In the first case, a property specifies behavior not expressed in the model, and the desired behavior is the conjunction of the model and the property. In the second case, the property does not alter the specified behavior but may aid in understanding the model by explicating otherwise implicit behavior. Redundant  properties  also  aid  in  requirements  verification, by  providing expected properties of the model for the reviewer to check.

## Example: Object Constraint Language (OCL)

The Object Constraint Language (OCL) is an attempt to create a constraint language that is both mathematically precise and easy for nonmathematicians, like customers, to read, write, and  understand. The  language  is  specially  designed  for  expressing  constraints on object models (i.e., ER diagrams), and introduces language constructs for navigating from one object to another via association paths, for dealing with collections of objects, and for expressing queries on object type.

A partial Library class model from Figure 4.5 appears in Figure 4.18, in which three classes have been detailed and annotated with OCL constraints. The leftmost constraint is an invariant on the Patron class, and specifies that no patron's fines may

FIGURE 4.18 Library classes annotated with OCL properties.

have  a  negative  value  (i.e., the  library  always  makes  change  if  a  patron's  payment exceeds his or her fines). The topmost constraint is an invariant on the Publication class, and specifies that call numbers are unique.This constraint introduces

- Construct allinstances, which returns all instances of the Publication class
- Symbol which applies the attribute or operation of its right operand to all of the objects in its left operand : ,
- Constructs forall, and, and implies, which corres


[2]
odeling notations, plus the OCL constraint language.The UML notations that are used during requirements definition and specification include

- Use-case diagram (a high-level DFD): A use-case diagram is used at the start of a new project, to record the essential top-level functions that the to-be-developed product should provide. In the course of detailing the use cases' scenarios, we may identify important entities that play a role in the problem being modeled.
- Class diagram (an ER diagram): As mentioned previously, the class diagram is the flagship model of a UML specification, emphasizing the problem's entities and their interrelationships. The remaining UML specification models provide more detail about how the classes' objects behave and how they interact with one another. As we gain a better understanding of the problem being modeled, we detail the class diagram, with additional attributes, attribute classes, operations, and  signatures. Ideally, new  insight  into  the  problem  is  more  likely  to  cause changes to these details than to affect the model's entities or relationships.
- Sequence  diagram  (an  event  trace): Sequence  diagrams  are  early  behavioral models that depict traces of messages passed between class instances. They are best used to document important scenarios that involve multiple objects. When creating sequence diagrams, we look for common subsequences that appear in several diagrams; these subsequences may help us to identify states (e.g., the start and end points of the subsequence) in the objects' local behaviors.
- Collaboration diagram (an event trace): A collaboration diagram illustrates one or more event traces, overlayed on the class diagram.As such, a collaboration diagram presents the same information as a sequence diagram.The difference is that the  sequence  diagram  emphasizes  a  scenario's  temporal  ordering  of  messages because it organizes messages along a timeline. On the other hand, the collaboration  diagram  emphasizes  the  classes'  relationships, and  treats  the  messages  as elaborations  of  those  relationships  in  the  way  that  it
",0.501,7.783
"Why does the textbook argue that high-level Petri nets are better suited than state-machine models for representing processes like an emergency room triage, where multiple preliminary events must occur before a transition to treatment begins? -Required source types: text -Brief reasoning type label: comparison","The textbook argues that high-level Petri nets are better suited because a state-machine model of the emergency room might specify only a single order of events, thereby excluding several acceptable behaviors, or it might specify all possible sequences of events, resulting in an overly complex model for a relatively simple problem. A Petri net model of the same emergency room nicely avoids both of these problems.","
[0]
t all must occur before a team of doctors begins a more thorough examination. Once the treatment begins (i.e., once the transition is made from a preliminary examination to a thorough one), the  doctors  start  new  activities. The  orthopedic  doctors  check  for  broken  bones, while the hematologist runs blood tests and the surgeon puts stitches in a bleeding

wound.The doctors' activities are independent of one another, but none can occur until the transition from the preliminary examination takes place.A state-machine model of the emergency room might specify only a single order of events, thereby excluding several acceptable behaviors, or it might specify all possible sequences of events, resulting in an overly complex model for a relatively simple problem. A Petri net model of the same emergency room nicely avoids both of these problems.

Basic Petri nets are fine for modeling how control flows through events or among concurrent entities. But if we want to model control that depends on the value of data (e.g., borrowing a particular book from a collection of books), then we need to use a high-level Petri net notation.A number of extensions to basic Petri nets have been proposed to improve the notation's expressibility, including inhibitor arcs, which enable a transition only if the input place is empty of tokens; priority among transitions; timing constraints; and structured tokens, which have values.

To model our library problem, which tracks information and events for multiple patrons and publications, we need a Petri net notation that supports structured tokens and transition actions (Ghezzi et al. 1991). A transition action constrains which tokens in  the  input  places  can  enable  the  transition  and  specifies  the  values  of  the  output tokens. Figure 4.13 is a high-level Petri net specification for the library problem. Each place stores tokens of a different data type. Avail stores a token for every library item that is not currently out on loan.A token in Fines is an n -tuple (i.e., an ordered set of n elements, sometimes called a tuple for short) that maps a patron to the valu


[1]
o model the property as an attribute. Alternatively, if the events to which the object is ready to react depend on a property (e.g., whether a book is out on loan), then it is best to model the property as a state. Otherwise,choose the representation that results in the simplest model that is easiest to understand.

## Example: Petri Nets

UML statechart diagrams nicely modularize a problem's dynamic behavior into the behaviors of individual class objects, with the effect that it may be easier to consider each class's behavior separately than it is to specify the whole problem in one diagram. This modularization makes it harder, though, to see how objects interact with each other. Looking at an individual statechart diagram, we can see when an object sends a message to another object. However, we have to examine the two objects' diagrams simultaneously to see that a message sent by one object can be received by the other. In fact, to be completely sure, we would have to search the possible executions (event traces) of the two machines, to confirm that whenever one object sends a message to the other, the target object is ready to receive and react to the message.

Petri nets (Peterson 1977) are a form of state-transition notation that is used to model concurrent activities and their interactions. Figure 4.12 shows a basic Petri net specifying the behavior of a book loan. The circles in the net are places that represent

FIGURE 4.12 Petri net of book loan.

activities or conditions, and the bars represent transitions . Directed arrows, called arcs , connect a transition with its input places and its output places . The places are populated with tokens , which act as enabling conditions for the transitions.When a transition fires , it removes tokens from each of its input places and inserts tokens into each of its output places. Each arc can be assigned a weight that specifies how many tokens are removed from the arc's input place, or inserted into the arc's output place, when the transition fires. A transition is enabled if each of its input places contains enough tokens to contribute its arc's weigh


[2]
n then specify a small collection of subtraces between conditions, and derive a variety of traces by composing the charts at points where the entities' states are the same. For example there are multiple scenarios between state publication on loan and the end of the loan transition: the patron renews the loan once, the patron renews the loan twice, the patron returns the publication, the patron reports the publication as being lost. Each of these subscenarios could be appended to a prefix trace of a patron successfully borrowing the publication. Such composition and refinement features help to reduce the number of MSCs one would need to write to specify a problem completely. However, these features do not completely address the trace-explosion  problem, so  Message  Sequences  Charts  are  usually  used  only  to describe key scenarios rather than to specify entire problems.

## State Machines

State-machine notations are used to represent collections of event traces in a single model.A state machine is a graphical description of all dialog between the system and its  environment. Each node, called a state , represents a stable set of conditions that exists between event occurrences. Each edge, called a transition , represents a change in behavior or condition due to the occurrence of an event; each transition is labeled with the triggering event, and possibly with an output event, preceded by the symbol '/', that is generated when the transition occurs.

State machines are useful both for specifying dynamic behavior and for describing how behavior should change in response to the history of events that have already occurred. That is, they are particularly suited for modeling how the system's responses to the same input change over the course of the system's execution. For each state, the set of transitions emanating from that state designates both the set of events that can trigger a response and the corresponding responses to those events. Thus, when our turnstile (shown in Figure 4.8) is in the unlocked state, its behavior is different from

FIGURE 4.8 Finite-state-machine model of the turnstile


[3]
ition's source state are applied, followed by the transition's own actions, followed by the entry actions and activities of the new state.

The semantics of UML diagrams, and how the different diagrams fit together, are intentionally undefined, so that specifiers can ascribe semantics that best fit their problem. However, most practitioners view UML statecharts as communicating finite-state machines with first-in, first-out (FIFO) communication channels. Each object's state machine has an input queue that holds the messages sent to the object from other objects in the model or from the model's environment. Messages are stored in the input
",0.469,9.509
"Using the Critical Path Method (CPM), how does a delay in an activity that has zero slack time logically affect the projected staff-days on a resource histogram, and what is the specific term for the path that contains these zero-slack activities? -Required source types: both -Brief reasoning type label: causal reasoning","The late start pushes all subsequent critical path activities forward, forcing them to be late, too, if there is no slack. This path is called the critical path.","
[0]
r Project Activities.Slack = 0. 3.2, TABLE 3.4 SlackTime for Project Activities.Earliest StartTime = 83. 3.2, TABLE 3.4 SlackTime for Project Activities.Latest StartTime = 83. 3.2, TABLE 3.4 SlackTime for Project Activities.Slack = 0. 3.3, TABLE 3.4 SlackTime for Project Activities.Earliest StartTime = 98. 3.3, TABLE 3.4 SlackTime for Project Activities.Latest StartTime = 98. 3.3, TABLE 3.4 SlackTime for Project Activities.Slack = 0. 3.4, TABLE 3.4 SlackTime for Project Activities.Earliest StartTime = 107. 3.4, TABLE 3.4 SlackTime for Project Activities.Latest StartTime = 107. 3.4, TABLE 3.4 SlackTime for Project Activities.Slack = 0. 3.5, TABLE 3.4 SlackTime for Project Activities.Earliest StartTime = 107. 3.5, TABLE 3.4 SlackTime for Project Activities.Latest StartTime = 107. 3.5, TABLE 3.4 SlackTime for Project Activities.Slack = 0. 3.6, TABLE 3.4 SlackTime for Project Activities.Earliest StartTime = 118. 3.6, TABLE 3.4 SlackTime for Project Activities.Latest StartTime = 118. 3.6, TABLE 3.4 SlackTime for Project Activities.Slack = 0. Finish, TABLE 3.4 SlackTime for Project Activities.Earliest StartTime = 124. Finish, TABLE 3.4 SlackTime for Project Activities.Latest StartTime = 124. Finish, TABLE 3.4 SlackTime for Project Activities.Slack = 0

Since the critical path has no slack, there is no margin for error when performing the activities along its route.

Notice what happens when an activity on the critical path begins late (i.e., later than its earliest start time). The late start pushes all subsequent critical path activities forward, forcing them to be late, too, if there is no slack. And for activities not on the critical path, the subsequent activities may also lose slack time. Thus, the activity graph helps us to understand the impact of any schedule slippage.

Consider what happens if the activity graph has several loops in it. Loops may occur when an activity must be repeated. For instance, in our house-building example, the building inspector may require the plumbing to be redone.In software development, a design inspection may require design or requirements to be respecified. The appe


[1]
everal loops in it. Loops may occur when an activity must be repeated. For instance, in our house-building example, the building inspector may require the plumbing to be redone.In software development, a design inspection may require design or requirements to be respecified. The appearance of these loops may change the critical path as the loop activities are exercised more than once. In this case, the effects on the schedule are far less easy to evaluate.

Figure 3.4 is a bar chart that shows some software development project activities, including information about the early and late start dates; this chart is typical of those produced by automated project management tools. The horizontal bars represent the duration of each activity; those bars composed of asterisks indicate the critical path. Activities depicted by dashes and Fs are not on the critical path, and an F represents float or slack time.

Critical path analysis of a project schedule tells us who must wait for what as the project is being developed. It also tells us which activities must be completed on schedule to avoid delay. This kind of analysis can be enhanced in many ways. For instance, our house-building example supposes that we know exactly how long each activity will take. Often, this is not the case. Instead, we have only an estimated duration for an activity, based on our knowledge of similar projects and events. Thus, to each activity, we can

assign a probable duration according to some probability distribution, so that each activity has associated with it an expected value and a variance. In other words, instead of knowing an exact duration, we estimate a window or interval in which the actual time is likely to fall. The expected value is a point within the interval, and the variance describes the width of the interval. You may be familiar with a standard probability distribution called a normal distribution, whose graph is a bell-shaped curve.The Program Evaluation and Review Technique (PERT) is a popular critical path analysis technique that assumes a  normal distribution. (See Hillier and Lieberman [2001] for more inform


[2]
nd 2.8, but only 42 days are needed to complete these. Thus, this portion of the graph has 12 days of slack. Similarly, the portion of the graph for activities 2.3 through 2.7 requires only 39 days, so we have 15 days of slack along this route. By working forward through the graph in this way, we can compute the earliest start time and slack for each of the activities.Then, we compute the latest start time for each activity by moving from the finish back through each node to the start. Table 3.4 shows the results: the slack time for each activity in Figure 3.3. (At milestone 2.6, the path can branch to 2.7 or 2.8. The latest start times in Table 3.4 are calculated by using the route from 2.6 to 2.8, rather than from 2.6 to 2.7.)

The longest path has a slack of zero for each of its nodes, because it is the path that determines whether or not the project is on schedule. For this reason, it is called the critical path. Thus, the critical path is  the  one for which the slack at every node is zero. As you can see from our example, there may be more than one critical path.

1.1, TABLE 3.4 SlackTime for Project Activities.Earliest StartTime = 1. 1.1, TABLE 3.4 SlackTime for Project Activities.Latest StartTime = 13. 1.1, TABLE 3.4 SlackTime for Project Activities.Slack = 12. 1.2, TABLE 3.4 SlackTime for Project Activities.Earliest StartTime = 1. 1.2, TABLE 3.4 SlackTime for Project Activities.Latest StartTime = 1. 1.2, TABLE 3.4 SlackTime for Project Activities.Slack = 0. 1.3, TABLE 3.4 SlackTime for Project Activities.Earliest StartTime = 16. 1.3, TABLE 3.4 SlackTime for Project Activities.Latest StartTime = 16. 1.3, TABLE 3.4 SlackTime for Project Activities.Slack = 0. 1.4, TABLE 3.4 SlackTime for Project Activities.Earliest StartTime = 26. 1.4, TABLE 3.4 SlackTime for Project Activities.Latest StartTime = 26. 1.4, TABLE 3.4 SlackTime for Project Activities.Slack = 0. 2.1, TABLE 3.4 SlackTime for Project Activities.Earliest StartTime = 36. 2.1, TABLE 3.4 SlackTime for Project Activities.Latest StartTime = 36. 2.1, TABLE 3.4 SlackTime for Project Activities.Slack = 0. 2.2, TABLE 3.4 SlackTime for Project
",0.474,9.904
"How does the U.S. government's definition of Return on Investment (ROI) differ from industry's definition, and how is the ""payback period"" mathematically calculated when a company performs a cost-benefit analysis on a new software architecture design? -Required source types: text -Brief reasoning type label: comparison",The chatbot can't answer this question. Please try again with another question.,"
[0]
lowance for risk' (Putnam and Myers 1992). Usually, the business  community  uses  one  of  three  models  to  assess  ROI: a  payback  model, an accounting rate-of-return model, and a discounted cash flow model.

However, Brodman and Johnson (1995) found that the U.S. government and U.S. industry interpret ROI in very different ways, each different from the other, and both different from the standard business school approaches.The government views ROI in terms of dollars,looking at reducing operating costs,predicting dollar savings,and calculating the cost of employing new technologies. Government investments are also expressed in dollars, such as the cost of introducing new technologies or process improvement initiatives.

On the other hand, industry viewed investment in terms of effort, rather than cost or dollars. That is, companies were interested in saving time or using fewer people, and their  definition  of  return  on  investment  reflected  this  focus  on  decreasing  effort. Among the companies surveyed, return on investment included such items as

- training
- schedule
- risk
- quality
- productivity
- process
- customer
- costs
- business

The cost issues included in the definition involve meeting cost predictions, improving cost performance, and staying within budget, rather than reducing operating costs or streamlining  the  project  or  organization. Figure  1.6 summarizes the frequency with which many organizations included an investment item in their definition of ROI. For example, about 5 percent of those interviewed included a quality group's effort in the ROI effort calculation, and approximately 35 percent included software costs when considering number of dollars invested.

The difference in views is disturbing, because it means that calculations of ROI cannot be compared across organizations. But there are good reasons for these differing views. Dollar savings from reduced schedule, higher quality, and increased productivity are returned to the government rather than the contractor. On the other hand, contractors are usually looking for a competitive edge and increased work


[1]
there are good reasons for these differing views. Dollar savings from reduced schedule, higher quality, and increased productivity are returned to the government rather than the contractor. On the other hand, contractors are usually looking for a competitive edge and increased work capacity as well as greater profit; thus, the contractor's ROI is more effort- than cost-based. In particular, more accurate cost and schedule estimation can mean customer satisfaction and repeat business.And decreased time to market as well as improved product quality are perceived as offering business value, too.

FIGURE 1.6 Terms included in industry definition of return on investment.

Even though the different ROI calculations can be justified for each organization, it is worrying that software technology return on investment is not the same as financial ROI. At some point, program success must be reported to higher levels of management, many of which are related not to software but to the main company business, such as telecommunications or banking. Much confusion will result from the use of the same terminology to mean vastly different things.Thus, our success criteria must make sense not only for software projects and processes, but also for the more general business practices they support.We will examine this issue in more detail in Chapter 12 and look at using several common measures of business value to choose among technology options.

## 1.4 WHO DOES SOFTWARE ENGINEERING?

A key component of software development is communication between customer and developer; if that fails, so too will the system. We must understand what the customer wants and needs before we can build a system to help solve the customer's problem.To do this, let us turn our attention to the people involved in software development.

The  number  of  people  working  on  software  development  depends  on  the project's  size  and  degree  of  difficulty. However, no  matter  how  many  people  are involved, the roles played throughout the life of the project can be distinguished.Thus, for a large project, one person or a group may be assign


[2]
s I am surprised to learn that companies would contract with companies for their technical value, at the relative expense of business value. If anything, we err on the other side! If there is not clear (expected) business  value  (expressed  quantitatively: number  of  claims  processed, etc.)  then  we  can't launch a systems project. We take very seriously the 'purposeful' requirement phase of the project, when we ask:'why do we want this system?' and 'why do we care?'

There have been several attempts to relate technical value and business value in a quantitative and meaningful way. For example, Humphrey, Snyder, and Willis (1991) note  that  by  improving  its  development  process  according  to  the  CMM 'maturity' scale (to be discussed in Chapter 12), Hughes Aircraft improved its productivity by 4 to 1 and saved millions of dollars. Similarly, Dion (1993) reported that Raytheon's twofold increase in productivity was accompanied by a $7.70 return on every dollar invested in process improvement. And personnel at Tinker Air Force Base in Oklahoma noted a productivity improvement of 6.35 to 1 (Lipke and Butler 1992).

However,Brodman and Johnson (1995) took a closer look at the business value of process improvement.They surveyed 33 companies that performed some kind of process improvement activities, and examined several key issues.Among other things, Brodman

and Johnson asked companies how they defined return on investment (ROI), a concept that is clearly defined in the business community.They note that the textbook definition of return on investment , derived from the financial community, describes the investment in terms of what is given up for other purposes. That is, the 'investment must not only return the original capital but enough more to at least equal what the funds would have earned elsewhere, plus an allowance for risk' (Putnam and Myers 1992). Usually, the business  community  uses  one  of  three  models  to  assess  ROI: a  payback  model, an accounting rate-of-return model, and a discounted cash flow model.

However, Brodman and Johnson (1995) found that the U.S. government and
",0.68,6.612
"Why did the ""hot standby"" redundancy fault-recovery tactic fail during the Ariane-5 maiden flight, and how does the textbook explain this failure using the inherent difference between hardware failures and software failures? -Required source types: text -Brief reasoning type label: causal reasoning","The hot standby redundancy failed because software faults are not independent across replicated components; hardware failures are independent: if one unit fails, the standby unit is usually unaffected and can take over as the active unit.

Moreover, even if the software is not the underlying cause of a failure, replicated software components are likely to exhibit the same bad behavior in response to bad input.

Regardless of the source, most types of faults would adversely affect all instances of replicated software components that are processing the same input at the same time (with the exception of gamma radiation, which is a serious concern in software on spacecraft).

The failed inertial reference systems (SRIs) on the Ariane-5: both units suffered the same overflow error, simultaneously.","
[0]
rrent active component failed. But this architecture is not a good choice for this kind of system, because hardware failures are very different from software failures. Hardware failures are independent: if one unit fails, the standby unit is usually unaffected and can take over as the active unit. By contrast, software faults tend to be logical errors, so all copies of a software component have the same set of faults. Moreover, even if the software is not the underlying cause of a failure, replicated software components are likely to exhibit the same bad behavior in response to bad input. For these reasons, the hot standby redundancy in Ariane-5 is likely to recover only from hardware failures.

To see why, consider Table 5.5's list of sources of software failures (NASA 2004). Some of the software faults are internal to the software itself, and some are caused by

TABLE 5.5 Causes of Safety-Related Software Failures (NASA 2004), 1 = TABLE 5.5 Causes of Safety-Related Software Failures (NASA 2004). Software Faults, 1 = Failures in the Environment. Data sampling rate Data collisions Illegal commands Commands out of Time delays, Multiple events Safe modes, 1 = Broken sensors Memory overwritten Missing parameters Parameters out of Bad input Power fluctuations Gammaradiation. sequence, 1 = range. deadlines, 1 = 

input errors or erroneous events in the environment. Regardless of the source, most types of faults would adversely affect all instances of replicated software components that are processing the same input at the same time (with the exception of gamma radiation, which is a serious concern in software on spacecraft). As a result, software failures among replicated components in hot standby mode are rarely independent. This was the situation with the failed inertial reference systems (SRIs) on the Ariane-5: both units suffered the same overflow error, simultaneously.

The manner in which SRI problems were handled is another factor that contributed to the Ariane-5 accident.A key design decision in any software architecture is determining which component is responsible for handling problems that occ


[1]
se of a design fault, not as a result of a random failure, so in fact the cessation of processing was correct according to the specification, but inappropriate according to the rocket's mission.

The investigative board emphasized this fact in its report. It said that

The exception was detected, but inappropriately handled because the view had been taken that software should be considered correct until it is shown to be at fault. The Board has reason to believe that this view is also accepted in other areas of Ariane-5 software design. The Board is in favour of the opposite view, that software should be assumed to be faulty until applying the currently accepted best practice methods can demonstrate that it is correct. (Lions et al. 1996)

Thus, a critical next step for the Ariane software is to change the failure strategy and implement a series of preventive enhancements. Indeed, the board describes this task explicitly:

This means that critical software-in the sense that failure of the software puts the mission at risk-must be identified at a very detailed level, that exceptional behaviour must be confined, and that a reasonable back-up policy must take software failures into account. (Lions et al. 1996)

Ariane-5 also provides us with a good example of the difficulty of testing and change control. It is clear that the European Space Agency cannot send up another rocket each time a software change is to be tested, so testing maintenance changes involves a complex series of simulations to evaluate the effects of the new or changed code. Similarly, because some software, such as the inertial reference system, exists in multiple versions (e.g., one for Ariane-4 and another for Ariane-5), then change control and configuration management must be invoked to ensure that successful changes to one version do not inadvertently degrade the functionality or performance of another version. The  current  inertial  reference  system  for  Ariane-4  performs  as  desired; changes needed for Ariane-5's SRI may not be appropriate for Ariane-4.

## 11.9 WHAT THIS CHAPTER MEANS FOR YOU

This chapter has introduced y


[2]
rocket; this separation triggered the launcher's self-destruction. The angle of attack was determined by software in the onboard computer on the basis of data transmitted by the active inertial reference system, SRI2.As the report notes, SRI2 was supposed to contain valid flight data, but instead it contained a diagnostic bit pattern that was interpreted erroneously as flight data. The erroneous data had been declared a failure, and the SRI2 had been shut off. Normally, the on-board computer would have switched to the other inertial reference system, SRI1, but that, too, had been shut down for the same reason.

The error occurred in a software module that computed meaningful results only before lift-off.As soon as the launcher lifted off, the function performed by this module served no useful purpose, so it was no longer needed by the rest of the system. However, the module continued its computations for approximately 40 seconds of flight based on a requirement for the Ariane-4 that was not needed for Ariane-5.

The internal events that led to the failure were reproduced by simulation calculations supported by memory readouts and examination of the software itself. Thus, the Ariane-5 destruction might have been prevented had the project managers developed a risk management plan, reviewed it, and developed risk avoidance or mitigation plans for each identified risk. To see how, consider again the steps of Figure 3.15. The first stage of risk assessment is risk identification. The possible problem with reuse of the Ariane-4 software might have been identified by a decomposition of the functions; someone  might  have  recognized  early  on  that  the  requirements  for Ariane-5  were

<!-- formula-not-decoded -->

different  from  Ariane-4. Or  an  assumption  analysis  might  have  revealed  that  the assumptions for the SRI in Ariane-4 were different from those for Ariane-5.

Once the risks were identified, the analysis phase might have included simulations, which probably would have highlighted the problem that eventually caused the rocket's destruction. And prioritization would have identified the
",0.496,7.912
"How does a ""pure"" layered architecture (such as the OSI model) utilize the tactics of reducing coupling and using explicit interfaces to minimize the impact on indirectly affected software units when a layer is modified? -Required source types: both -Brief reasoning type label: synthesis","In a pure layered system, a software unit in a given layer can access only the other units in the same layer and services offered by the interface to the layer immediately below it.

Moreover, layer modification is relatively easy; such changes should affect at most only the two adjacent layers, which helps minimize impact on indirectly affected software units.","
[0]
oard, where people (knowledge sources) iteratively improve the write-up by walking up to the blackboard, erasing some part of the writing, and replacing it with new writing (Shaw and Garlan 1996).

An important property of this style of architecture is the centralized management of the system's key data. In the data store, we can localize responsibility for storing persistent data, managing concurrent access to the data, enforcing security and privacy policies, and protecting the data against faults (e.g., via backups). A key architectural decision is whether to map data to more than one data store. Distributing or replicating data may improve system performance, but often there are costs: adding complexity, keeping data stores consistent, and reducing security.

## Layering

Layered systems organize the system's software units into layers, each of which provides services to the layer above it and acts as a client to the layer below. In a 'pure' layered system, a software unit in a given layer can access only the other units in the same layer and services offered by the interface to the layer immediately below it. To improve performance, this constraint may be relaxed in some cases, allowing a layer to access the services of layers below its lower neighbor; this is called layer bridging . However, if a design includes a lot of layer bridging, then it loses some of the portability and maintainability that the layering style offers. Under no circumstances does a layer access the services offered by a higher-level layer; the resulting architecture would no longer be called layered.

To see how this type of system works, consider Figure 5.9, which depicts the Open Systems Interconnection (OSI) reference model for network communications (International  Telecommunication  Union  1994). The  bottom  layer  provides  facilities  for transferring data bits over a physical link, like a cable-possibly unsuccessfully. The next layer, the Data Link Layer, provides more complex facilities: it transmits fixedsized data frames, routes data frames to local addressable machines, and recovers from simple transmission


[1]
est level encapsulates the software's interactions with the platform. Moreover, because a layer can interact only  with  its  neighboring  layers, layer  modification  is  relatively  easy; such  changes should affect at most only the two adjacent layers.

On the other hand, it is not always easy to structure a system into distinct layers of increasingly powerful services, especially when software units are seemingly interdependent. Also, it may appear that layers introduce a performance cost from the set of calls  and  data  transfers  between  system  layers. Fortunately, sophisticated  compilers, linkers, and loaders can reduce this overhead (Clements et al. 2003).

## Combining Architectural Styles

It is easiest to think about an architectural style and its associated properties when we consider the style in its purest form. However, actual software architectures are rarely based purely on a single style. Instead, we build our software architecture by combining different architectural styles, selecting and adapting aspects of styles to solve particular problems in our design.

Architectural styles can be combined in several ways:

- We might use different styles at different levels of our system's decomposition. For example, we might view our system's overall structure as a client-server architecture, but subsequently decompose the server component into a series of layers. Or a simple intercomponent connection at one level of abstraction may be refined to be a collection of components and connectors at a lower level of decomposition.


[2]
for transferring data bits over a physical link, like a cable-possibly unsuccessfully. The next layer, the Data Link Layer, provides more complex facilities: it transmits fixedsized data frames, routes data frames to local addressable machines, and recovers from simple transmission errors.The Data Link Layer uses the bottom Physical Layer's facilities to perform the actual transmission of bits between physically connected machines. The Network Layer adds the ability to transmit variable-sized data packets, by breaking packets into fixed-sized data frames which are then sent using the Data Link facilities; the Network Layer also expands the routing of data packets to nonlocal machines. The Transport Layer adds reliability, by recovering from routing errors, such as when data frames are lost or reordered as they are routed (along possibly different paths) through the network.The Session Layer uses the Transport Layer's reliable data-transfer services  to  provide  long-term  communication  connections, over  which  lengthy  data exchanges can take place.The Presentation Layer provides translation among different data representations, to support data exchanges among components that use different data formats. The Application Layer provides application-specific services, such as file transfers if the application is a file-transfer program.

In the OSI example, each layer raises the level of abstraction of the communication services that are available to the next layer, and hides all of the details about how

FIGURE 5.9 Layered architecture of OSI model for network communications.

those services are implemented. In general, the layering style is useful whenever we can decompose our system's functionality into steps, each of which builds on previous steps. The resulting design is easier to port to other platforms, if the lowest level encapsulates the software's interactions with the platform. Moreover, because a layer can interact only  with  its  neighboring  layers, layer  modification  is  relatively  easy; such  changes should affect at most only the two adjacent layers.

On the other hand, it is no
",0.515,9.774
How does the transition from Stage 1 (Application Composition) to Stage 3 (Postarchitecture) in the COCOMO II model change the metrics used to measure system size and the types of cost drivers that are applied to the effort estimate? -Required source types: both -Brief reasoning type label: process reasoning,"The transition moves from using application points as the size metric in Stage 1 (Application Composition) to using function points (FPs) and language, and then to FP and language or source lines of code (SLOC) in Stage 3 (Postarchitecture). At Stage 1, application points supply the size measure, whereas at Stage 2 the size measure becomes function points (FPs) and language, and at Stage 3 sizing can be FP and language or SLOC.","
[0]
a richer system description than application points.

By  stage  3, the  postarchitecture  stage, development  has  begun, and  far  more information is known. In this stage, sizing can be done in terms of function points or lines of code, and many cost factors can be estimated with some degree of comfort.

COCOMO II also includes models of reuse, takes into account maintenance and breakage (i.e., the change in requirements over time), and more. As with the original COCOMO,the model includes cost factors to adjust the initial effort estimate.A research group at the University of Southern California is assessing and improving its accuracy.

Let us look at COCOMO II in more detail.The basic model is of the form where the initial size-based estimate, is adjusted by the vector of cost driver information, m ( ). Table 3.9 describes the cost drivers at each stage, as well as the use of other models to modify the estimate. bS c , E = bS c m 1 X 2

TABLE 3.9 Three Stages of COCOMO II

Size, Stage 1: Application Composition = Application points. Size, Stage 2: Early Design = Function points (FPs) and language. Size, Stage 3: Postarchitecture = FP and language or source lines of code (SLOC). Reuse, Stage 1: Application Composition = Implict in model. Reuse, Stage 2: Early Design = Equivalent SLOCas function of other variables. Reuse, Stage 3: Postarchitecture = Equivalent SLOCas function of other variables. Requirements change, Stage 1: Application Composition = Implicit in model. Requirements change, Stage 2: Early Design = %change expressed as a cost factor. Requirements change, Stage 3: Postarchitecture = %change expressed as a cost factor. Maintenance, Stage 1: Application Composition = Application points, annual change traffic (ACT). Maintenance, Stage 2: Early Design = Function ofACT,software understanding, unfmiliarity. Maintenance, Stage 3: Postarchitecture = Function ofACT,software understanding, unfamiliarity. Scale (c) in nominal effort equation, Stage 1: Application Composition = 1.0. Scale (c) in nominal effort equation, Stage 2: Early Design = 0.91 to 1.23, depending on precedentedness, conform


[1]
cts at TRW, an American company that built software for many different clients. Considering software development from both an engineering and an economics viewpoint, Boehm used size as the primary determinant of cost and then adjusted the initial estimate using over a dozen cost drivers, including attributes of the staff, the project, the product, and the development environment. In the  1990s, Boehm updated the original COCOMO model, creating COCOMO II to reflect the ways in which software development had matured.

The COCOMO II estimation process reflects three major stages of any development project. Whereas the original COCOMO model used delivered source lines of code as its key input, the new model acknowledges that lines of code are impossible to know early in the development cycle. At stage 1, projects usually build prototypes to resolve high-risk issues involving user interfaces, software and system interaction, performance, or technological maturity. Here, little is known about the likely size of the final product under consideration, so COCOMO II estimates size in what its creators call application points. As we shall see, this technique captures size in terms of highlevel effort generators, such as the number of screens and reports, and the number of third-generation language components.

At stage 2, the early design stage, a decision has been made to move forward with development, but the designers must explore alternative architectures and concepts of operation. Again, there is not enough information to support fine-grained effort and duration estimation, but far more is known than at stage 1. For stage 2, COCOMO II employs function points as a size measure. Function points, a technique explored in depth  in  IFPUG  (1994a  and  b), estimate  the  functionality  captured  in  the  requirements, so they offer a richer system description than application points.

By  stage  3, the  postarchitecture  stage, development  has  begun, and  far  more information is known. In this stage, sizing can be done in terms of function points or lines of code, and many cost factors can be estimated with


[2]
intenance, Stage 3: Postarchitecture = Function ofACT,software understanding, unfamiliarity. Scale (c) in nominal effort equation, Stage 1: Application Composition = 1.0. Scale (c) in nominal effort equation, Stage 2: Early Design = 0.91 to 1.23, depending on precedentedness, conformity, early architecture, risk resolution,team cohesion, and SEI process maturity. Scale (c) in nominal effort equation, Stage 3: Postarchitecture = 0.91 to 1.23, depending on precedentedness, conformity, early architecture, risk resolution,team cohesion,and SEI process maturity. Product cost drivers, Stage 1: Application Composition = None. Product cost drivers, Stage 2: Early Design = Complexity, required reusability. Product cost drivers, Stage 3: Postarchitecture = Reliability, database size, documentation needs, required reuse,and product complexity. Platform cost drivers, Stage 1: Application Composition = None. Platform cost drivers, Stage 2: Early Design = Platform difficulty. Platform cost drivers, Stage 3: Postarchitecture = Execution time constraints, main storage constraints,and virtual machine volatility. Personnel cost drivers, Stage 1: Application Composition = None. Personnel cost drivers, Stage 2: Early Design = Personnel capability and experience. Personnel cost drivers, Stage 3: Postarchitecture = Analyst capability, applications experience,programmer capability,programmer experience, language and tool experience,and personnel continuity. Project cost drivers, Stage 1: Application Composition = None. Project cost drivers, Stage 2: Early Design = Required development schedule, development environment. Project cost drivers, Stage 3: Postarchitecture = Use of software tools, required development schedule,and multisite development

At stage 1, application points supply the size measure. This size measure is an extension of the object-point approach suggested by Kauffman and Kumar (1993) and productivity data reported by Banker, Kauffman, and Kumar (1992).To compute application points, you first count the number of screens, reports, and third-generation language components that will be involved in the applic
",0.523,6.245
"If a risk has an estimated probability of 0.25 and a potential loss impact of $500,000, what is the initial risk exposure, and what mathematical steps must a project manager take next to determine the ""risk reduction leverage"" if a proposed mitigation strategy costs $50,000? -Required source types: both -Brief reasoning type label: process reasoning","The initial risk exposure is calculated as risk probability times risk impact: 0.25 × $500,000 = $125,000. According to the text, we can quantify the effects of the risks by multiplying the risk impact by the risk probability, to yield the risk exposure.

To determine the risk reduction leverage, you need the risk exposure after reduction. The risk reduction leverage is (risk exposure before reduction − risk exposure after reduction) ÷ cost of reducing the risk. With an initial exposure of $125,000 and a mitigation cost of $50,000, the leverage becomes (125,000 − REA) / 50,000, where REA is the residual risk exposure after applying the mitigation.","
[0]
lity
- transferring the risk, by allocating risks to other systems or by buying insurance to cover any financial loss should the risk become a reality
- assuming the risk, by accepting it and controlling it with the project's resources

To aid decision making about risk reduction, we must take into account the cost of reducing the risk. We call risk leverage the difference in risk exposure divided by the cost of reducing the risk. In other words, risk reduction leverage is

If the leverage value is not high enough to justify the action, then we can look for other less costly or more effective reduction techniques.

/ 1 cost of risk reduction 2 1 Risk exposure before reduction -risk exposure after reduction 2

In some cases, we can choose a development process to help reduce the risk. For example,we saw in Chapter 2 that prototyping can improve understanding of the requirements and design,so selecting a prototyping process can reduce many project risks.

It is useful to record decisions in a risk management plan , so that both customer and development team can review how problems are to be avoided, as well as how they are to be  handled  should  they  arise. Then, we  should  monitor  the  project  as  development progresses, periodically reevaluating the risks, their probability, and their likely impact.

## 3.5 THE PROJECT PLAN

To communicate risk analysis and management, project cost estimates, schedule, and organization to our customers, we usually write a document called a project plan . The plan puts in writing the customer's needs, as well as what we hope to do to meet them. The customer can refer to the plan for information about activities in the development process, making it easy to follow the project's progress during development. We can also use the plan to confirm with the customer any assumptions we are making, especially about cost and schedule.

A good project plan includes the following items:

1. project scope
2. project schedule
3. project team organization
4. technical description of the proposed system
5. project standards, procedures, and proposed techniques and tools
6. quali


[1]
onents. Benchmarking; inspections; reference checking; compatibility analysis.
9. Real-time  performance  shortfalls. Simulation; benchmarking; modeling; prototyping; instrumentation; tuning.
10. Straining computer science capabilities. Technical analysis; cost-benefit analysis; prototyping; reference checking.

the design is done, then the project can suffer from loss of control and understanding if  the  new  requirements are for functions or features with which the design team is unfamiliar.And a radical change in requirements is likely to lead to losses  of  time  and  money  if  the  design  is  not  flexible  enough  to  be  changed quickly and easily.The loss associated with a risk is called the risk impact .

2. The likelihood that the event will occur. We must have some idea of the probability that the event will occur. For example, suppose a project is being developed on one machine and will be ported to another when the system is fully tested. If the second machine is a new model to be delivered by the vendor, we must estimate the likelihood that it will not be ready on time. The likelihood of the risk, measured from 0 (impossible) to 1 (certainty) is called the risk probability . When the risk probability is 1, then the risk is called a problem , since it is certain to happen.
3. The degree to which we can change the outcome. For each risk, we must determine what we can do to minimize or avoid the impact of the event. Risk control involves a set of actions taken to reduce or eliminate a risk. For example, if the requirements may change after design, we can minimize the impact of the change by creating a flexible design. If the second machine is not ready when the software is tested, we may be able to identify other models or brands that have the same functionality and performance and can run our new software until the new model is delivered.

We can quantify the effects of the risks we identify by multiplying the risk impact by the risk probability, to yield the risk exposure . For example, if the likelihood that the requirements will change after design is 0.3, and the cost to redesign


[2]
until the new model is delivered.

We can quantify the effects of the risks we identify by multiplying the risk impact by the risk probability, to yield the risk exposure . For example, if the likelihood that the requirements will change after design is 0.3, and the cost to redesign to new requirements is $50,000, then the risk exposure is $15,000. Clearly, the risk probability can change over time, as can the impact, so part of a project manager's job is to track these values over time and plan for the events accordingly.

There  are  two  major  sources  of  risk: generic  risks  and  project-specific  risks. Generic risks are those common to all software projects, such as misunderstanding the requirements, losing key personnel, or allowing insufficient time for testing. Projectspecific  risks are  threats  that  result  from  the  particular  vulnerabilities  of  the  given project. For example, a vendor may be promising network software by a particular date, but there is some risk that the network software will not be ready on time.

## Risk Management Activities

Risk  management  involves  several  important  steps, each  of  which  is  illustrated  in Figure 3.15. First, we assess the risks on a project, so that we understand what may occur during the course of development or maintenance. The assessment consists of three activities: identifying the risks, analyzing them, and assigning priorities to each of them. To identify them, we may use many different techniques.

If the system we are building is similar in some way to a system we have built before, we may have a checklist of problems that may occur; we can review the checklist to determine if the new project is likely to be subject to the risks listed. For systems that are new in some way, we may augment the checklist with an analysis of each of the activities in the development cycle; by decomposing the process into small pieces, we may be able to anticipate problems that may arise. For example, we may decide that

FIGURE 3.15 Steps in risk management (Rook 1993).

there is a risk of the chief designer leaving during the design process.
",0.585,17.654
How does a Message Sequence Chart visually depict the passage of time and the creation of new entities differently from how a UML Statechart diagram depicts the local variables and internal activities of a single entity? -Required source types: both -Brief reasoning type label: structure interpretation,"MSC visually depict the passage of time and the creation/destruction of entities by treating traces as sequences of events between participating entities, with time progressing from the top to the bottom of the trace and messages shown as arrows between vertical lines representing entities.

UML statechart diagrams, in contrast, depict the dynamic behavior of the objects in a UML class and show how a single entity reacts to input events and generates output events, including state changes and attribute updates as objects interact.","
[0]
f input and output events that the proposed system is expected to realize.Thus, we view a state-machine specification as a compact representation of a set of desired, externally observable, event traces, just as a finite-state automaton is a compact representation of the set of strings that the automaton recognizes.

## Example: UML Statechart Diagrams

A UML statechart diagram depicts the dynamic behavior of the objects in a UML class. A UML class diagram gives a static, big-picture view of a problem, in terms of the entities involved and their relationships; it says nothing about how the entities behave, or how their behaviors change in response to input events.A statechart diagram shows how a class's instances should change state and how their attributes should change value as the  objects  interact  with  each  other. Statechart  diagrams  are  a  nice  counterpart  to Message Sequence Charts (MSC).An MSC shows the events that pass between entities without saying much about each entity's behavior, whereas a statechart diagram shows how a single entity reacts to input events and generates output events.

A UML model is a collection  of  concurrently  executing  statecharts-one  per instantiated  object-that  communicate  with  each  other  via  message  passing  (OMG 2003). Every class in a UML class diagram has an associated statechart diagram that specifies the dynamic behavior of the objects of that class. Figure 4.9 shows the UML statechart diagram for the Publication class from our Library class model.

UML statechart diagrams have a rich syntax, much of it borrowed from Harel's original conception of statecharts (Harel 1987), including state hierarchy, concurrency, and intermachine communication. State hierarchy is used to unclutter diagrams by collecting into superstates those states with common transitions.We can think of a superstate

FIGURE 4.9 UML statechart diagram for the Publication class.

as a submachine, with its own set of states and transitions. A transition whose destination state is a superstate acts as a transition to the superstate's default initial state, designated  by  a


[1]
ition's source state are applied, followed by the transition's own actions, followed by the entry actions and activities of the new state.

The semantics of UML diagrams, and how the different diagrams fit together, are intentionally undefined, so that specifiers can ascribe semantics that best fit their problem. However, most practitioners view UML statecharts as communicating finite-state machines with first-in, first-out (FIFO) communication channels. Each object's state machine has an input queue that holds the messages sent to the object from other objects in the model or from the model's environment. Messages are stored in the input


[2]
queue in the order in which they are received. In each execution step, the state machine reads the message at the head of its input queue, removing the message from the queue. The message either triggers a transition in the statechart or it does not, in which case the message is discarded; the step runs to completion, meaning that the machine continues  to  execute  enabled  transitions, including  transitions  that  wait  for  operations  to complete, until  no  more  transitions  can  execute  without  new  input  from  the  input queue.Thus, the machine reacts to only one message at a time.

The  hardest  part  of  constructing  a  state-machine  model  is  deciding  how  to decompose an object's behavior into states. Some ways of thinking about states include

- Equivalence classes of possible future behavior, as defined by sequences of input events accepted by the machine: for example, every iteration of event sequence coin,push,rotated leaves the turnstile in a locked position waiting for the next visitor
- Periods of time between consecutive events, such as the time between the start and the end of an operation
- Named control points in an object's evolution,during which the object is performing some computation (e.g., state calculate fine ) or waiting for some input event (e.g., state item on loan )
- Partitions of an object's behavior: for example, a book is out on loan or is in the library stacks; an item is on reserve, meaning that it can be borrowed for only short periods, or it is not on reserve

Some object properties could be modeled either as an attribute (defined in the class diagram) or as a state (defined in the object's statechart diagram), and it is not obvious which representation is best. Certainly, if the set of possible property values is large (e.g., a Patron's library fines), then it is best to model the property as an attribute. Alternatively, if the events to which the object is ready to react depend on a property (e.g., whether a book is out on loan), then it is best to model the property as a state. Otherwise,choose the representation that results in the simplest mode


[3]
meline for a distinct entity, whose name appears at the top of the line. Each horizontal line represents an event or interaction between the two entities bounding the line, usually conceived as a message passed from one entity to another.Time progresses from the top to the bottom of the trace, so if one event appears above another event, then the upper event occurs before the lower event. Each graph depicts a single trace , representing only one of several possible behaviors. Figure 4.6 shows two traces for the turnstile problem: the trace on the left represents typical behavior, whereas the trace on the right shows exceptional behavior of what happens when a Visitor tries to sneak into the zoo by inserting a valueless token (a slug ) into the coin slot.

Event traces are popular among both developers and customers because traces have a semantics that is relatively precise,with the exception of timing issues,yet is simple and easy to understand. Much of the simplicity comes from decomposing requirements descriptions  into  scenarios, and  considering  (modeling, reading, understanding)  each

FIGURE 4.6 Event traces in the turnstile problem.

scenario  separately  as  a  distinct  trace. But  these  very  properties, make  event  traces inefficient for documenting behavior.We would not want to use traces to provide a complete description of required behavior, because the number of scenarios we would have to  draw  can  quickly  become  unwieldy. Instead, traces  are  best  used  at  the  start  of  a project, to  come  to  consensus  on  key  requirements  and  to  help  developers  identify important entities in the problem being modeled.

## Example: Message Sequence Chart

Message Sequence Charts (ITU 1996) are an enhanced event-trace notation, with facilities for creating and destroying entities, specifying actions and timers, and composing traces. Figure 4.7 displays an example Message Sequence Chart (MSC) for a loan transaction in our library problem. Each vertical line represents a participating entity , and a message is  depicted as an arrow from the sending entity to the receiving entity; t
",0.843,8.632
"How does the role of the ""Transformed Specification"" in the operational specification process model conceptually differ from the transition between a throwaway prototype and an evolutionary prototype during the requirements engineering phase? -Required source types: both -Brief reasoning type label: comparison","The Transformed Specification in the operational specification process model is produced by applying a series of transformations to change a specification into a deliverable system, with examples such as changing the data representations, selecting algorithms, optimizing, and compiling.

By contrast, prototyping in requirements engineering is used to elicit details and assess feasibility: building a prototype helps elicit feedback from potential users about desired improvements or missing functionality, and can determine whether the customer's problem has a feasible solution.","
[0]
hrough requirements and design again.

## Operational Specification

For many systems, uncertainty about the requirements leads to changes and problems later in development.Zave (1984) suggests a process model that allows the developers and customers to examine the requirements and their implications early in the development process, where they can discuss and resolve some of the uncertainty. In the operational specification  model , the system requirements are evaluated or executed in a way that demonstrates the behavior of the system.That is,once the requirements are specified,they can be enacted using a software package, so their implications can be assessed before design begins. For example, if the specification requires the proposed system to handle 24 users, an executable form of the specification can help analysts determine whether that number of users puts too much of a performance burden on the system.

This type of process is very different from traditional models such as the waterfall model. The waterfall model separates the functionality of the system from the design (i.e., what the system is to do is separated from how the system does it), intending to keep the customer needs apart from the implementation. However,an operational specification allows the functionality and the design to be merged.Figure 2.6 illustrates how an operational specification works.Notice that the operational specification is similar to prototyping; the process enables user and developer to examine requirements early on.

## Transformational Model

Balzer's transformational model tries to reduce the opportunity for error by eliminating several major development steps. Using automated support, the transformational process applies a series of transformations to change a specification into a deliverable system (Balzer 1981a).

FIGURE 2.6 The operational specification model.

Sample transformations can include

- changing the data representations
- selecting algorithms
- optimizing
- compiling

Because many paths can be taken from the specification to the delivered system, the sequence of transformations and the deci


[1]
The operational specification model.

Sample transformations can include

- changing the data representations
- selecting algorithms
- optimizing
- compiling

Because many paths can be taken from the specification to the delivered system, the sequence of transformations and the decisions they reflect are kept as a formal development record.

The transformational approach holds great promise. However, a major impediment to its use is the need for a formal specification expressed precisely so the transformations can operate on it, as shown in Figure 2.7. As formal specification methods become more popular, the transformational model may gain wider acceptance.

## Phased Development: Increments and Iterations

In the early years of software development, customers were willing to wait a long time for software systems to be ready. Sometimes years would pass between the time the requirements documents were written and the time the system was delivered, called the cycle time . However, today's business environment no longer tolerates long delays. Software helps to distinguish products in the marketplace, and customers are always looking for new quality and functionality. For example, in 1996, 80 percent of HewlettPackard's revenues were derived from products introduced in the previous two years. Consequently, new process models were developed to help reduce cycle time.

One way to reduce cycle time is to use phased development, as shown in Figure 2.8. The system is designed so that it can be delivered in pieces, enabling the users to have some functionality while the rest is being developed.Thus, there are usually two systems functioning  in  parallel: the  production  system  and  the  development  system. The

FIGURE 2.7 The transformational model.

operational or production system is the one currently being used by the customer and user;the development system is the next version that is being prepared to replace the current production system. Often, we refer to the systems in terms of their release numbers: the developers build Release 1, test it, and turn it over to the users as the first operational


[2]
, an execution step resembles a wave of  variable  updates  flowing  through  the  network, starting  with  newly  sensed  monitored-variable values, followed by updates to term variables, followed by updates to controlled-variable values.

## Other Features of Requirements Notations

There  are  many  other  requirements-modeling  techniques. Some  techniques  include facilities for associating the degree of uncertainty or risk with each requirement. Other techniques have facilities for tracing requirements to other system documents, such as design or code, or to other systems, such as when requirements are reused. Most specification techniques have been automated to some degree, making it easy to draw diagrams, collect  terms  and  designations  into  a  data  dictionary, and  check  for  obvious inconsistencies. As tools continue to be developed to aid software engineering activities, documenting and tracking requirements will be made easier. However, the most difficult part of requirements analysis-understanding our customers' needs-is still a human endeavor.

## 4.7 PROTOTYPING REQUIREMENTS

When trying to determine requirements, we may find that our customers are uncertain of exactly what they want or need. Elicitation may yield only a 'wish list' of what the customers would like to see, with few details or without being clear as to whether the list  is  complete. Beware! These same customers, who are indecisive in their requirements, have  no  trouble  distinguishing  between  a  delivered  system  that  meets  their needs and one that does not-known also as 'I'll know it when I see it' customers (Boehm 2000). In fact, most people find it easier to critique, in detail, an existing product than to imagine, in detail, a new product.As such, one way that we can elicit details is to build a prototype of the proposed system and to solicit feedback from potential users about what aspects they would like to see improved, which features are not so useful, or what functionality is missing. Building a prototype can also help us determine whether the customer's problem has a feasible solution, or assist
",0.542,8.505
"According to McCall's quality model, ""Flexibility"" is a key external quality factor. If an architect wants to achieve this factor by minimizing the number of indirectly affected software units when a change occurs, which specific modifiability tactics should be applied to the system's interfaces and coupling? -Required source types: both -Brief reasoning type label: synthesis","To minimize indirectly affected units while pursuing Flexibility, apply: 1) Lower coupling to reduce ripple effects when a change occurs. 2) Design interfaces so that units interact only through their interfaces, ensuring changes don’t spread beyond a unit’s boundary unless its interface changes. 3) Provide multiple interfaces so new data or services can be offered via a new interface without altering existing interfaces.","
[0]
ch  ought  to  be  general enough to accommodate all variants of requests for their services. For example,

an  object  that  encapsulates  a  data  structure  should  provide  sufficient  access methods to enable other objects to easily retrieve and update data values.

By  contrast, tactics  for  minimizing  the  impact  on  indirectly  affected  software units focus on reducing dependencies among software units. The goal is to reduce the degree to which a change to a directly affected unit also affects the system's other units:

- Coupling: As we discuss in detail in Chapter 6,the level of coupling among software units is the degree to which the units depend on each other. By lowering coupling, we reduce the likelihood that a change to one unit will ripple to other units.
- Interfaces: A  software  unit's  interface  reveals  the  unit's  public  requisites  and responsibilities, and hides the unit's private design decisions. If a unit interacts with other units only through their interfaces (e.g., calling public access methods), then changes to one unit will not spread beyond the unit's boundary unless its interface changes (e.g., if method signatures, preconditions, or postconditions change).
- Multiple interfaces: A unit modified to provide new data or services can offer them using a new interface to the unit without changing any of the unit's existing interfaces.This way, dependencies on the existing interfaces are unaffected by the change.

The above tactics  apply  when  modifiability  goals  include  reducing  the  cost  of changing the design or implementation of our software. Another type of modifiability refers to our being able to modify a system after it is released, perhaps during set-up or on the fly during execution. For example, the process of installing Unix or Linux on a computer  involves  a  complex  configuration  step  in  which  many  questions  must  be answered about the computer's hardware and peripheral devices to be supported, and which libraries, tools, application software, and versions of software are to be installed. Sidebar 5.5 describes a tactic, called self-mana


[1]
omposition of an element from a more abstract model, then this relationship is straightforward. If, instead, two models show different views of the system, and if there is no obvious mapping between the two views' software units,then documenting the views' correspondence is all the more important. Section 5.8 describes how to record the correspondences among views.

FIGURE 5.10 Combination of publish-subscribe, client-server, and repository architecture styles.

## 5.5 ACHIEVING QUALITY ATTRIBUTES

In Chapter 4, we saw that software requirements are about more than the proposed system's functionality. Other attributes, such as performance, reliability, and usability, are carefully specified, reflecting the characteristics that users want to see in the products  we  build. As  we  design  our  system, we  want  to  select  architectural  styles  that promote  the  required  quality  attributes. However, architectural  style  offers  only  a coarse-grained solution with generally beneficial properties; there is no assurance that a specific quality attribute is optimized. To assure the support of particular attributes, we use tactics (Bass, Clements, and Kazman 2003): more fine-grained design decisions that can improve how well our design achieves specific quality goals.

## Modifiability

Modifiability is the basis of most of the architectural styles presented in this chapter. Because more than half of the full life-cycle cost of a system-including development, problem fixing, enhancement, and evolution-is spent after the first version of the software is developed and released, modifiability is essential.That is, above all, we want our design to be easy to change. Different architectural styles address different aspects of modifiability, so we must know how to select the styles that address our specific modifiability goals.

Given a particular change to a system, Bass, Clements, and Kazman (2003) distinguish between the software units that are directly affected by the change and those that are indirectly affected.The directly affected units are those whose responsibilities change to accommodate a syst


[2]
.

Given a particular change to a system, Bass, Clements, and Kazman (2003) distinguish between the software units that are directly affected by the change and those that are indirectly affected.The directly affected units are those whose responsibilities change to accommodate a system modification.We can structure our code to minimize the number  of  units  requiring  change. The  indirectly  affected  units  are  those  whose  responsibilities do not change, but whose implementations must be revised to accommodate changes in the directly affected units. The difference is subtle. Both types aim to reduce the number of altered software units, but the tactics associated with each are different.

Tactics for minimizing the number of software units directly affected by a software change focus on clustering anticipated changes in the design:

- Anticipate  expected  changes: Identify  design  decisions  that  are  most  likely  to change, and encapsulate each in its own software unit. Anticipated changes are not limited to future features that the customer would like to see implemented. Any service, functionality, or internal check that the system performs is susceptible to future improvement or obsolescence, and as such is a candidate for future changes.
- Cohesion: We will see in Chapter 6 that a software unit is cohesive if its pieces, data, and functionality all contribute to the unit's purpose and responsibilities. By keeping our software units highly cohesive, we increase the chances that a change to the system's responsibilities is confined to the few units that are assigned those responsibilities.
- Generality: The more general our software units, the more likely we can accommodate change by modifying a unit's inputs rather than modifying the unit itself. This  characteristic  is  particularly  true  of  servers, which  ought  to  be  general enough to accommodate all variants of requests for their services. For example,

an  object  that  encapsulates  a  data  structure  should  provide  sufficient  access methods to enable other objects to easily retrieve and update data values.

By  contrast
",0.367,11.042
"When quantifying the risk exposure for failing to satisfy a subjective quality requirement like ""usability,"" how can the establishment of specific ""fit criteria"" during the requirements phase alter the parameters used in the risk reduction leverage calculation during project planning? -Required source types: text -Brief reasoning type label: causal reasoning","Establishing specific, testable fit criteria for subjective quality requirements during the requirements phase provides an objective basis to demonstrate the system meets those requirements, which reduces uncertainty about whether the requirement will be satisfied and can lower both the likelihood of failure and the potential impact if it fails.","
[0]
example, a customer may state a quality requirement this way:

Water quality information must be accessible immediately.

How do you test that your product meets this requirement? The customer probably has a clear idea about what 'immediately' means, and that notion must be captured in the requirement.We can restate more precisely what we mean by 'immediately':

Water quality records must be retrieved within 5 seconds of a request.

This second formulation of the requirement can be tested objectively: a series of requests is made, and we check that the system supplies the appropriate record within 5 seconds of each request.

It is relatively easy to determine fit criteria for quality requirements that are naturally quantitative (e.g., performance, size, precision, accuracy, time to delivery). What about more subjective quality requirements, like usability or maintainability? In these cases, developers use focus groups or metrics to evaluate fit criteria:

- 75% of users shall judge the new system to be as usable as the existing system.
- After training, 90% of users shall be able to process a new account within 5 minutes.
- A module will encapsulate the data representation of at most one data type.
- Computation errors shall be fixed within 3 weeks of being reported.

Fit criteria that cannot be evaluated before the final product is delivered are harder to assess:

- The system shall not be unavailable for more than a total maximum of 3 minutes each year.
- The mean-time-between-failures shall be no less than 1 year.

In  these  cases, we  either  estimate  a  system's  quality  attributes  (e.g., there  are  techniques for estimating system reliability, and for estimating the number of faults per line of code) or

evaluate the delivered system during its operation-and suffer some financial penalty if the system does not live up to its promise.

Interestingly, what gets measured gets done.That is, unless a fit criterion is unrealistic, it will probably be met. The key is to determine, with the customer, just how to demonstrate that a delivered system meets its requirements. The Robertsons suggest t


[1]
onents. Benchmarking; inspections; reference checking; compatibility analysis.
9. Real-time  performance  shortfalls. Simulation; benchmarking; modeling; prototyping; instrumentation; tuning.
10. Straining computer science capabilities. Technical analysis; cost-benefit analysis; prototyping; reference checking.

the design is done, then the project can suffer from loss of control and understanding if  the  new  requirements are for functions or features with which the design team is unfamiliar.And a radical change in requirements is likely to lead to losses  of  time  and  money  if  the  design  is  not  flexible  enough  to  be  changed quickly and easily.The loss associated with a risk is called the risk impact .

2. The likelihood that the event will occur. We must have some idea of the probability that the event will occur. For example, suppose a project is being developed on one machine and will be ported to another when the system is fully tested. If the second machine is a new model to be delivered by the vendor, we must estimate the likelihood that it will not be ready on time. The likelihood of the risk, measured from 0 (impossible) to 1 (certainty) is called the risk probability . When the risk probability is 1, then the risk is called a problem , since it is certain to happen.
3. The degree to which we can change the outcome. For each risk, we must determine what we can do to minimize or avoid the impact of the event. Risk control involves a set of actions taken to reduce or eliminate a risk. For example, if the requirements may change after design, we can minimize the impact of the change by creating a flexible design. If the second machine is not ready when the software is tested, we may be able to identify other models or brands that have the same functionality and performance and can run our new software until the new model is delivered.

We can quantify the effects of the risks we identify by multiplying the risk impact by the risk probability, to yield the risk exposure . For example, if the likelihood that the requirements will change after design is 0.3, and the cost to redesign


[2]
Where possible, requirements-size and change measurements should be recorded by requirements type. Such category-based metrics tell us whether change or uncertainty in requirements is product wide, or rests solely with certain kinds of requirements, such as user-interface or database requirements. This information helps us to determine if we need to focus our attention on particular types of requirements.

Because the requirements are used by the designers and testers, we may want to devise measures that reflect their assessment of the requirements. For example, we can ask the designers to rate each requirement on a scale from 1 to 5:

1. You (the designer) understand this requirement completely, you have designed from similar requirements in the past, and you should have no trouble developing a design from this requirement.
2. There are elements of this requirement that are new to you, but they are not radically different from requirements you have successfully designed from in the past.
3. There are elements of this requirement that are very different from requirements you have designed from in the past, but you understand the requirement and think you can develop a good design from it.
4. There are parts of this requirement that you do not understand, and you are not sure that you can develop a good design.
5. You do not understand this requirement at all, and you cannot develop a design for it.

We can create a similar rating scheme that asks testers how well they understand each requirement and how confident they are about being able to devise a suitable test suite for each requirement. In both cases, the profiles of rankings can serve as a coarse indicator of whether the requirements are written at the appropriate level of detail. If the  designers  and  testers  yield  profiles  with  mostly  1s  and  2s, as  shown  in  Figure 4.28(a), then the requirements are in good shape and can be passed on to the design team. However, if  there  are  many  4s  and  5s, as  shown  in  Figure  4.28(b), then  the requirements should be revised, and the revisions reassessed to have better profiles, before
",0.491,7.805
How does the graphical representation of conditions and states in Lai's process transition diagram differ structurally from the representation of enabling conditions and state transitions in a high-level Petri net model like the one used for the library problem? -Required source types: both -Brief reasoning type label: structure interpretation,"Lai notation organizes process elements into seven types, where the process model shows the relationships among the roles, activities, and artifacts, and state tables show information about the completeness of each artifact at a given time.","
[0]
o model the property as an attribute. Alternatively, if the events to which the object is ready to react depend on a property (e.g., whether a book is out on loan), then it is best to model the property as a state. Otherwise,choose the representation that results in the simplest model that is easiest to understand.

## Example: Petri Nets

UML statechart diagrams nicely modularize a problem's dynamic behavior into the behaviors of individual class objects, with the effect that it may be easier to consider each class's behavior separately than it is to specify the whole problem in one diagram. This modularization makes it harder, though, to see how objects interact with each other. Looking at an individual statechart diagram, we can see when an object sends a message to another object. However, we have to examine the two objects' diagrams simultaneously to see that a message sent by one object can be received by the other. In fact, to be completely sure, we would have to search the possible executions (event traces) of the two machines, to confirm that whenever one object sends a message to the other, the target object is ready to receive and react to the message.

Petri nets (Peterson 1977) are a form of state-transition notation that is used to model concurrent activities and their interactions. Figure 4.12 shows a basic Petri net specifying the behavior of a book loan. The circles in the net are places that represent

FIGURE 4.12 Petri net of book loan.

activities or conditions, and the bars represent transitions . Directed arrows, called arcs , connect a transition with its input places and its output places . The places are populated with tokens , which act as enabling conditions for the transitions.When a transition fires , it removes tokens from each of its input places and inserts tokens into each of its output places. Each arc can be assigned a weight that specifies how many tokens are removed from the arc's input place, or inserted into the arc's output place, when the transition fires. A transition is enabled if each of its input places contains enough tokens to contribute its arc's weigh


[1]
as hierarchies of boxes and arrows, to combinations of pictures and text that link the graphical depiction to tables and functions elaborating on the high-level illustration. Many of the modeling notations can also be used for representing requirements and designs; we examine some of them in later chapters.

In this chapter, the notation is secondary to the type of model, and we focus on two major categories, static and dynamic. A static model depicts the process, showing that the inputs are transformed to outputs.A dynamic model enacts the process, so the user can see how intermediate and final products are transformed over time.

## Static Modeling: Lai Notation

There are many ways to model a process statically. In the early 1990s, Lai (1991) developed a comprehensive process notation that is intended to enable someone to model any process at any level of detail. It builds on a paradigm where people perform roles while resources perform activities, leading to the production of artifacts. The process model shows the relationships among the roles, activities, and artifacts, and state tables show information about the completeness of each artifact at a given time.

In particular, the elements of a process are viewed in terms of seven types:

1. Activity: Something that will happen in a process. This element can be related to what  happens  before  and  after, what  resources  are  needed, what  triggers  the activity's start, what rules govern the activity, how to describe the algorithms and lessons learned, and how to relate the activity to the project team.
2. Sequence: The order of activities. The sequence can be described using triggers, programming constructs, transformations, ordering, or satisfaction of conditions.
3. Process model: A view of interest about the system. Thus, parts of the process may be represented as a separate model, either to predict process behavior or to examine certain characteristics.
4. Resource: A necessary item, tool, or person. Resources can include equipment, time, office space, people, techniques, and so on.The process model identifies how much of each resource i


[2]
t all must occur before a team of doctors begins a more thorough examination. Once the treatment begins (i.e., once the transition is made from a preliminary examination to a thorough one), the  doctors  start  new  activities. The  orthopedic  doctors  check  for  broken  bones, while the hematologist runs blood tests and the surgeon puts stitches in a bleeding

wound.The doctors' activities are independent of one another, but none can occur until the transition from the preliminary examination takes place.A state-machine model of the emergency room might specify only a single order of events, thereby excluding several acceptable behaviors, or it might specify all possible sequences of events, resulting in an overly complex model for a relatively simple problem. A Petri net model of the same emergency room nicely avoids both of these problems.

Basic Petri nets are fine for modeling how control flows through events or among concurrent entities. But if we want to model control that depends on the value of data (e.g., borrowing a particular book from a collection of books), then we need to use a high-level Petri net notation.A number of extensions to basic Petri nets have been proposed to improve the notation's expressibility, including inhibitor arcs, which enable a transition only if the input place is empty of tokens; priority among transitions; timing constraints; and structured tokens, which have values.

To model our library problem, which tracks information and events for multiple patrons and publications, we need a Petri net notation that supports structured tokens and transition actions (Ghezzi et al. 1991). A transition action constrains which tokens in  the  input  places  can  enable  the  transition  and  specifies  the  values  of  the  output tokens. Figure 4.13 is a high-level Petri net specification for the library problem. Each place stores tokens of a different data type. Avail stores a token for every library item that is not currently out on loan.A token in Fines is an n -tuple (i.e., an ordered set of n elements, sometimes called a tuple for short) that maps a patron to the valu


[3]
ition's source state are applied, followed by the transition's own actions, followed by the entry actions and activities of the new state.

The semantics of UML diagrams, and how the different diagrams fit together, are intentionally undefined, so that specifiers can ascribe semantics that best fit their problem. However, most practitioners view UML statecharts as communicating finite-state machines with first-in, first-out (FIFO) communication channels. Each object's state machine has an input queue that holds the messages sent to the object from other objects in the model or from the model's environment. Messages are stored in the input
",0.826,9.173
"If a system is designed using a pure publish-subscribe architectural style with implicit invocation, why would attempting to model the complete system's dynamic behavior using Message Sequence Charts (MSCs) be inherently difficult or misleading regarding the interactions between the publishing and subscribing components? -Required source types: both -Brief reasoning type label: causal reasoning","Modeling the complete dynamic behavior of a pure publish-subscribe system with implicit invocation using MSCs is misleading because the interactions depend on which subscribing components are monitoring the events, making it hard to capture a fixed, comprehensive sequence of interactions.

Additionally, MSCs are typically used for describing key scenarios rather than entire problems, which further limits their usefulness for modeling all dynamic interactions in a system where publishers and subscribers can be added or removed and where event delivery is asynchronous.","
[0]
For  instance, we  might  decompose  one  architecture's  publish-subscribe  interactions to elaborate the components and protocols used to manage event subscriptions and to notify subscribing components of event announcements.

- Our architecture  may  use  a  mixture  of  architectural  styles  to  model  different components or different types of interactions among components, such as the architecture  shown  in  Figure  5.10. In  this  example, several  client  components interact  with  each  other  using  publish-subscribe  communications. These  same components  use  server  components  via  request/reply  protocols; in  turn, the server components interact with a shared data repository. In this example, the architecture integrates different styles into a single model by allowing components to play multiple roles (e.g., client, publisher, and subscriber) and to engage in multiple types of interactions.
- Integration of different architectural styles is easier if the styles are compatible. For example, all the styles being combined might relate runtime components, or all might relate code units. Alternatively, we may create and maintain different views  of  the  architecture, as  building  architects  do  (e.g., the  electrical  wiring view, the plumbing view, the heating and air conditioning view, and so on). This approach is appropriate if integrating the views would result in an overly complex model,such as when components interact with each other in multiple ways (e.g., if pairs of components interact using both implicit invocation and explicit method calls), or if the mapping between the views' components is messy (i.e., is a manyto-many relationship).

If the resulting architecture is expressed as a collection of models, we must document how the models relate to one another. If one model simply shows the decomposition of an element from a more abstract model, then this relationship is straightforward. If, instead, two models show different views of the system, and if there is no obvious mapping between the two views' software units,then documenting the views' correspondence is all the m


[1]
line at a time. When it recognizes that it has reached a set breakpoint, it announces the event 'reached breakpoint'; then, the system forwards the event to all registered tools, including the editor, and the editor reacts to the event by automatically scrolling to the source-code line that corresponds  to  the  breakpoint. Other  events  that  the  debugger  might  announce  include entry and exit points of functions, runtime errors, and comments to clear or reset the program's execution. However, the debugger is not aware of which tools, if any, have registered for the different events, and it has no control over what the other tools will do in response to one of its events. For this reason, a publish-subscribe system will often include  some  explicit  invocations  (e.g., calls  to  access  methods)  when  a  component wants to enforce or confirm a specific reaction to a critical event.

Publish-subscribe  systems  have  several  strengths  and  weaknesses  (Shaw  and Garlan 1996):

- Such  systems  provide  strong  support  for  system  evolution  and  customization. Because  all  interactions  are  orchestrated  using  events, any  publish-subscribe

- component can be added to the system and can register itself without affecting other components.
- For the same reason, we can easily reuse publish-subscribe components in other event-driven systems.
- Components can pass data at the time they announce events. But if components need to share persistent data, the system must include a shared repository to support  that  interaction. This  sharing  can  diminish  the  system's  extensibility  and reusability.
- Publish-subscribe systems are difficult to test, because the behavior of a publishing component will depend on which subscribing components are monitoring its events.Thus, we cannot test the component in isolation and infer its correctness in an integrated system.

## Repositories

A repository style of architecture consists of two types of components: a central data store and associated data-accessing components. Shared data are stockpiled in the data store, and the data accessors are comp


[2]
n then specify a small collection of subtraces between conditions, and derive a variety of traces by composing the charts at points where the entities' states are the same. For example there are multiple scenarios between state publication on loan and the end of the loan transition: the patron renews the loan once, the patron renews the loan twice, the patron returns the publication, the patron reports the publication as being lost. Each of these subscenarios could be appended to a prefix trace of a patron successfully borrowing the publication. Such composition and refinement features help to reduce the number of MSCs one would need to write to specify a problem completely. However, these features do not completely address the trace-explosion  problem, so  Message  Sequences  Charts  are  usually  used  only  to describe key scenarios rather than to specify entire problems.

## State Machines

State-machine notations are used to represent collections of event traces in a single model.A state machine is a graphical description of all dialog between the system and its  environment. Each node, called a state , represents a stable set of conditions that exists between event occurrences. Each edge, called a transition , represents a change in behavior or condition due to the occurrence of an event; each transition is labeled with the triggering event, and possibly with an output event, preceded by the symbol '/', that is generated when the transition occurs.

State machines are useful both for specifying dynamic behavior and for describing how behavior should change in response to the history of events that have already occurred. That is, they are particularly suited for modeling how the system's responses to the same input change over the course of the system's execution. For each state, the set of transitions emanating from that state designates both the set of events that can trigger a response and the corresponding responses to those events. Thus, when our turnstile (shown in Figure 4.8) is in the unlocked state, its behavior is different from

FIGURE 4.8 Finite-state-machine model of the turnstile


[3]
ition's source state are applied, followed by the transition's own actions, followed by the entry actions and activities of the new state.

The semantics of UML diagrams, and how the different diagrams fit together, are intentionally undefined, so that specifiers can ascribe semantics that best fit their problem. However, most practitioners view UML statecharts as communicating finite-state machines with first-in, first-out (FIFO) communication channels. Each object's state machine has an input queue that holds the messages sent to the object from other objects in the model or from the model's environment. Messages are stored in the input
",0.446,6.956
"Contrast the treatment of future, unanticipated requirements in the Extreme Programming (XP) agile methodology with the strategic approach used when scoping and designing a core asset base for a Software Product Line architecture. -Required source types: text -Brief reasoning type label: comparison",The chatbot can't answer this question. Please try again with another question.,"
[0]
s to provide the features. Iteration is important, so redoing is as critical is doing; change is embraced, so that a change is viewed not as a correction but as an adjustment to the realities of software development. Fixed delivery times force developers to scope down the requirements essential for each version produced. At the same time, risk is embraced, so that the developers tackle the hardest problems first.

Often, the phrase 'extreme programming' is used to describe the more general concept of agile methods. In fact, XP is a particular form of agile process, with guiding principles that reflect the more general tenets of the agile manifesto. Proponents of XP emphasize four characteristics of agility: communication, simplicity, courage, and feedback. Communication involves  the  continual  interchange  between  customers  and developers. Simplicity encourages developers to select the simplest design or implementation to address the needs of their customers. Courage is described by XP creators as commitment to delivering functionality early and often. Feedback loops are built into the various activities during the development process. For example, programmers work together to give each other feedback on the best way to implement a design, and customers work with developers to perform planning exercises.

These characteristics are embedded in what are known as the twelve facets of XP .

- The planning game: In this aspect of XP , the customer, who is on-site, defines what is meant by 'value,' so that each requirement can be assessed according to how much value is added by implementing it. The users write stories about how the system should work, and the developers then estimate the resources necessary to realize the stories. The stories describe the actors and actions involved, much like the use cases we define in more detail in Chapters 4 and 6. Each story relates one requirement; two or three sentences are all that is needed to explain the value of the requirement in sufficient detail for the developer to specify test cases and estimate resources for implementing the requirement. Once the stor


[1]
re detail in Chapters 4 and 6. Each story relates one requirement; two or three sentences are all that is needed to explain the value of the requirement in sufficient detail for the developer to specify test cases and estimate resources for implementing the requirement. Once the stories are written, the prospective users prioritize requirements, splitting and merging them until consensus is reached on what is needed, what is testable, and what can be done with the resources available. The planners then generate a map of each release, documenting what the release includes and when it will be delivered.
- Small releases: The system is designed so that functionality can be delivered as soon as possible. Functions are decomposed into small parts, so that some functionality

- can be delivered early and then improved or expanded on in later releases. The small releases require a phased-development approach, with incremental or iterative cycles.
- Metaphor: The development team agrees on a common vision of how the system will operate. To support its vision, the team chooses common names and agrees on a common way of addressing key issues.
- Simple design: Design is kept simple by addressing only current needs.This approach reflects the philosophy that anticipating future needs can lead to unnecessary functionality. If a particular portion of a system is very complex, the team may build a spike-a quick and narrow implementation-to help it decide how to proceed.
- Writing tests first: To ensure that the customer's needs are the driving force behind development, test cases are written first, as a way of forcing customers to specify requirements that can be tested and verified once the software is built.Two kinds of tests are used in XP: functional tests that are specified by the customer and executed by both developers and users, and unit tests that are written and run by developers. In XP , functional tests are automated and, ideally, run daily.The functional tests are considered to be part of the system specification. Unit tests are written both before and after coding, to verify that each modular portion


[2]
ical systems, where a system's correctness and safety are more important than its release date.

However, for problems where the requirements are uncertain, it can be cumbersome to employ a heavy process and have to update the models with every change to the requirements.As an alternative approach, agile methods gather and implement the requirements in increments.The initial release implements the most essential requirements, as defined by the stakeholders' business goals.As new requirements emerge with use of the system or with better understanding of the problem, they are implemented in subsequent releases of the system. This incremental development allows for 'early and continuous delivery of valuable software' (Beck et al. 2004) and accommodates emergent and late-breaking requirements.

Extreme programming (XP) takes agile requirements processes to the extreme, in that the system is built to the requirements that happen to be defined at the time, with no planning or designing for possible future requirements. Moreover, XP forgoes traditional requirements documentation, and instead encodes the requirements as test cases that the eventual implementation must pass.Berry (2002a) points out that the trade-off for agile methods' flexibility is the difficulty of making changes to the system as requirements are added, deleted, or changed. But there can be additional problems: XP uses test cases to specify requirements, so a poorly written test case can lead to the kinds of misunderstandings described in this chapter.

assumptions  with  which  we  may  not  be  familiar. Likewise, we  as  developers  know about computer solutions, but not always about how possible solutions will affect our customers' business activities.We, too, have our jargon and assumptions, and sometimes we think everyone is speaking the same language, when in fact people have different meanings for the same words. It is only by discussing the requirements with everyone who has a stake in the system, coalescing these different views into a coherent set of requirements, and reviewing these documents with the stakeholders that we all
",0.483,5.013
